residential_definition,allocation_rule,complete_Census_population,common_Census_population,excluded_Census_population,common_population_share_pct,common_blocks,initial_90pct_coverage_gate_met,reallocated_Census_units,support_deficit_units,support_deficit_share_pct
strict,Area_uniform,523953.0,466999.0,56954.0,89.12994104433031,4879,False,466999.00000000006,1024.1886222367107,0.21931280842929227
strict,GHSL_100m,523953.0,466999.0,56954.0,89.12994104433031,4879,False,466999.0,432.7734406912246,0.09267117075009253
strict,CA_POP_100m,523953.0,466999.0,56954.0,89.12994104433031,4879,False,466999.0,267.15054243809925,0.057205806101961514
strict,Municipal_residential_uniform,523953.0,466999.0,56954.0,89.12994104433031,4879,False,466998.99999999994,414.9769663088752,0.08886035437096765
strict,GHSL_restricted_to_municipal_residential,523953.0,466999.0,56954.0,89.12994104433031,4879,False,466999.00000000006,237.06084311442362,0.05076260187161506
strict,CA_POP_restricted_to_municipal_residential,523953.0,466999.0,56954.0,89.12994104433031,4879,False,466999.0,193.16985806011542,0.04136408387600732
broader_mixed_use,Area_uniform,523953.0,467490.0,56463.0,89.22365173975528,4885,False,467490.00000000006,1024.1886222389958,0.21908246641404003
broader_mixed_use,GHSL_100m,523953.0,467490.0,56463.0,89.22365173975528,4885,False,467489.99999999994,432.7734406934456,0.09257383916093298
broader_mixed_use,CA_POP_100m,523953.0,467490.0,56463.0,89.22365173975528,4885,False,467490.0,267.1505424399993,0.057145723425099854
broader_mixed_use,Municipal_residential_uniform,523953.0,467490.0,56463.0,89.22365173975528,4885,False,467490.00000000006,414.9769663121853,0.08876702524378817
broader_mixed_use,GHSL_restricted_to_municipal_residential,523953.0,467490.0,56463.0,89.22365173975528,4885,False,467490.00000000006,237.06084311744098,0.050709286426969764
broader_mixed_use,CA_POP_restricted_to_municipal_residential,523953.0,467490.0,56463.0,89.22365173975528,4885,False,467490.0,193.16985806302736,0.04132063959935557
