size,sx,sy,method,recalculated,retained,difference
250,0.0,0.0,area_uniform,3409852.1421635705,3409852.1421635705,0.0
250,0.0,0.0,cell_center,3259442.5240221904,3259442.5240221904,0.0
250,125.0,0.0,area_uniform,3423093.198965392,3423093.198965392,0.0
250,125.0,0.0,cell_center,3267523.2463403563,3267523.2463403563,0.0
250,0.0,125.0,area_uniform,3428172.8612852604,3428172.8612852604,0.0
250,0.0,125.0,cell_center,3270098.4903628826,3270098.4903628826,0.0
250,125.0,125.0,area_uniform,3441222.578113721,3441222.578113721,0.0
250,125.0,125.0,cell_center,3275738.9023794914,3275738.902379492,-4.656612873077393e-10
500,0.0,0.0,area_uniform,3992307.1068761228,3992307.1068761223,4.656612873077393e-10
500,0.0,0.0,cell_center,3679198.701158591,3679198.701158591,0.0
500,250.0,0.0,area_uniform,3982144.7734387554,3982144.7734387554,0.0
500,250.0,0.0,cell_center,3665944.0043210285,3665944.004321029,-4.656612873077393e-10
500,0.0,250.0,area_uniform,3988314.755946015,3988314.755946015,0.0
500,0.0,250.0,cell_center,3692925.9823237555,3692925.982323756,-4.656612873077393e-10
500,250.0,250.0,area_uniform,3983121.0258556465,3983121.0258556474,-9.313225746154785e-10
500,250.0,250.0,cell_center,3704394.5107617523,3704394.510761752,4.656612873077393e-10
1000,0.0,0.0,area_uniform,4765645.318373841,4765645.318373841,0.0
1000,0.0,0.0,cell_center,4427967.98933806,4427967.98933806,0.0
1000,500.0,0.0,area_uniform,4763127.295318163,4763127.295318163,0.0
1000,500.0,0.0,cell_center,4530215.148307779,4530215.148307779,0.0
1000,0.0,500.0,area_uniform,4770383.215890208,4770383.215890208,0.0
1000,0.0,500.0,cell_center,4488395.852568845,4488395.852568845,0.0
1000,500.0,500.0,area_uniform,4766424.182643456,4766424.182643456,0.0
1000,500.0,500.0,cell_center,4495421.319021641,4495421.319021641,0.0
2000,0.0,0.0,area_uniform,5529759.798929998,5529759.798929998,0.0
2000,0.0,0.0,cell_center,5143243.573107823,5143243.573107823,0.0
2000,1000.0,0.0,area_uniform,5534780.007540334,5534780.007540334,0.0
2000,1000.0,0.0,cell_center,5617795.29845042,5617795.29845042,0.0
2000,0.0,1000.0,area_uniform,5550554.712107675,5550554.712107675,0.0
2000,0.0,1000.0,cell_center,5331891.878983261,5331891.878983261,0.0
2000,1000.0,1000.0,area_uniform,5545870.72609302,5545870.72609302,0.0
2000,1000.0,1000.0,cell_center,5198296.674273837,5198296.674273837,0.0
