size_m,shift_x,shift_y,method,subset,cells,population,reference_deficit,estimate,signed_error,error_pct_reference,error_pct_population,absolute_cell_error_sum,positive_cells,negative_cells
250,0.0,0.0,area_uniform,all,243177,22500616.064821877,3020288.5330583137,3409852.142163571,389563.6091052573,12.898224949084224,1.73134641284028,444119.38378686324,146776,54307
250,0.0,0.0,area_uniform,interior_complete,236735,22475405.07056381,3010532.1736237053,3399470.31800585,388938.1443821448,12.919248888610591,1.7305056045087246,443363.9378086333,145476,53361
250,0.0,0.0,area_uniform,boundary_partial,6442,25210.99425806123,9756.359434609365,10381.824157721208,625.4647231118433,6.410841331789109,2.4809204932957005,755.4459782298183,1300,946
250,0.0,0.0,area_uniform,center_outside,3071,6383.47827335016,2278.887052892982,2412.2673217169795,133.38026882399754,5.852868778848653,2.0894606844803634,166.24579012448777,559,363
250,0.0,0.0,cell_center,all,243177,22500616.064821877,3020288.5330583137,3259442.5240221904,239153.9909638767,7.918249807799382,1.062877524219335,696141.053829953,126572,71284
250,0.0,0.0,cell_center,interior_complete,236735,22475405.07056381,3010532.1736237053,3245412.098109451,234879.92448574584,7.8019403527259605,1.0450531314043796,691204.2706830095,124915,70753
250,0.0,0.0,cell_center,boundary_partial,6442,25210.99425806123,9756.359434609365,14030.42591273902,4274.066478129655,43.808005504266085,16.953184925513277,4936.783146943475,1657,531
250,0.0,0.0,cell_center,center_outside,3071,6383.47827335016,2278.887052892982,6383.47827335016,4104.591220457178,180.11385054149642,64.30023013617962,4104.591220457178,957,0
250,125.0,0.0,area_uniform,all,243412,22500616.064821873,3020288.533058314,3423093.198965392,402804.66590707796,13.336628653130763,1.7901939428975664,455829.43690005917,150754,54188
250,125.0,0.0,area_uniform,interior_complete,236689,22476053.10613157,3010084.8407581756,3412256.228693978,402171.38793580234,13.360799087460405,1.789332789154552,455070.1497908442,149367,53146
250,125.0,0.0,area_uniform,boundary_partial,6723,24562.958690301817,10203.692300138056,10836.970271414846,633.2779712767897,6.206360919646914,2.578182780264279,759.2871092150081,1387,1042
250,125.0,0.0,area_uniform,center_outside,3289,7142.985567620366,2163.064231450401,2277.436479715852,114.37224826545071,5.287510495643516,1.6011826873052608,139.78734365998287,593,435
250,125.0,0.0,cell_center,all,243412,22500616.064821873,3020288.533058314,3267523.2463403554,247234.71328204125,8.185797832755199,1.098790862302545,714033.5810916563,129595,72144
250,125.0,0.0,cell_center,interior_complete,236689,22476053.10613157,3010084.8407581756,3252103.8847535467,242019.0439953711,8.040273174971762,1.0767862260004502,708090.8954202787,127784,71603
250,125.0,0.0,cell_center,boundary_partial,6723,24562.958690301817,10203.692300138056,15419.361586808125,5215.669286670069,51.115509300486266,21.233880463795142,5942.6856713773395,1811,541
250,125.0,0.0,cell_center,center_outside,3289,7142.985567620366,2163.064231450401,7142.985567620366,4979.921336169965,230.2253101763314,69.71764522028832,4979.921336169966,1034,0
250,0.0,125.0,area_uniform,all,243504,22500616.064821877,3020288.5330583137,3428172.86128526,407884.3282269463,13.504813323710062,1.8127696017383481,459330.5163928171,150922,54091
250,0.0,125.0,area_uniform,interior_complete,236787,22474200.909880605,3010647.6597718443,3417837.371816893,407189.71204504883,13.524987247292394,1.8118095218505905,458534.86052149674,149558,53066
250,0.0,125.0,area_uniform,boundary_partial,6717,26415.154941272733,9640.8732864703,10335.489468365784,694.6161818954843,7.204909360963047,2.629612370019346,795.6558713203908,1364,1025
250,0.0,125.0,area_uniform,center_outside,3475,5246.566943027312,2443.465978798941,2580.4881225263925,137.02214372745175,5.607695990709209,2.6116533957420325,168.0842426928602,618,467
250,0.0,125.0,cell_center,all,243504,22500616.064821877,3020288.5330583137,3270098.4903628817,249809.95730456803,8.271062667367511,1.11023607791401,712676.3538548014,129653,72168
250,0.0,125.0,cell_center,interior_complete,236787,22474200.909880605,3010647.6597718443,3257448.984065666,246801.32429382158,8.197615668933008,1.098153946756422,708959.3377118314,127858,71675
250,0.0,125.0,cell_center,boundary_partial,6717,26415.154941272733,9640.8732864703,12649.50629721593,3008.6330107456306,31.20705895977133,11.38979883871417,3717.0161429697223,1795,493
250,0.0,125.0,cell_center,center_outside,3475,5246.566943027312,2443.465978798941,5246.566943027312,2803.100964228371,114.71823174743791,53.42733628804056,2803.1009642283716,1079,0
250,125.0,125.0,area_uniform,all,243743,22500616.06482188,3020288.5330583137,3441222.5781137217,420934.04505540803,13.936881872314844,1.8707667551979104,471170.11261754035,154569,53952
250,125.0,125.0,area_uniform,interior_complete,236759,22474703.17982544,3010240.8752852916,3430495.1204637885,420254.24517849693,13.960817841152592,1.8698989784912523,470384.5898586446,153114,52838
250,125.0,125.0,area_uniform,boundary_partial,6984,25912.88499643353,10047.657773021494,10727.457649933074,679.7998769115802,6.7657546889871165,2.6234048312457032,785.522758895745,1455,1114
250,125.0,125.0,area_uniform,center_outside,3679,6166.688985140504,2344.824500010336,2465.83521371046,121.01071370012369,5.160757817891713,1.9623287957559699,157.45589507261536,671,523
250,125.0,125.0,cell_center,all,243743,22500616.06482188,3020288.5330583137,3275738.9023794923,255450.36932117864,8.457813434881077,1.1353038893924208,731294.214519577,132336,72985
250,125.0,125.0,cell_center,interior_complete,236759,22474703.17982544,3010240.8752852916,3261587.1133802636,251346.23809497198,8.349705173382546,1.1183517579026119,726517.8883456026,130402,72458
250,125.0,125.0,cell_center,boundary_partial,6984,25912.88499643353,10047.657773021494,14151.788999229513,4104.131226208019,40.84664624254853,15.838187167399088,4776.326173974574,1934,527
250,125.0,125.0,cell_center,center_outside,3679,6166.688985140504,2344.824500010336,6166.688985140504,3821.864485130168,162.9914940377551,61.9759565358247,3821.864485130168,1169,0
500,0.0,0.0,area_uniform,all,61549,22500616.064821877,3020288.5330583146,3992307.1068761223,972018.5738178077,32.18297070556869,4.319964266833965,1006330.1409741015,46221,10944
500,0.0,0.0,area_uniform,interior_complete,58347,22456198.07096567,2999066.780071421,3968070.176717803,969003.3966463818,32.31016405120881,4.315082159429458,1003131.6468822629,45230,10213
500,0.0,0.0,area_uniform,boundary_partial,3202,44417.993856208326,21221.752986892854,24236.930158319534,3015.1771714266797,14.207955267827955,6.788188546262422,3198.4940918387133,991,731
500,0.0,0.0,area_uniform,center_outside,1569,15924.485097254701,5218.910401125672,6025.941265974097,807.0308648484252,15.463589194295341,5.067861597531672,895.5808934573911,422,305
500,0.0,0.0,cell_center,all,61549,22500616.064821877,3020288.5330583146,3679198.7011585906,658910.168100276,21.816133157088473,2.92840945422128,1403656.58595951,38304,18294
500,0.0,0.0,cell_center,interior_complete,58347,22456198.07096567,2999066.780071421,3645307.498987146,646240.7189157251,21.54806032362958,2.8777833045179193,1389769.1826269568,36994,17974
500,0.0,0.0,cell_center,boundary_partial,3202,44417.993856208326,21221.752986892854,33891.202171444136,12669.449184551282,59.70029522243655,28.523235933539276,13887.403332553118,1310,320
500,0.0,0.0,cell_center,center_outside,1569,15924.485097254701,5218.910401125672,15924.485097254701,10705.574696129028,205.13045584802396,67.22713249908854,10705.574696129032,702,0
500,250.0,0.0,area_uniform,all,61487,22500616.064821877,3020288.5330583137,3982144.773438755,961856.2403804413,31.846501744867247,4.274799577084627,997280.8120727793,46229,10871
500,250.0,0.0,area_uniform,interior_complete,58278,22450411.6745698,2997661.788244556,3955490.051258404,957828.2630138476,31.95251268071693,4.266417368634741,993068.6483177209,45210,10155
500,250.0,0.0,area_uniform,boundary_partial,3209,50204.390252077865,22626.744813757658,26654.722180350982,4027.9773665933244,17.801842022561758,8.023157628981687,4212.163755058578,1019,716
500,250.0,0.0,area_uniform,center_outside,1455,13309.241003228544,4961.90144649964,5567.108988705551,605.2075422059115,12.197089134707696,4.547273146974352,683.1352079554309,354,278
500,250.0,0.0,cell_center,all,61487,22500616.064821877,3020288.5330583137,3665944.0043210294,645655.4712627158,21.377277839376873,2.8695013034427643,1406849.792581761,37980,18546
500,250.0,0.0,cell_center,interior_complete,58278,22450411.6745698,2997661.788244556,3631684.211930411,634022.4236858548,21.15056562325335,2.8241015482314267,1393818.1110315614,36710,18172
500,250.0,0.0,cell_center,boundary_partial,3209,50204.390252077865,22626.744813757658,34259.79239061848,11633.047576860823,51.41281997305959,23.171375089809708,13031.681550199148,1270,374
500,250.0,0.0,cell_center,center_outside,1455,13309.241003228544,4961.90144649964,13309.241003228544,8347.339556728904,168.2286447389541,62.718374058325445,8347.339556728904,591,0
500,0.0,250.0,area_uniform,all,61529,22500616.064821877,3020288.533058314,3988314.755946014,968026.2228877,32.05078628390137,4.30222097074551,1003200.6240350631,46196,10936
500,0.0,250.0,area_uniform,interior_complete,58319,22444176.763223857,2996989.2759753065,3960769.5535864723,963780.2776111658,32.15828249160231,4.2941217571872725,998740.1256020558,45175,10229
500,0.0,250.0,area_uniform,boundary_partial,3210,56439.301598020844,23299.25708300765,27545.202359542203,4245.945276534552,18.22352215526716,7.523029442808421,4460.498433007224,1021,707
500,0.0,250.0,area_uniform,center_outside,1536,10762.617288241177,4399.511707156809,5087.199585831709,687.6878786748994,15.63100463072341,6.38959706786416,718.0982371674133,409,283
500,0.0,250.0,cell_center,all,61529,22500616.064821877,3020288.533058314,3692925.982323755,672637.4492654409,22.270635467543727,2.98941792228108,1419876.45872684,38324,18230
500,0.0,250.0,cell_center,interior_complete,58319,22444176.763223857,2996989.2759753065,3660853.155208618,663863.8792333114,22.151026183344317,2.9578446393324285,1408739.374834203,37047,17879
500,0.0,250.0,cell_center,boundary_partial,3210,56439.301598020844,23299.25708300765,32072.82711513643,8773.57003212878,37.656007660979974,15.54514280601311,11137.083892636812,1277,351
500,0.0,250.0,cell_center,center_outside,1536,10762.617288241177,4399.511707156809,10762.617288241177,6363.105581084368,144.6320865730014,59.12228792188359,6363.105581084366,655,0
500,250.0,250.0,area_uniform,all,61478,22500616.06482188,3020288.533058314,3983121.0258556465,962832.4927973324,31.87882489565915,4.279138357916576,997487.8553632718,46165,10916
500,250.0,250.0,area_uniform,interior_complete,58263,22438381.366583027,2995696.7814826984,3953727.1561941067,958030.3747114083,31.98021844644898,4.269605543553963,992512.6175820914,45136,10190
500,250.0,250.0,area_uniform,boundary_partial,3215,62234.69823884872,24591.75157561567,29393.869661539233,4802.118085923561,19.527352783952058,7.71614263717268,4975.237781180219,1029,726
500,250.0,250.0,area_uniform,center_outside,1419,8316.319999495425,4148.811625749362,4627.74559042787,478.93396467850835,11.54388311356515,5.7589650795973055,517.906389465633,323,274
500,250.0,250.0,cell_center,all,61478,22500616.06482188,3020288.533058314,3704394.5107617523,684105.9777034381,22.65035178644734,3.0403877641954407,1423925.992890143,38366,18166
500,250.0,250.0,cell_center,interior_complete,58263,22438381.366583027,2995696.7814826984,3672935.811638711,677239.0301560126,22.60706204787582,3.0182169519794746,1414300.8705377663,37114,17757
500,250.0,250.0,cell_center,boundary_partial,3215,62234.69823884872,24591.75157561567,31458.69912304028,6866.9475474246065,27.923783819586212,11.033953311816745,9625.122352376666,1252,409
500,250.0,250.0,cell_center,center_outside,1419,8316.319999495425,4148.811625749362,8316.319999495425,4167.508373746063,100.45065309498895,50.11240998421078,4167.508373746063,560,0
1000,0.0,0.0,area_uniform,all,15690,22500616.064821877,3020288.533058314,4765645.318373841,1745356.785315527,57.78774995209468,7.756928878246445,1758922.919625495,13901,1458
1000,0.0,0.0,area_uniform,interior_complete,14120,22385852.102380466,2959739.747562744,4684864.315453371,1725124.5678906268,58.28636012038607,7.7063162929910565,1738496.8120960675,12998,1072
1000,0.0,0.0,area_uniform,boundary_partial,1570,114763.96244141331,60548.785495569755,80781.00292047103,20232.217424901275,33.4147369915151,17.629416930623815,20426.10752942785,903,386
1000,0.0,0.0,area_uniform,center_outside,680,28892.79274209849,11637.247119810794,15181.38336267758,3544.1362428667853,30.45510855254922,12.266506303154182,3592.165259879947,308,160
1000,0.0,0.0,cell_center,all,15690,22500616.064821877,3020288.533058314,4427967.98933806,1407679.4562797458,46.60744961523075,6.256181840641035,2454124.196687149,11091,4221
1000,0.0,0.0,cell_center,interior_complete,14120,22385852.102380466,2959739.747562744,4333236.090488921,1373496.3429261767,46.40598363613589,6.1355553348810075,2416883.4139453107,10052,4010
1000,0.0,0.0,cell_center,boundary_partial,1570,114763.96244141331,60548.785495569755,94731.8988491389,34183.11335356915,56.455489691152046,29.785581315231717,37240.782741838426,1039,211
1000,0.0,0.0,cell_center,center_outside,680,28892.79274209849,11637.247119810794,28892.79274209849,17255.545622287696,148.27858723488418,59.722664320868354,17255.545622287693,443,0
1000,500.0,0.0,area_uniform,all,15683,22500616.064821877,3020288.533058314,4763127.295318164,1742838.7622598498,57.704379670477,7.745737971080068,1755797.8576049043,13866,1475
1000,500.0,0.0,area_uniform,interior_complete,14107,22362615.986230813,2949749.0974024152,4667685.15461767,1717936.0572152548,58.24007400250042,7.682178410043925,1730688.2967815741,12981,1077
1000,500.0,0.0,area_uniform,boundary_partial,1576,138000.07859106245,70539.43565589855,95442.14070049323,24902.70504459468,35.30323827096326,18.045428161232582,25109.560823330336,885,398
1000,500.0,0.0,area_uniform,center_outside,664,19144.203800333657,9008.132573894189,10818.175553435127,1810.0429795409382,20.093431848311063,9.454783277586042,1907.795113235516,259,182
1000,500.0,0.0,cell_center,all,15683,22500616.064821877,3020288.533058314,4530215.148307779,1509926.6152494648,49.99279369247971,6.710601215982385,2542955.4974961923,11104,4181
1000,500.0,0.0,cell_center,interior_complete,14107,22362615.986230813,2949749.0974024152,4423067.033682861,1473317.9362804461,49.94722898899665,6.588307634435982,2501602.800108872,10065,3983
1000,500.0,0.0,cell_center,boundary_partial,1576,138000.07859106245,70539.43565589855,107148.11462491765,36608.67896901911,51.89817387766111,26.52801313070416,41352.69738732056,1039,198
1000,500.0,0.0,cell_center,center_outside,664,19144.203800333657,9008.132573894189,19144.203800333657,10136.071226439468,112.52133717274629,52.94590118322294,10136.07122643947,410,0
1000,0.0,500.0,area_uniform,all,15689,22500616.064821877,3020288.5330583137,4770383.215890208,1750094.6828318946,57.94461898843044,7.777985623993843,1764994.68040901,13898,1471
1000,0.0,500.0,area_uniform,interior_complete,14123,22367568.70851673,2954580.6337948344,4684909.471660396,1730328.8378655617,58.56427873634115,7.735882519975081,1744979.3271629252,13000,1085
1000,0.0,500.0,area_uniform,boundary_partial,1566,133047.35630514636,65707.89926347989,85473.74422981156,19765.84496633167,30.081383194238605,14.856247816753587,20015.353246084618,898,386
1000,0.0,500.0,area_uniform,center_outside,678,20086.158459860988,9275.660404173797,11756.037618515595,2480.3772143417973,26.740707467316227,12.348688870987646,2542.940764280214,293,168
1000,0.0,500.0,cell_center,all,15689,22500616.064821877,3020288.5330583137,4488395.852568845,1468107.3195105316,48.60818108738575,6.524742768291637,2500721.4560802164,11230,4088
1000,0.0,500.0,cell_center,interior_complete,14123,22367568.70851673,2954580.6337948344,4394844.5661120545,1440263.9323172201,48.74681421259299,6.439072351072388,2466417.9595094817,10187,3883
1000,0.0,500.0,cell_center,boundary_partial,1566,133047.35630514636,65707.89926347989,93551.28645679113,27843.38719331124,42.37448998584322,20.927426118450608,34303.49657073462,1043,205
1000,0.0,500.0,cell_center,center_outside,678,20086.158459860988,9275.660404173797,20086.158459860988,10810.49805568719,116.5469366560979,53.820635126872375,10810.498055687189,442,0
1000,500.0,500.0,area_uniform,all,15683,22500616.06482188,3020288.5330583137,4766424.182643456,1746135.6495851427,57.81353769591753,7.760390402443701,1762236.6133591137,13879,1455
1000,500.0,500.0,area_uniform,interior_complete,14111,22337232.332578976,2943537.1538206534,4664361.514824717,1720824.3610040639,58.461105502625216,7.703838753981316,1736700.6829184522,12987,1081
1000,500.0,500.0,area_uniform,boundary_partial,1572,163383.73224290233,76751.37923766054,102062.66781873837,25311.288581077824,32.97828499303114,15.491927031907665,25535.9304406612,892,374
1000,500.0,500.0,area_uniform,center_outside,664,11500.796062155727,7369.0253628386545,8437.528278281396,1068.5029154427411,14.499921805549851,9.290686572199414,1127.1795037642655,247,175
1000,500.0,500.0,cell_center,all,15683,22500616.06482188,3020288.5330583137,4495421.31902164,1475132.7859633267,48.840790203233404,6.555966208719024,2514443.5025275038,11105,4193
1000,500.0,500.0,cell_center,interior_complete,14111,22337232.332578976,2943537.1538206534,4389419.508485789,1445882.354665136,49.12057429913562,6.472970031100535,2476347.3126694798,10100,3961
1000,500.0,500.0,cell_center,boundary_partial,1572,163383.73224290233,76751.37923766054,106001.8105358514,29250.43129819086,38.11062626981196,17.90290312055321,38096.18985802369,1005,232
1000,500.0,500.0,cell_center,center_outside,664,11500.796062155727,7369.0253628386545,11500.796062155727,4131.770699317072,56.069432467327736,35.925953968638645,4131.770699317072,401,0
2000,0.0,0.0,area_uniform,all,4025,22500616.064821877,3020288.5330583137,5529759.798929998,2509471.265871684,83.08713682168037,11.15290025234049,2511784.621642274,3899,99
2000,0.0,0.0,area_uniform,interior_complete,3290,22053642.915537603,2813847.948729777,5203284.353763349,2389436.4050335726,84.9170405995892,10.834656270552593,2391654.297316022,3258,32
2000,0.0,0.0,area_uniform,boundary_partial,735,446973.14928427216,206440.5843285371,326475.4451666478,120034.86083811068,58.144991804074145,26.85504957743429,120130.32432625147,641,67
2000,0.0,0.0,area_uniform,center_outside,277,42556.462900752216,24291.994418335205,33895.89683012098,9603.902411785777,39.53525695089452,22.5674357245889,9644.314534498091,204,46
2000,0.0,0.0,cell_center,all,4025,22500616.064821877,3020288.5330583137,5143243.573107824,2122955.04004951,70.2898089640405,9.435097394371349,3283378.899838895,3109,883
2000,0.0,0.0,cell_center,interior_complete,3290,22053642.915537603,2813847.948729777,4797921.591848486,1984073.6431187093,70.51104676833576,8.996580069412733,3126803.1414974765,2450,840
2000,0.0,0.0,cell_center,boundary_partial,735,446973.14928427216,206440.5843285371,345321.98125933757,138881.39693080046,67.27427040691742,31.0715301698073,156575.75834141852,659,43
2000,0.0,0.0,cell_center,center_outside,277,42556.462900752216,24291.994418335205,42556.462900752216,18264.46848241701,75.18719199371824,42.91820146099166,18264.46848241701,245,0
2000,1000.0,0.0,area_uniform,all,4026,22500616.06482188,3020288.5330583146,5534780.007540335,2514491.4744820204,83.25335301445094,11.175211679707072,2520413.027647656,3895,102
2000,1000.0,0.0,area_uniform,interior_complete,3278,22059827.907436643,2808958.3957116166,5206923.318968251,2397964.9232566347,85.3684741973239,10.870279375335702,2403712.793471708,3242,36
2000,1000.0,0.0,area_uniform,boundary_partial,748,440788.15738523693,211330.13734669794,327856.68857208436,116526.55122538641,55.13958051057271,26.435953251698947,116700.2341759482,653,66
2000,1000.0,0.0,area_uniform,center_outside,262,52496.270383411946,22172.872374591483,33398.902185847066,11226.029811255583,50.62956941979157,21.38443308308402,11280.536595006519,191,42
2000,1000.0,0.0,cell_center,all,4026,22500616.06482188,3020288.5330583146,5617795.298450419,2597506.765392104,86.00194110467632,11.54415842619137,3676465.0947070178,3124,867
2000,1000.0,0.0,cell_center,interior_complete,3278,22059827.907436643,2808958.3957116166,5257221.920765767,2448263.5250541503,87.1591237802549,11.098289321780294,3504739.83981378,2479,799
2000,1000.0,0.0,cell_center,boundary_partial,748,440788.15738523693,211330.13734669794,360573.3776846527,149243.24033795475,70.62089781028891,33.858269065863354,171725.2548932379,645,68
2000,1000.0,0.0,cell_center,center_outside,262,52496.270383411946,22172.872374591483,52496.270383411946,30323.398008820463,136.7589976460104,57.76295684883971,30323.39800882046,227,0
2000,0.0,1000.0,area_uniform,all,4020,22500616.064821877,3020288.5330583137,5550554.712107675,2530266.1790493615,83.77564432518768,11.245319558184248,2535870.1232094853,3903,86
2000,0.0,1000.0,area_uniform,interior_complete,3298,22070679.681468472,2829286.0291587124,5242536.200575082,2413250.1714163693,85.2953765206252,10.934190547120496,2418796.282173161,3264,34
2000,0.0,1000.0,area_uniform,boundary_partial,722,429936.3833534046,191002.5038996021,308018.5115325933,117016.00763299118,61.264122325066,27.217051676411597,117073.84103632478,639,52
2000,0.0,1000.0,area_uniform,center_outside,262,36517.918686942954,20307.793454508253,27434.966715999508,7127.173261491254,35.09575413723272,19.51692078234346,7161.749944378285,194,37
2000,0.0,1000.0,cell_center,all,4020,22500616.064821877,3020288.5330583137,5331891.878983262,2311603.3459249483,76.53584485798257,10.273511353046803,3431714.3266715733,3125,859
2000,0.0,1000.0,cell_center,interior_complete,3298,22070679.681468472,2829286.0291587124,4989787.37774488,2160501.348586167,76.36206895732602,9.78901139324776,3267711.6314184573,2487,811
2000,0.0,1000.0,cell_center,boundary_partial,722,429936.3833534046,191002.5038996021,342104.50123838225,151101.99733878014,79.1099562852877,35.145198961813705,164002.6952531166,638,48
2000,0.0,1000.0,cell_center,center_outside,262,36517.918686942954,20307.793454508253,36517.918686942954,16210.1252324347,79.82218880031063,44.38951017827492,16210.125232434704,226,0
2000,1000.0,1000.0,area_uniform,all,4020,22500616.064821877,3020288.5330583146,5545870.726093021,2525582.1930347066,83.62056026737707,11.224502412550722,2532552.8215269935,3878,113
2000,1000.0,1000.0,area_uniform,interior_complete,3272,22035841.86610127,2805260.128650316,5205531.771936437,2400271.643286121,85.56324665837512,10.892579724755457,2407101.759841636,3229,43
2000,1000.0,1000.0,area_uniform,boundary_partial,748,464774.198720608,215028.40440799773,340338.95415658463,125310.5497485869,58.2762775427664,26.96159771638172,125451.06168535781,649,70
2000,1000.0,1000.0,area_uniform,center_outside,271,41502.28720503941,22194.85676859932,30439.616740376623,8244.759971777305,37.14716457842507,19.865796627170432,8294.18577298355,191,51
2000,1000.0,1000.0,cell_center,all,4020,22500616.064821877,3020288.5330583146,5198296.674273837,2178008.141215523,72.11258518437288,9.67977114466961,3380222.8208654774,3092,896
2000,1000.0,1000.0,cell_center,interior_complete,3272,22035841.86610127,2805260.128650316,4828873.34828111,2023613.2196307937,72.13638403667066,9.183280729309503,3201892.388855027,2439,833
2000,1000.0,1000.0,cell_center,boundary_partial,748,464774.198720608,215028.40440799773,369423.325992727,154394.92158472928,71.80210540546928,33.21934006012701,178330.43201045095,653,63
2000,1000.0,1000.0,cell_center,center_outside,271,41502.28720503941,22194.85676859932,41502.28720503941,19307.43043644009,86.99056109141338,46.52136481310767,19307.430436440092,239,0
