mechanism,method,reference_mean,estimate_mean,relative_error_mean,local_absolute_fraction_mean,region
density_negative,area_uniform,1181.2827915475248,44589.06660202632,43.34717037726065,0.07278763066693456,dwr/masking
density_negative,building_weighted,1181.2827915475248,26404.393864898877,25.19153640897209,0.042319296464937255,dwr/masking
density_negative,cell_center,1181.2827915475248,42541.33858709227,41.32684999876953,0.0706095473349429,dwr/masking
density_positive,area_uniform,439016.4804068232,342773.82362818636,-0.21928277179342037,0.1614396734243123,dwr/masking
density_positive,building_weighted,439016.4804068232,375749.8674431312,-0.144162439933824,0.10635690450361533,dwr/masking
density_positive,cell_center,439016.4804068232,347012.12244328373,-0.2096006611081602,0.2393922801847763,dwr/masking
random,area_uniform,179124.9201240571,178999.5917617479,-0.000659958640693188,0.030588077856745347,dwr/masking
random,building_weighted,179124.9201240571,179095.96116948643,-0.00012973665543139327,0.02560770356037895,dwr/masking
random,cell_center,179124.9201240571,183393.95657710716,0.023942150934652632,0.4191318829662225,dwr/masking
spatial,area_uniform,174959.43214489784,174944.64042240393,0.00063532553295585,0.027530497825063373,dwr/masking
spatial,building_weighted,174959.43214489784,175088.91975468502,0.001205976695171159,0.021340729528812327,dwr/masking
spatial,cell_center,174959.43214489784,178348.65256722338,0.020199196973240352,0.093672358497588,dwr/masking
