region,replicate,mechanism,fraction,method,reference,estimate,difference
dwr/masking,0,random,0.1,area_uniform,59254.7788196364,58675.495860622206,0.0
dwr/masking,0,random,0.1,building_weighted,59254.7788196364,58609.930982174075,-7.275957614183426e-12
dwr/masking,0,random,0.1,cell_center,59254.7788196364,61693.81826943676,0.0
dwr/masking,0,random,0.3,area_uniform,178377.02765507658,176911.8363436826,0.0
dwr/masking,0,random,0.3,building_weighted,178377.02765507658,176732.42561586297,2.9103830456733704e-11
dwr/masking,0,random,0.3,cell_center,178377.02765507658,183412.51778111976,0.0
dwr/masking,0,random,0.5,area_uniform,298494.03838105884,296747.010215155,-5.820766091346741e-11
dwr/masking,0,random,0.5,building_weighted,298494.03838105884,296959.40614600474,5.820766091346741e-11
dwr/masking,0,random,0.5,cell_center,298494.03838105884,304745.91985284636,-5.820766091346741e-11
dwr/masking,0,spatial,0.1,area_uniform,67388.62741632528,64211.322455611524,7.275957614183426e-12
dwr/masking,0,spatial,0.1,building_weighted,67388.62741632528,65657.93424059145,0.0
dwr/masking,0,spatial,0.1,cell_center,67388.62741632528,63750.184505442274,0.0
dwr/masking,0,spatial,0.3,area_uniform,181633.14327207702,181830.3051886277,0.0
dwr/masking,0,spatial,0.3,building_weighted,181633.14327207702,184435.3014231601,0.0
dwr/masking,0,spatial,0.3,cell_center,181633.14327207702,183007.5665001733,0.0
dwr/masking,0,spatial,0.5,area_uniform,286809.434279597,289025.3082243212,-5.820766091346741e-11
dwr/masking,0,spatial,0.5,building_weighted,286809.434279597,289564.6370054935,0.0
dwr/masking,0,spatial,0.5,cell_center,286809.434279597,297569.23640964314,0.0
dwr/masking,0,density_positive,0.1,area_uniform,199353.22961562374,139756.98417392996,0.0
dwr/masking,0,density_positive,0.1,building_weighted,199353.22961562374,158685.7706195857,0.0
dwr/masking,0,density_positive,0.1,cell_center,199353.22961562374,147241.4190869502,0.0
dwr/masking,0,density_positive,0.3,area_uniform,443382.29504982155,346581.22533284826,0.0
dwr/masking,0,density_positive,0.3,building_weighted,443382.29504982155,380104.7318441848,0.0
dwr/masking,0,density_positive,0.3,cell_center,443382.29504982155,344189.10934689647,5.820766091346741e-11
dwr/masking,0,density_positive,0.5,area_uniform,569725.640154469,490298.14060005243,5.820766091346741e-11
dwr/masking,0,density_positive,0.5,building_weighted,569725.640154469,520646.67129142245,5.820766091346741e-11
dwr/masking,0,density_positive,0.5,cell_center,569725.640154469,506075.65938887815,0.0
dwr/masking,0,density_negative,0.1,area_uniform,18.40872660928867,13977.293709819536,3.637978807091713e-12
dwr/masking,0,density_negative,0.1,building_weighted,18.40872660928867,8423.997386200514,1.8189894035458565e-12
dwr/masking,0,density_negative,0.1,cell_center,18.40872660928867,14887.995179628793,1.8189894035458565e-12
dwr/masking,0,density_negative,0.3,area_uniform,1777.9812582291715,47055.83308248181,-7.275957614183426e-12
dwr/masking,0,density_negative,0.3,building_weighted,1777.9812582291715,27073.1974202879,3.637978807091713e-12
dwr/masking,0,density_negative,0.3,cell_center,1777.9812582291715,44835.22326026742,7.275957614183426e-12
dwr/masking,0,density_negative,0.5,area_uniform,31249.31551779789,104714.87590155129,-1.4551915228366852e-11
dwr/masking,0,density_negative,0.5,building_weighted,31249.31551779789,76450.2729888294,-1.4551915228366852e-11
dwr/masking,0,density_negative,0.5,cell_center,31249.31551779789,91193.76399265627,-1.4551915228366852e-11
dwr/masking,1,random,0.1,area_uniform,59860.29956316047,59349.32797248979,0.0
dwr/masking,1,random,0.1,building_weighted,59860.29956316047,58907.45992954403,0.0
dwr/masking,1,random,0.1,cell_center,59860.29956316047,47478.55279086411,0.0
dwr/masking,1,random,0.3,area_uniform,181619.08646267367,179919.16262253,0.0
dwr/masking,1,random,0.3,building_weighted,181619.08646267367,180341.33715106972,2.9103830456733704e-11
dwr/masking,1,random,0.3,cell_center,181619.08646267367,178175.02604009717,5.820766091346741e-11
dwr/masking,1,random,0.5,area_uniform,300665.95500757033,298514.27740613313,-5.820766091346741e-11
dwr/masking,1,random,0.5,building_weighted,300665.95500757033,299200.38596271444,5.820766091346741e-11
dwr/masking,1,random,0.5,cell_center,300665.95500757033,296822.7235704992,0.0
dwr/masking,1,spatial,0.1,area_uniform,74365.64964562963,75159.52411320296,-1.4551915228366852e-11
dwr/masking,1,spatial,0.1,building_weighted,74365.64964562963,74205.40877391,0.0
dwr/masking,1,spatial,0.1,cell_center,74365.64964562963,83526.29986561908,-1.4551915228366852e-11
dwr/masking,1,spatial,0.3,area_uniform,217841.40088174993,215270.1261632818,0.0
dwr/masking,1,spatial,0.3,building_weighted,217841.40088174993,217193.1300898981,0.0
dwr/masking,1,spatial,0.3,cell_center,217841.40088174993,214532.15809238164,0.0
dwr/masking,1,spatial,0.5,area_uniform,335259.7440721615,333344.44200960663,5.820766091346741e-11
dwr/masking,1,spatial,0.5,building_weighted,335259.7440721615,332806.3945661596,0.0
dwr/masking,1,spatial,0.5,cell_center,335259.7440721615,340729.66945627006,0.0
dwr/masking,1,density_positive,0.1,area_uniform,203136.7540901978,141584.80917773792,0.0
dwr/masking,1,density_positive,0.1,building_weighted,203136.7540901978,158377.7689688361,0.0
dwr/masking,1,density_positive,0.1,cell_center,203136.7540901978,135280.91155677396,0.0
dwr/masking,1,density_positive,0.3,area_uniform,458194.11769210803,362283.59220611,0.0
dwr/masking,1,density_positive,0.3,building_weighted,458194.11769210803,394574.05983441294,5.820766091346741e-11
dwr/masking,1,density_positive,0.3,cell_center,458194.11769210803,366222.2481316796,-5.820766091346741e-11
dwr/masking,1,density_positive,0.5,area_uniform,576070.0787601777,503091.50126300013,5.820766091346741e-11
dwr/masking,1,density_positive,0.5,building_weighted,576070.0787601777,533175.2044423484,0.0
dwr/masking,1,density_positive,0.5,cell_center,576070.0787601777,507662.75017888413,-5.820766091346741e-11
dwr/masking,1,density_negative,0.1,area_uniform,21.1914574594638,18296.67416467712,0.0
dwr/masking,1,density_negative,0.1,building_weighted,21.1914574594638,12777.627826630407,-1.8189894035458565e-12
dwr/masking,1,density_negative,0.1,cell_center,21.1914574594638,20993.22742942368,0.0
dwr/masking,1,density_negative,0.3,area_uniform,919.2642818315603,47264.30115241729,0.0
dwr/masking,1,density_negative,0.3,building_weighted,919.2642818315603,28736.86768286988,3.637978807091713e-12
dwr/masking,1,density_negative,0.3,cell_center,919.2642818315603,43611.23862868886,0.0
dwr/masking,1,density_negative,0.5,area_uniform,29007.871581727537,112299.62160699526,0.0
dwr/masking,1,density_negative,0.5,building_weighted,29007.871581727537,80254.76635092734,-1.4551915228366852e-11
dwr/masking,1,density_negative,0.5,cell_center,29007.871581727537,101969.61058470179,-1.4551915228366852e-11
dwr/masking,49,random,0.1,area_uniform,58681.65059149877,58856.46848694947,0.0
dwr/masking,49,random,0.1,building_weighted,58681.65059149877,59240.04215317118,1.4551915228366852e-11
dwr/masking,49,random,0.1,cell_center,58681.65059149877,82006.99021854362,-1.4551915228366852e-11
dwr/masking,49,random,0.3,area_uniform,178425.9036962124,178835.54470659452,2.9103830456733704e-11
dwr/masking,49,random,0.3,building_weighted,178425.9036962124,179068.91559151345,-2.9103830456733704e-11
dwr/masking,49,random,0.3,cell_center,178425.9036962124,196868.30641097145,0.0
dwr/masking,49,random,0.5,area_uniform,301018.8646058934,300065.1454181884,0.0
dwr/masking,49,random,0.5,building_weighted,301018.8646058934,301685.2949035331,-5.820766091346741e-11
dwr/masking,49,random,0.5,cell_center,301018.8646058934,306913.5751525058,0.0
dwr/masking,49,spatial,0.1,area_uniform,44397.079142901974,44578.73046988979,7.275957614183426e-12
dwr/masking,49,spatial,0.1,building_weighted,44397.079142901974,45333.89037546169,0.0
dwr/masking,49,spatial,0.1,cell_center,44397.079142901974,45900.86291255157,7.275957614183426e-12
dwr/masking,49,spatial,0.3,area_uniform,160998.11264456666,161161.94605361548,0.0
dwr/masking,49,spatial,0.3,building_weighted,160998.11264456666,161844.01055610453,2.9103830456733704e-11
dwr/masking,49,spatial,0.3,cell_center,160998.11264456666,155867.66024586657,0.0
dwr/masking,49,spatial,0.5,area_uniform,281833.5139803287,279457.164849543,1.1641532182693481e-10
dwr/masking,49,spatial,0.5,building_weighted,281833.5139803287,280358.07604521484,-5.820766091346741e-11
dwr/masking,49,spatial,0.5,cell_center,281833.5139803287,259692.50080366747,0.0
dwr/masking,49,density_positive,0.1,area_uniform,182767.62146462902,127146.73593293197,1.4551915228366852e-11
dwr/masking,49,density_positive,0.1,building_weighted,182767.62146462902,143927.5540723558,2.9103830456733704e-11
dwr/masking,49,density_positive,0.1,cell_center,182767.62146462902,122146.11635510117,1.4551915228366852e-11
dwr/masking,49,density_positive,0.3,area_uniform,441446.3342985748,339095.80158672115,0.0
dwr/masking,49,density_positive,0.3,building_weighted,441446.3342985748,373992.86516952375,5.820766091346741e-11
dwr/masking,49,density_positive,0.3,cell_center,441446.3342985748,352680.00788003794,0.0
dwr/masking,49,density_positive,0.5,area_uniform,568357.7796712863,487609.66803770536,0.0
dwr/masking,49,density_positive,0.5,building_weighted,568357.7796712863,519072.0504261438,0.0
dwr/masking,49,density_positive,0.5,cell_center,568357.7796712863,496015.9570626547,5.820766091346741e-11
dwr/masking,49,density_negative,0.1,area_uniform,19.81223526194092,10532.365210725166,0.0
dwr/masking,49,density_negative,0.1,building_weighted,19.81223526194092,6041.4266742561595,-9.094947017729282e-13
dwr/masking,49,density_negative,0.1,cell_center,19.81223526194092,14696.085327845287,3.637978807091713e-12
dwr/masking,49,density_negative,0.3,area_uniform,994.4065589104162,43526.573277421005,-1.4551915228366852e-11
dwr/masking,49,density_negative,0.3,building_weighted,994.4065589104162,25332.74177464137,0.0
dwr/masking,49,density_negative,0.3,cell_center,994.4065589104162,43091.7278127643,7.275957614183426e-12
dwr/masking,49,density_negative,0.5,area_uniform,23327.101965185953,96452.39142890499,2.9103830456733704e-11
dwr/masking,49,density_negative,0.5,building_weighted,23327.101965185953,66427.67307451725,0.0
dwr/masking,49,density_negative,0.5,cell_center,23327.101965185953,95734.5390012936,0.0
dwr/masking,99,random,0.1,area_uniform,57910.39647931281,58690.048924489776,0.0
dwr/masking,99,random,0.1,building_weighted,57910.39647931281,58882.04619957484,0.0
dwr/masking,99,random,0.1,cell_center,57910.39647931281,37810.39933072776,0.0
dwr/masking,99,random,0.3,area_uniform,177797.37805987766,178658.36676717518,-2.9103830456733704e-11
dwr/masking,99,random,0.3,building_weighted,177797.37805987766,178565.35292902775,0.0
dwr/masking,99,random,0.3,cell_center,177797.37805987766,174565.67607325845,-2.9103830456733704e-11
dwr/masking,99,random,0.5,area_uniform,297205.66303031554,297968.9744917913,0.0
dwr/masking,99,random,0.5,building_weighted,297205.66303031554,297788.9220848102,0.0
dwr/masking,99,random,0.5,cell_center,297205.66303031554,283400.05079764547,0.0
dwr/masking,99,spatial,0.1,area_uniform,80823.45636427369,77427.7506943524,0.0
dwr/masking,99,spatial,0.1,building_weighted,80823.45636427369,78335.78984563018,0.0
dwr/masking,99,spatial,0.1,cell_center,80823.45636427369,75585.8094157042,0.0
dwr/masking,99,spatial,0.3,area_uniform,185412.38231062941,190639.35044204764,2.9103830456733704e-11
dwr/masking,99,spatial,0.3,building_weighted,185412.38231062941,188307.71764339233,-2.9103830456733704e-11
dwr/masking,99,spatial,0.3,cell_center,185412.38231062941,190148.25243239448,0.0
dwr/masking,99,spatial,0.5,area_uniform,316475.0373935961,317214.65745445376,-5.820766091346741e-11
dwr/masking,99,spatial,0.5,building_weighted,316475.0373935961,317168.5008179254,0.0
dwr/masking,99,spatial,0.5,cell_center,316475.0373935961,323984.3781206639,0.0
dwr/masking,99,density_positive,0.1,area_uniform,184428.81250081645,126274.60805327765,1.4551915228366852e-11
dwr/masking,99,density_positive,0.1,building_weighted,184428.81250081645,142133.7081378816,-5.820766091346741e-11
dwr/masking,99,density_positive,0.1,cell_center,184428.81250081645,126880.13260643484,0.0
dwr/masking,99,density_positive,0.3,area_uniform,445483.08553944645,349695.36396448885,-5.820766091346741e-11
dwr/masking,99,density_positive,0.3,building_weighted,445483.08553944645,380732.89371319197,5.820766091346741e-11
dwr/masking,99,density_positive,0.3,cell_center,445483.08553944645,357267.9632847288,-5.820766091346741e-11
dwr/masking,99,density_positive,0.5,area_uniform,571573.6185272485,499835.72199161036,5.820766091346741e-11
dwr/masking,99,density_positive,0.5,building_weighted,571573.6185272485,528360.5677656867,-1.1641532182693481e-10
dwr/masking,99,density_positive,0.5,cell_center,571573.6185272485,504004.3783125142,0.0
dwr/masking,99,density_negative,0.1,area_uniform,25.548746696961064,18641.039923968063,0.0
dwr/masking,99,density_negative,0.1,building_weighted,25.548746696961064,12156.38712336294,0.0
dwr/masking,99,density_negative,0.1,cell_center,25.548746696961064,20975.97397354505,1.0913936421275139e-11
dwr/masking,99,density_negative,0.3,area_uniform,2629.073943968667,49411.95568903409,7.275957614183426e-12
dwr/masking,99,density_negative,0.3,building_weighted,2629.073943968667,29831.198984448652,3.637978807091713e-12
dwr/masking,99,density_negative,0.3,cell_center,2629.073943968667,45939.41159194692,-7.275957614183426e-12
dwr/masking,99,density_negative,0.5,area_uniform,39053.0096522306,119413.35802624834,-1.4551915228366852e-11
dwr/masking,99,density_negative,0.5,building_weighted,39053.0096522306,88367.5292942558,-1.4551915228366852e-11
dwr/masking,99,density_negative,0.5,cell_center,39053.0096522306,122212.91590299056,0.0
