pairs,support,exposure,difference,fraction_total,tolerance
28,unw,population,0.0009896914416458458,4.398508195485187e-11,1.3411422277711542
28,unw,builtup_m2,0.11767652630805969,9.386916073375108e-11,74.72174661023712
28,unw,area_m2,1.315016746520996,8.731363339699108e-11,897.6960766368542
28,q20,population,0.011840103892609477,5.262124316285124e-10,1.3411422277711542
28,q20,builtup_m2,0.45163753628730774,3.6026587304391727e-10,74.72174661023712
28,q20,area_m2,3.2804603576660156,2.1781389005150552e-10,897.6960766368542
28,q30,population,0.023005638737231493,1.0224448375526574e-09,1.3411422277711542
28,q30,builtup_m2,0.7077047824859619,5.645276595377305e-10,74.72174661023712
28,q30,area_m2,3.224790573120117,2.141175636191695e-10,897.6960766368542
28,q40,population,0.024026349186897278,1.0678085043396124e-09,1.3411422277711542
28,q40,builtup_m2,0.700300931930542,5.586216963041116e-10,74.72174661023712
28,q40,area_m2,2.50445556640625,1.6628922465266685e-10,897.6960766368542
56,unw,population,0.0007140182424336672,3.1733275230182916e-11,1.3411422277711542
56,unw,builtup_m2,0.07112093269824982,5.673231928608569e-11,74.72174661023712
56,unw,area_m2,0.7006206512451172,4.651935791313558e-11,897.6960766368542
56,q20,population,0.006498021772131324,2.887930603060477e-10,1.3411422277711542
56,q20,builtup_m2,0.22846725583076477,1.8224560354402851e-10,74.72174661023712
56,q20,area_m2,1.3421688079833984,8.911645845360942e-11,897.6960766368542
56,q30,population,0.013764758128672838,6.117502778154185e-10,1.3411422277711542
56,q30,builtup_m2,0.4143076539039612,3.304882713458428e-10,74.72174661023712
56,q30,area_m2,2.156709671020508,1.4319981708021788e-10,897.6960766368542
56,q40,population,0.011368375271558762,5.052472891767806e-10,1.3411422277711542
56,q40,builtup_m2,0.3450109362602234,2.752111066393259e-10,74.72174661023712
56,q40,area_m2,1.7140922546386719,1.1381119147424736e-10,897.6960766368542
112,unw,population,-0.3033636233303696,-1.3482458544975463e-08,1.3411422277711542
112,unw,builtup_m2,-11.365466631948948,-9.066097101605474e-09,74.72174661023712
112,unw,area_m2,-42.60161352157593,-2.8286344451384434e-09,897.6960766368542
112,q20,population,-0.1280171547550708,-5.689495540311748e-09,1.3411422277711542
112,q20,builtup_m2,-4.524167776107788,-3.6088746454851184e-09,74.72174661023712
112,q20,area_m2,-13.315828323364258,-8.841357767339535e-10,897.6960766368542
112,q30,population,-0.05474743200466037,-2.4331525788866806e-09,1.3411422277711542
112,q30,builtup_m2,-1.8900913000106812,-1.5077032744636305e-09,74.72174661023712
112,q30,area_m2,-5.041511535644531,-3.347430298165711e-10,897.6960766368542
112,q40,population,-0.018180998973548412,-8.080222746422102e-10,1.3411422277711542
112,q40,builtup_m2,-0.6155978441238403,-4.910550539717424e-10,74.72174661023712
112,q40,area_m2,-1.4155044555664062,-9.398575146066349e-11,897.6960766368542
224,unw,population,0.06735972053138539,2.9936833879272144e-09,1.3411422277711542
224,unw,builtup_m2,1.3124177530407906,1.0468999797589768e-09,74.72174661023712
224,unw,area_m2,1.7416768074035645,1.1564273280929555e-10,897.6960766368542
224,q20,population,0.02972004492767155,1.3208547198019512e-09,1.3411422277711542
224,q20,builtup_m2,0.8074344098567963,6.44080793160003e-10,74.72174661023712
224,q20,area_m2,2.0400867462158203,1.3545636337210287e-10,897.6960766368542
224,q30,population,0.00858162110671401,3.813949396759308e-10,1.3411422277711542
224,q30,builtup_m2,0.19286423921585083,1.5384550206174272e-10,74.72174661023712
224,q30,area_m2,0.541839599609375,3.5976716102991495e-11,897.6960766368542
224,q40,population,0.0007908502593636513,3.5147938042465005e-11,1.3411422277711542
224,q40,builtup_m2,-0.03090059757232666,-2.4649037928705633e-11,74.72174661023712
224,q40,area_m2,0.036865234375,2.447754044067233e-12,897.6960766368542
