domain,model,comparison,support,population,deficit,share,common_total,excluded_ghsl
geographic,GHSL_2020_3ss,joint_valid,unw,22357666.84345355,265042.7273428041,0.011854668432024252,22357666.84345355,142949.22136832483
geographic,GHSL_2020_3ss,joint_valid,q20,22357666.84345355,1648416.691966819,0.07372937004155623,22357666.84345355,142949.22136832483
geographic,GHSL_2020_3ss,joint_valid,q30,22357666.84345355,2989291.740939539,0.13370320623660337,22357666.84345355,142949.22136832483
geographic,GHSL_2020_3ss,joint_valid,q40,22357666.84345355,4841294.435937882,0.2165384460657817,22357666.84345355,142949.22136832483
geographic,GHSL_2020_3ss,own_valid,unw,22500616.06482187,267612.50096839166,0.011893563278331076,22357666.84345355,0.0
geographic,GHSL_2020_3ss,own_valid,q20,22500616.06482187,1664893.6833395618,0.07399324883119561,22357666.84345355,0.0
geographic,GHSL_2020_3ss,own_valid,q30,22500616.06482187,3020288.5330583267,0.1342313705703523,22357666.84345355,0.0
geographic,GHSL_2020_3ss,own_valid,q40,22500616.06482187,4890965.246647948,0.21737028144285475,22357666.84345355,0.0
geographic,WorldPop_2020_3ss,joint_valid,unw,22562098.47824386,860675.9946148269,0.038146983333343654,22357666.84345355,142949.22136832483
geographic,WorldPop_2020_3ss,joint_valid,q20,22562098.47824386,3614836.7498053443,0.16021722240469133,22357666.84345355,142949.22136832483
geographic,WorldPop_2020_3ss,joint_valid,q30,22562098.47824386,5233763.174153283,0.23197147105798188,22357666.84345355,142949.22136832483
geographic,WorldPop_2020_3ss,joint_valid,q40,22562098.47824386,7156150.2725383565,0.3171757396342754,22357666.84345355,142949.22136832483
geographic,WorldPop_2020_3ss,own_valid,unw,22562098.47824386,860675.9946148269,0.038146983333343654,22357666.84345355,142949.22136832483
geographic,WorldPop_2020_3ss,own_valid,q20,22562098.47824386,3614836.7498053443,0.16021722240469133,22357666.84345355,142949.22136832483
geographic,WorldPop_2020_3ss,own_valid,q30,22562098.47824386,5233763.174153283,0.23197147105798188,22357666.84345355,142949.22136832483
geographic,WorldPop_2020_3ss,own_valid,q40,22562098.47824386,7156150.2725383565,0.3171757396342754,22357666.84345355,142949.22136832483
geographic,GHSL_2015_30ss,joint_valid,unw,19670446.356947217,591327.696764365,0.03006173251150041,22357666.84345355,142949.22136832483
geographic,GHSL_2015_30ss,joint_valid,q20,19670446.356947217,2705833.01673822,0.13755829266083597,22357666.84345355,142949.22136832483
geographic,GHSL_2015_30ss,joint_valid,q30,19670446.356947217,4103156.294113948,0.20859497642588032,22357666.84345355,142949.22136832483
geographic,GHSL_2015_30ss,joint_valid,q40,19670446.356947217,5828127.168458938,0.2962885062544886,22357666.84345355,142949.22136832483
geographic,GHSL_2015_30ss,own_valid,unw,20000323.22492516,623599.8055573767,0.031179486378511274,22357666.84345355,0.0
geographic,GHSL_2015_30ss,own_valid,q20,20000323.22492516,2814677.583107521,0.14073160475725527,22357666.84345355,0.0
geographic,GHSL_2015_30ss,own_valid,q30,20000323.22492516,4252757.578126248,0.21263444246872473,22357666.84345355,0.0
geographic,GHSL_2015_30ss,own_valid,q40,20000323.22492516,6018857.344664325,0.30093800370003004,22357666.84345355,0.0
geographic,GHSL_2020_30ss,joint_valid,unw,22128700.077894863,643563.1505956042,0.029082736370876213,22357666.84345355,142949.22136832483
geographic,GHSL_2020_30ss,joint_valid,q20,22128700.077894863,2953993.4217750123,0.13349150250022415,22357666.84345355,142949.22136832483
geographic,GHSL_2020_30ss,joint_valid,q30,22128700.077894863,4487525.274381163,0.20279208713501926,22357666.84345355,142949.22136832483
geographic,GHSL_2020_30ss,joint_valid,q40,22128700.077894863,6401682.265926646,0.28929319134843856,22357666.84345355,142949.22136832483
geographic,GHSL_2020_30ss,own_valid,unw,22499201.187501248,679462.5596796655,0.030199408148637755,22357666.84345355,0.0
geographic,GHSL_2020_30ss,own_valid,q20,22499201.187501248,3076285.714571684,0.13672866378387788,22357666.84345355,0.0
geographic,GHSL_2020_30ss,own_valid,q30,22499201.187501248,4655490.130819585,0.20691801864529316,22357666.84345355,0.0
geographic,GHSL_2020_30ss,own_valid,q40,22499201.187501248,6615718.749979378,0.29404238376491965,22357666.84345355,0.0
inherited_strong,GHSL_2020_3ss,joint_valid,unw,20516052.498562742,257318.8265042114,0.012542316633389292,20516052.498562742,126570.03972354275
inherited_strong,GHSL_2020_3ss,joint_valid,q20,20516052.498562742,1617526.1952051264,0.07884197972872425,20516052.498562742,126570.03972354275
inherited_strong,GHSL_2020_3ss,joint_valid,q30,20516052.498562742,2922356.176153548,0.14244242045872493,20516052.498562742,126570.03972354275
inherited_strong,GHSL_2020_3ss,joint_valid,q40,20516052.498562742,4700949.933271788,0.22913520686307048,20516052.498562742,126570.03972354275
inherited_strong,GHSL_2020_3ss,own_valid,unw,20642622.53828629,259748.69276311132,0.012583124662641589,20516052.498562742,0.0
inherited_strong,GHSL_2020_3ss,own_valid,q20,20642622.53828629,1633022.8680121326,0.07910927330010187,20516052.498562742,0.0
inherited_strong,GHSL_2020_3ss,own_valid,q30,20642622.53828629,2950939.0994884735,0.14295369176156308,20516052.498562742,0.0
inherited_strong,GHSL_2020_3ss,own_valid,q40,20642622.53828629,4746013.998621137,0.2299133256842055,20516052.498562742,0.0
inherited_strong,WorldPop_2020_3ss,joint_valid,unw,20839837.81775792,844140.4095155279,0.040506093036684954,20516052.498562742,126570.03972354275
inherited_strong,WorldPop_2020_3ss,joint_valid,q20,20839837.81775792,3561435.628706347,0.17089555397938835,20516052.498562742,126570.03972354275
inherited_strong,WorldPop_2020_3ss,joint_valid,q30,20839837.81775792,5139004.925101837,0.24659524560804494,20516052.498562742,126570.03972354275
inherited_strong,WorldPop_2020_3ss,joint_valid,q40,20839837.81775792,6985916.774165804,0.33521934456769165,20516052.498562742,126570.03972354275
inherited_strong,WorldPop_2020_3ss,own_valid,unw,20839837.81775792,844140.4095155279,0.040506093036684954,20516052.498562742,126570.03972354275
inherited_strong,WorldPop_2020_3ss,own_valid,q20,20839837.81775792,3561435.628706347,0.17089555397938835,20516052.498562742,126570.03972354275
inherited_strong,WorldPop_2020_3ss,own_valid,q30,20839837.81775792,5139004.925101837,0.24659524560804494,20516052.498562742,126570.03972354275
inherited_strong,WorldPop_2020_3ss,own_valid,q40,20839837.81775792,6985916.774165804,0.33521934456769165,20516052.498562742,126570.03972354275
inherited_strong,GHSL_2015_30ss,joint_valid,unw,18124534.957139585,580135.9590997586,0.03200832244643234,20516052.498562742,126570.03972354275
inherited_strong,GHSL_2015_30ss,joint_valid,q20,18124534.957139585,2663401.1010620166,0.14695003802085715,20516052.498562742,126570.03972354275
inherited_strong,GHSL_2015_30ss,joint_valid,q30,18124534.957139585,4021604.537655925,0.22188732274599637,20516052.498562742,126570.03972354275
inherited_strong,GHSL_2015_30ss,joint_valid,q40,18124534.957139585,5674137.931826493,0.31306391834298325,20516052.498562742,126570.03972354275
inherited_strong,GHSL_2015_30ss,own_valid,unw,18391590.256998636,609758.6685025792,0.033154211244486864,20516052.498562742,0.0
inherited_strong,GHSL_2015_30ss,own_valid,q20,18391590.256998636,2759001.71854401,0.15001430980086752,20516052.498562742,0.0
inherited_strong,GHSL_2015_30ss,own_valid,q30,18391590.256998636,4149885.0705823535,0.22564036130606915,20516052.498562742,0.0
inherited_strong,GHSL_2015_30ss,own_valid,q40,18391590.256998636,5834547.0261878325,0.3172399419874845,20516052.498562742,0.0
inherited_strong,GHSL_2020_30ss,joint_valid,unw,20347904.272895675,632291.9066079024,0.03107405549622836,20516052.498562742,126570.03972354275
inherited_strong,GHSL_2020_30ss,joint_valid,q20,20347904.272895675,2908087.9304410834,0.14291830212287698,20516052.498562742,126570.03972354275
inherited_strong,GHSL_2020_30ss,joint_valid,q30,20347904.272895675,4397314.833775476,0.21610652255883162,20516052.498562742,126570.03972354275
inherited_strong,GHSL_2020_30ss,joint_valid,q40,20347904.272895675,6228693.94577561,0.3061098510313178,20516052.498562742,126570.03972354275
inherited_strong,GHSL_2020_30ss,own_valid,unw,20644645.739714596,665072.1436283131,0.0322152364353193,20516052.498562742,0.0
inherited_strong,GHSL_2020_30ss,own_valid,q20,20644645.739714596,3014762.0560235283,0.14603118377681623,20516052.498562742,0.0
inherited_strong,GHSL_2020_30ss,own_valid,q30,20644645.739714596,4540184.874790287,0.21992069672846093,20516052.498562742,0.0
inherited_strong,GHSL_2020_30ss,own_valid,q40,20644645.739714596,6407082.2379754195,0.3103507959766034,20516052.498562742,0.0
