pair,kind,sha256
20190104_20190110,unw,75ab6abc6ed4e7e8175c97b6fd1463e8559b3c4ce38075ad629f9bcf2147cc9e
20190104_20190110,cc,c1cbb28e55aea723101717a15715b330dde26a289a0c9ebee7add6427117614a
20190104_20190116,unw,ddf1f1b35ae631ec3357c26286005e62fdd2f6eb1fb60753d7ab984c71c90f30
20190104_20190116,cc,72a313b8db3c611177043b278eaa0a5bc0cb861219257a000f6ae3d62be71459
20190104_20190122,unw,8f5f50a1fdf77fc647a978b093767d39d1aba9578accd4861bb4ce6cb3ef289d
20190104_20190122,cc,e638e9d5b156e1383a6119fb198500da7edd068022402cbfea9c8cfd46f0e4ca
20190110_20190122,unw,cc7050b478ef245ce056d5e6c87870661a0d97fd50696d04f6480badfd8211ba
20190110_20190122,cc,479d0f9e4e81325eb333e851f15cf3033b0e13588b20099538e07f0477858c4e
20190110_20190128,unw,d1a53b32f300eaa73dcc63a8fca1ff607bdbca493d34d84e35ef1a4b5216fc39
20190110_20190128,cc,557ea8048e6d511d9d930c2b1aae0a58993b4e50cb7f6755917dc7243136716a
20190110_20190203,unw,1a4b22616c8facff28a44fcb8cb3e61b22fad7099e8be0418e0e12dd6bcb5107
20190110_20190203,cc,1c60d210e60aadc5f936929001a86f72832904155d0da6e7078ff6d0d28885ab
20190116_20190122,unw,b7fcad9826aabcddc66b16429a902cbc759749fc41c78fdfe81875ece473d24c
20190116_20190122,cc,4bdf794735252a39fb3239bd2f4eaeaf0c3d93ee7a631a828a75786faaa75b7c
20190116_20190128,unw,26df9c4719eb4301d25affdddc729b5287b8486b2cd65047cdef68e39e6c0454
20190116_20190128,cc,9d399ba3d9b6bc8c17b2d115380949871e0998720f56383a0f598f513d1747ff
20190116_20190203,unw,50f215a3f69a3768716bca09886b827cbbe45c8327a1e6d258e733d70cd0777c
20190116_20190203,cc,2dce1a1a60b696ccff9dd1da72dfe5c44e761ab5991019dc513f8d43403a8fdf
20190116_20190209,unw,e5c6b16980d0363300d35d026b34bb9eefbd5d3d5e013f16423e9dda5b0d72bc
20190116_20190209,cc,2627d66bdf571d20294f5a67e7f8ad19ae7a1fd49521933b897b4f7734b2fab9
20190122_20190128,unw,d37c4da0faa2b3569e61023e987e836aa09715d1d75ba35862c3eee4731fe0a1
20190122_20190128,cc,3a052f462c0c3818829899beafa5d898fa79270462dc9c1ffec2b63bd3373dc1
20190122_20190203,unw,0eb9e75d9b8911451f5bed5716801b50959d4e1ae94fa744b2d97f5d3bec588d
20190122_20190203,cc,a85b12ad2234f43ac1d8f66edb77f9f71acb975ae80fbaffc23b91ab1c23a909
20190122_20190209,unw,5d7b6e22ce9d015df8b6de42fc54c712ab245b7bd1b2f61671d9358907407cfb
20190122_20190209,cc,8f472a7cedbfcf2111811e3adbbe143685c79562f11b94d8dd640a19237f5b70
20190122_20190215,unw,a7beca26bf21b3e3490cb5e25b365c652774a3f3d27b60345064b5e7636f6055
20190122_20190215,cc,3b20086c9b6909c018c970182c3b646f38ed0d5db2d007067ef09db4e892f459
20190128_20190203,unw,b432932b7a063b7e13074310714bb20e10c784778134b26dbb446f622d5bf42d
20190128_20190203,cc,0cf1e6bf699bcbfe428b665f24eececf293f8d8c8b440635e4a0edeb06553a4f
20190128_20190215,unw,db7e817048f607a8fda69444c190d79e776c7a2c0537a56eb9111c9a15b3618a
20190128_20190215,cc,1ab5d3e6bff34f0e4882e4f634df7848a03bce138460ff8b32b664421e205777
20190128_20190221,unw,3441e38884343e1106e9cc3104e2d4c91ee1411b9e950fb2afad3bd534db1652
20190128_20190221,cc,e3b04e89695762d71a8109ff0752b1f91f50bbeaccf7d5b248f3d71a94983f67
20190203_20190215,unw,8613861cee0d2112466bfba1fd5954d4ec11517f541e01dfdd9013d9ca2e5ce5
20190203_20190215,cc,e7b60e85e7f61e29aa6bb7dc1201a0177bc060f8c6eb576d7ee52697fc2fba1a
20190203_20190221,unw,7c666f241437d14ada1aae1aacd7b228fde3a7cbe105c44a17d40cf1c45666ea
20190203_20190221,cc,0172d02c482199408a1f6404564fd7b11a6d557350b5c3c4f3cf96979c0d01e2
20190203_20190305,unw,83c6525f7cfc8838e90884c64ae946750b2a5877d258083b9c32ee51c22be5b8
20190203_20190305,cc,201f731f1a52f62fa0949b34806a48b7745f3ba3590a44b5958821475d7bb7b0
20190209_20190215,unw,704f431702f45f30cc650efd33c2b63eb78aff4287e9311950382507fc44ebf3
20190209_20190215,cc,e30be6eb823c8c7cce3e4fa4a56c535aa0b15780d43fc0039788ac12b9aba560
20190209_20190221,unw,0063d3c2a097f0b89369dddebfaf0db5dc7e184efe27b2f7cbe3f1d02427b1b2
20190209_20190221,cc,20b10471301b8908e221d203f0c7f767725db1a8f624ee436fc3b882b6bb9e8f
20190209_20190311,unw,f332149625dacd8d63a97b29d3e7853ed047193e878e214c3242c92f945c132f
20190209_20190311,cc,3b0985f1761423299b082502855e3afcc5904769e8661c325a3e7949fdc43346
20190215_20190221,unw,a8787214006525b02226f1175770d9853802ba51579dfb297a458fe3de44b6e3
20190215_20190221,cc,80b1bab1250de701b634c0e5fb9ca168fa1930df25773e937c9530073e661606
20190215_20190305,unw,7078b7e556c8e0d0eb06eb0d74e005643ac6a7c5cac1e1d19544086423fd367c
20190215_20190305,cc,a2cd0b7ebee56de554af75a557020445974fc968c01d523f6ae6c461d238a325
20190215_20190311,unw,dbcc7ad3f94f82179e411fa4eec2c0da4ac785130eb5a70db3f654107553faa1
20190215_20190311,cc,c8e29c9fc78a81ea65c2f4acce3bd0ee066de3dbe3d6c228399a68ebc8c241cf
20190215_20190323,unw,15b20ec98896fa01bcff43d3de83a654d4341f42e94bac6b27d39b16e0173538
20190215_20190323,cc,37f05070b950b89a01b88012d5e61dabd1e823d330e312618c2e93f72a8694a3
20190221_20190305,unw,f52162f94fe9d8c8840cc657458a66b04159b0b9d27e4e53db4b8654564cbda8
20190221_20190305,cc,999218efcd200ac3f621c2afafe4a41e449307045e8e0eeb8eb2630e15f7a6cd
20190221_20190311,unw,bff9861f461f2abeb36ecb626400cdaa59b9c3989cb3b26da1635a50d43c5705
20190221_20190311,cc,a30b70b37aa6612b7da9f2eea9f92ea86b18c30632d473af005744f2a59f1819
20190221_20190323,unw,4a687249678ca9813e9c7ebd6a86f5936cbdc3e69f8b2af30f8d1cafde7cdaf4
20190221_20190323,cc,3f381c5472253740664d360dca2ce615668b2319cbf70c6887cf9757f6e7c80d
20190221_20190329,unw,ebfe6245d99888a2c1f2b05c8a459f1aa744cbd7d462c2642802f8191956883d
20190221_20190329,cc,59a3b7df97955bd4490802228ef4b4cd82b17f299a8831524897c87e4320ae41
20190305_20190311,unw,6919b8a8d105e164565875dbaf917d827ec303867718650af5340ae264f0a665
20190305_20190311,cc,4d105a0ff7165e8aa7f6d42d1152c01fddefeab22c44cf163c841aad9335469b
20190305_20190323,unw,895870a800e62bf4df1b889d09904be7d81aa47c3be7f3363967c47d89bcbb13
20190305_20190323,cc,139570d378d8ebc491536f92c33052889a36a2be2604f52af2e76d7af70eb109
20190305_20190329,unw,442768d3bb6fb3b2a7f0d46a8a9d1a2d512c2e54bc33e31225cdb39ffccc528e
20190305_20190329,cc,28012a66c9c36e5df9105ab89e5b4ea6b356fd36f346e8bac80620fe0e80bd20
20190305_20190603,unw,616372fbb39952c04e9717653d21b83f7884ae6bec889a82f329c79bc5043e88
20190305_20190603,cc,9b8a385612f2cde5c22d2797034658febe8a9e5ef109a4e8ced919c95b841289
20190311_20190323,unw,8e8adeedfbc1c3c9261418f02e5330e4018a13b804672e83ee37b9bb0ebf3ac7
20190311_20190323,cc,5220ba4294f418bb1d64a894159d42fba441f7dc08e6b5c6456d90fc65e0e2b4
20190311_20190329,unw,ae9a256408ab9768fea74f17947c1b86f4c76505ae6cce5b04b0d0d86a9be297
20190311_20190329,cc,673b95d33ed2d31f2d4169dca7d19d462415302f130f411ad779b285d0bc756b
20190311_20190404,unw,453ec0974294f4674778c6ae87267ea5fa4813f4efa789c46925e867cb559e83
20190311_20190404,cc,b7478bf4cd46a936c158011c46c78b83742c1498b41ffc1c5008b4cd0d93cbbc
20190311_20190410,unw,189590885c3c55becf2729a47ade5c872c6c18b521101c861fa27d0743d82722
20190311_20190410,cc,1aebb8d1755ac2a86b214680e97406b1d82c0f906776f8733675d5d845fa4492
20190323_20190329,unw,fa6b4e5aa53b05325f95eea7d27039ff522dfc14992b99aa9fa383190fa9071d
20190323_20190329,cc,5d8382c16420f1452daed5c114a73cad5981544f8944605948d070b2835de836
20190323_20190404,unw,3f432bdbb44f1d22c3e67e2c3071b2e48387bd875e61e5cd672a5fe3b946224a
20190323_20190404,cc,9e32ad833df70b22b724b8a40e1a4fb0c1b557042f0c6d20cf7baf844d7b07f0
20190323_20190410,unw,ee3a709690c80ab46801f87fdcc8aaf33d5d9878c5f3801d6636b3e08426add4
20190323_20190410,cc,14e4b23103810d64f745a979bb07989349344649989b4e3d6c9414a0c2ae96b3
20190323_20190416,unw,2eb70f7656275642dedff179a24d1451b765526e439b8ff3f253c8d3a602e85a
20190323_20190416,cc,eece1f9109e311f432f1d9999bded20535c7dd59f451b5fd82bd44b8bbcfcf8e
20190323_20190627,unw,a162c246041ffb35b79954fa96d2430089237fa2fcaca0d3a81b2b12e5fa1dbe
20190323_20190627,cc,8a4cfdb927c6ae9e6a83cae3a0086f34a8e801009b2b349e6ce900b837cac87f
20190329_20190404,unw,e1b38bf5a0aab9082f37f629a797f83b781713d2501e1a65ed7d51f1da810751
20190329_20190404,cc,3d8b145f89e9016a23351740d604149148ccd4a429794daadf9ad6f21131db99
20190329_20190410,unw,f46ef4a2b7a7e5160007726c58c7ba578c79197f03d0037668415205292ab98e
20190329_20190410,cc,fc5e36ff66e6651cee06f50a206e090fa7b1c01e6462cdc42a108b59fe0e22c1
20190329_20190416,unw,075ec50c9ae785f18d07b172f48aa51512fb9aa179000d8fb7a15142be874ba4
20190329_20190416,cc,86e9f796840a3dd8708818a0cb6aba9ec45751c62e1e34c3610466945e202aa6
20190329_20190422,unw,af4535af7e1a6293538c32ae1718a0a4998c898e57fa5057a18a128bf6a8bdf8
20190329_20190422,cc,87ab12b0fc5a4ea20e10f024c0b15c5b9d2ba23540bff327bf23e4b96611e531
20190329_20190603,unw,aed5b6fdd21698f2663c68170ce61fa43a27e38246d86a02424da3a71a133bb1
20190329_20190603,cc,3e2e58dd09317b433da0d992b50939cdf0493e6bc24d8502dd4b81036ff34639
20190329_20190615,unw,c1cc71bf7d89283b2c14acd494724c121d608e200113901e2c0995735d36ac7a
20190329_20190615,cc,4df6af1ef23f789ead78d031984967c6501da2db68006e0e1fa0192c7fe7ddaf
20190329_20190627,unw,14f62cc84cc6bec01e531e39bfc5e6913ef48f2f0ac6e1243bd49bc50f3acd3e
20190329_20190627,cc,802e6c3f8760a0e706496919da6a27eb1d9e11e8c048645e89e63d518f7efa77
20190404_20190410,unw,04b33484b694ef211d41d14540bbfbd024accf3154535e6b3f74fff543d3b590
20190404_20190410,cc,0eca22f8f64692807479d6a2d24fe4ac4a85bbfdf0cd93e2981943ec7c124f5f
20190404_20190416,unw,4d7b0ed9a1466f25e7d9e7977eeceecacd2940d1ef119d565f98fb735977519f
20190404_20190416,cc,6c486f65d808de7a6bdd273f044d228e585f227ad974abecf9504ab94c766fe8
20190404_20190422,unw,b1130a0034fa00720be9e08a57d53fc30f23ea8b190a425e1152433cb5c8de83
20190404_20190422,cc,423281cd9b9623b031fa8c705b5fbd651711c1d2da9772ccd32fae86fa0bcfc6
20190404_20190428,unw,e0b8af85cbd461a3619192f11a14780118da8401ee5b04ac197a85cf4c9e933f
20190404_20190428,cc,845b692b0c3760a941b518ee8b968d02aabdc6bff08dadb6a81c32323b6769ff
20190410_20190416,unw,3503440a6cc8e7357fc3a5b1e8c03b5ff1cb2db75791edf08cc74085d111cfbc
20190410_20190416,cc,588ed1d68685bf6350f33bff7c270987adb67744b9e0695ae51c871c7d6fb345
20190410_20190422,unw,421031f087e415f1df2edc9d4f7a485081cdb492329c17374506e7474f46bec6
20190410_20190422,cc,4fd918c57bbe84079a80bd97407167b14be5fe910712bf1b4a7157da93f124c1
20190410_20190428,unw,b9b69b865f912df5dbc523230460078138dba7da8a360ef271d7b1cbd6e71e8a
20190410_20190428,cc,9a29e3118ac0ada82861b7e6c6dfb69166df6d8ab86016f7fad2c587be69e5cd
20190410_20190504,unw,6f26350f473d98346d19ae647f9fb920bab98f4bbe87c5aaeab6847fbd8d95c1
20190410_20190504,cc,2fe1c66bcdcb097c6e590e33b74377ed3c167adb0840cb2b6f2cc2da55ce8254
20190416_20190422,unw,ff77d88ed2ab7f9e7b95e107cca11f0fdd7415483ce6b79cf17d179cffdbc848
20190416_20190422,cc,00db9e9ae37e97eef5bf8f251c4f8ea5001d0f8c87a77c589974373a6c9b4a07
20190416_20190428,unw,f452268cc8eee2d6792c96419324db1d887b7320a3ee195ad1d6f13f88621cdc
20190416_20190428,cc,839d042c11c69a4799c05b944dd15d68cd0e20f6bdb9e6a8f5137cf6a4b466d2
20190416_20190504,unw,48608ba66c36d7a9ef84af47bafc449aad20dd15ef59b84e7b7693fbcf7b0952
20190416_20190504,cc,0f125cab9e9656ad37d068567cdd553231195adce62068d4252ef2d80375a6a5
20190416_20190510,unw,0ff3c6a00aa9e3dd7ffd4e6f793a63aac0daa336050c2698fb8b13d54604f731
20190416_20190510,cc,a3d0494d342c218cac915c10f898abfdd5ec9b2d08a5e9534acb0a422eeea208
20190422_20190428,unw,a49de2b898c5611734ffdd6bc1ab3c3cffb15eb068088789fd8ed99b8dddbbbf
20190422_20190428,cc,deafbacd2819ceaa7f8059464d5c436bf6bb79661e4d181be581fde9263214c9
20190422_20190504,unw,31a231eae8beff5e45b715f9b4e30d0c7bee42c0be9fcd61e9512606df9e869c
20190422_20190504,cc,61ec823623f092d3fa34093c39f0cd361b1ac2a0270668500f9af433590973e3
20190422_20190510,unw,ea90bf3a858ac6cf9933b93e36f5a61f627ed7fc824987843641b3a43e0a2264
20190422_20190510,cc,1af1c0daff055e81bf6e8a8530a729798d54380dcb7dd4cac83a20032fed71da
20190422_20190516,unw,2d6c161f4a801e5de861de728837a9c9ae7d49ccbcd67bded117566c3ea4a431
20190422_20190516,cc,e8a3a3a2d9cd37b4182d55d7ab569365b64f79b53333eef70b43310240084268
20190428_20190504,unw,0f9510477f43ae351ba5f3c521c5fdf8a3283534a14cc5738ddbfa63d09f2c06
20190428_20190504,cc,e1cacfb3f7e3297bf1efa98de608b118ec609106fe09c3eb18b3ecb1af8e7bf2
20190428_20190510,unw,54cf64afda00413bf9b74f934c3a8ece4018367c98e1ee74ca49b599ae339c71
20190428_20190510,cc,4e22e74ce8b2f8139474252c5f9ef8944f3398852db800457166e4c390c28edc
20190428_20190516,unw,af127641ccb8180b7a164cd55028faa63b2ababc716541eae02725509bf7968b
20190428_20190516,cc,205ad6f0a801f7c866c9e1df1fbe64efda2ee9c79d8bd660bdd110b6ac424d62
20190504_20190510,unw,c2542b1038309d46d1facc8d263d7828c4597b26d794a6c5f4148a997bf1a51e
20190504_20190510,cc,1fb8a262e3e8ccb6633e5a2fcefd2a08b9960ee3957818adf5905908a7f684cb
20190504_20190516,unw,3ecd6416563298b3b0da873673078679d4c06972f19180646beab858759aab04
20190504_20190516,cc,6d383134a4f9a5ff00b2c3c7849c20e4766a9661311a41e3b1f5e7e856f50edc
20190504_20190522,unw,1523453719ba6db6c5560bb2d4afc87c40fb9e087f095683f813cf4ac6b6f85c
20190504_20190522,cc,93cca5eeeb4d80f512bde08b0ffbf692541e146fd52b2bb53459b427f0991989
20190510_20190516,unw,cbcb9772d44eaf0da60f258608e88427137605c3a130037c6375d1bb88be98b6
20190510_20190516,cc,8efef14080799b722c48dd753357ba5a5ef8f5814b449b3a93bd679bf0f1eefe
20190510_20190522,unw,8866d7f0b37b4be293ea0ea72ce032c8e7f63508b07bf764945e004226bf53ad
20190510_20190522,cc,7a42f5694a8a15862b2622816d5c5641bf0a9e846b8268c0907134fe1c769416
20190510_20190528,unw,bd60c99263c347835c9e706e9e317cecb9acd75883922dd8a04fefcd8e72194f
20190510_20190528,cc,6ff4606c1f9555e3424e37a4fc058e52c753c064b8e5fde58dd363f3b459d35b
20190510_20190603,unw,281626ab294bb142e219711bcf28a776c2aa7f576013bbbf36647faf940ab393
20190510_20190603,cc,65a98ccd8d7c182e9fe7ff5cd56349874513f4c9b57564be850599c841006678
20190516_20190522,unw,ea000c40bf7701f2f4758f977c3810ab76c00ca1919f18b4dd475f713f07645e
20190516_20190522,cc,9371192cac237a047506cd8c7ec5de26deef1d524209515ac78ad629af46002d
20190516_20190528,unw,b2e862b4a06a3ba40289a0acd121fdf9825bcb0b940844bb23647723c64fd2bc
20190516_20190528,cc,e7fdcbd7f15dd9479492b00ffc2d4abb46545e6408dbf4757e078b191066820c
20190516_20190603,unw,1f6baaca2a5884ef153afa84b7225ed129c5813f32198a798f8c8b836b1edeb7
20190516_20190603,cc,1298790bde2d60e749ae04c068e1c6bb8dad2e1e450da31aeba2d036d22b0bd8
20190516_20190615,unw,07e1efa428ddb9352554320e274c8527d5862b03fdc5e0ee0f7cc2e0fe61debb
20190516_20190615,cc,2fcf6b16d4efadea7bb80056f3dff1ead070d7b68235cde0b72df0f77a1cc410
20190522_20190528,unw,5836618a4ba333a373425c409dc26cc375871327d3697db09ae507d0c7ba1e63
20190522_20190528,cc,3e47955aea6697151f2a837c6592a8a26c378e7889850b61b20008e8cb72003d
20190522_20190603,unw,dc064dd8f9a359259cdc82e75bbc2462df9be12c6d2b53e998e8aea91fa8f3e9
20190522_20190603,cc,599ce46aed1b0e71f86dcad1ddfa5d18d5131b8c19d590e87b41b3536a10dba8
20190522_20190615,unw,697bf78c2ebdd012742e17762a7abe983e9d71a7c732605b28f2c17b31ebc1ea
20190522_20190615,cc,c8b1437a2177b6807c80b8974a3c0cdc7b447074e65fd5037cb02ea71be5f2ba
20190522_20190627,unw,b79d5332c8841891049f3fda72aaf887a528ec033b1fa4119903af1b86dfb204
20190522_20190627,cc,aede13192827891b5c6100266d17854c9b9cf35df75676aa668f6b436f440422
20190528_20190603,unw,2b2b84985ebee3475db752eae3288a74c449825efa38047f9821dafbf8295b88
20190528_20190603,cc,5301f4c7cafea65ac5e3387906650176dd479a729de1c6a9c588be0c0a2c2ba7
20190528_20190615,unw,fd3e8af9ca061b25b1ee3a5622778ff2fb2ef5c051ca2b0d101b7324219da84f
20190528_20190615,cc,f6c92d03c620de83cdb62555ae71c56b002c2e61391312b7a4fadcc90eea08a2
20190528_20190627,unw,3a5ba1585a054fdce5669ace35a74ec3d6a7c4d63a1da33f822bb47543e58a28
20190528_20190627,cc,1d140a587d1d27d1731c10df9548db0614e0d38f3b9eb6280bbc9cbb4f4ee289
20190528_20190709,unw,7d07f748c7d3aa6f4955a0eb8b13ad178f9a550826ba1dd4f0d19aabda73cf36
20190528_20190709,cc,6a0891b22d01e8bec5d50f28b43f5a9627858d82e66b9d4a0067c01c07ee5a2d
20190603_20190615,unw,2997c4f420ffce1bba27378760f77f06f1539e31d20e2a5aac4b311399f4a3dc
20190603_20190615,cc,091da22456245d4b7f9b8a74572e5172c0cde1a3c25e44389bda39e268d5b782
20190603_20190627,unw,9760b48710b96b02b43bf417390c8dc2d230127fbfafd48a4e594b160c7b95ca
20190603_20190627,cc,9f313fea0d84db039ae0e99fa426a8fe8f6231e87f2a698c471e6f3df8deb97d
20190603_20190709,unw,34c0d3c6a2330e657379917d185a57d026ffc06448e377f99fd2ea9ddd92cd31
20190603_20190709,cc,f5883aad64ea22729a24f571d276f596f9fb9b8428179432491e24129034cca9
20190603_20190721,unw,058d983105f5188992ddca9d8c13cd4f7432e63c08f2db9a10e98334739e26c1
20190603_20190721,cc,c0fb3521d85f67e2055433a5ab477b6c038a56cce0f2e17998b4884f34b4745a
20190603_20190901,unw,b02464455119a7f197e12124f0ea76463cba337be951fea41a41321f3e26f02e
20190603_20190901,cc,d4ee9c96f436c859d93640582f578322782b36556e7a530d51250c3e5b2a6970
20190615_20190627,unw,038c007dbdc8e28bb3756728421db73bbbe82a89bc5721eaba6ece501ad8a9ee
20190615_20190627,cc,c02e19675ea54c0c80579ad377c47d4f452024f5ec8fb9e787a8fcfea523367e
20190615_20190709,unw,e678aa0dbf7e2d7db5c964c602f14441a1dfaceef55de0db82d072e9f4a0505f
20190615_20190709,cc,ed1aa337ab2b7e55902c727f7ff110e0f0664fdf2cc0e95d764ffc7f8a28f789
20190615_20190721,unw,3207b947b689bf017a597124a5ec2a0d6a5636c3c302594e92ba07262588f671
20190615_20190721,cc,3b0bb6163aed97a7922eb873f3f8db990c8b8a58ee0dc8934a124015b4c260e5
20190615_20190802,unw,b548a22fef12a0bb5b4d5a26adc2fcdfb2c5fd6ca2aa8a51f244aa1ba0fb2ee3
20190615_20190802,cc,c3f2507bc44324537246d217b038c9b5b5b9e78944e3e48eecdafd0e868c7ef7
20190615_20190901,unw,a7907b3660909cb142043b9ffef6b0cc37e0a701accd84de0eea52a442a25bb9
20190615_20190901,cc,b7814197476844146d458cdc62c7885bc5e1efe86614513d857ea484068502a9
20190615_20190907,unw,02fa276d02686ebb31a2e718fe96d6f21121d9e3e612f79cebc2d48191385e6b
20190615_20190907,cc,73e83bf5a56001e5d75b274ee74a8929879af7515127ff455664b537deb4fc5c
20190615_20190913,unw,48feb6b46ab1964ff206bf14736b1ed0a58a025659d70793c091bd1fa653ba6c
20190615_20190913,cc,f74f67425c2881cd6bf336b2be902498baf35a5449fc17d22177072217d041b7
20190627_20190802,unw,c2f628d6573d86ac3b9f31e0e86a6c17d279d64da1ba188cdfe65438bd8a5997
20190627_20190802,cc,428df794a900f82921d3dd6bcb0e47fd60911b765ab10ee44104131f4bc810a8
20190627_20190808,unw,aff064a989163b4bd2c6a6664f5ffc7b1b3e91d79a1adf4db099b235bbbe3e73
20190627_20190808,cc,7aa1f10f3c2b71d218bc18e464dd1e0b55e78154f9b341bc03260ff075953bbc
20190627_20190901,unw,2bed1ef7ea24989e06bb96f26fed00cd3705e1d91e1e40cbe6bff5055b43228b
20190627_20190901,cc,cb0ead88c7cfc831d868157b9e1149e3cf1b7b971ad041b1163598d322ac2c07
20190627_20190913,unw,6fbe1ccc193a85222ff25b4d0b077c6cb59a1cb61b556c6915a8f185bb6d384f
20190627_20190913,cc,752b6b46fb748d4cdd9d7fae95091e7ce333d291f055371a66d697f74abc1061
20190627_20190919,unw,fd3eb4948653acb7986a494fc043dbef4811779647ce56b3706b1da47ac7c4e0
20190627_20190919,cc,2da3dbe4c8b136d3766b830db54fb60a6504af35bfabf098cb0fa98054a72d69
20190709_20190721,unw,bfcebcb6d3e23f887f35eea2dbf6c78d3050c0bc89065ba7e224f761d2913786
20190709_20190721,cc,b8218ea4195e2ec20eb7e0cba96da633f508d9564a191fade6cc9e8218ffb9f0
20190709_20190802,unw,6c973ce06415b4a9c30ad61e5e003554e3e287b9af25a59668e4350ebb837d01
20190709_20190802,cc,5e94ce79fb5f4b3ee78e89edef0ab953a133f3bc185f7effce5921feb64ed0d7
20190709_20190814,unw,f5854d732562f3a7f44499a8c042b7a170ede5755d106f70384d042f4dfe6d1a
20190709_20190814,cc,ddc77110fcd2e0972a1d9d79e1b7256d8f15da075b667089cd2ef3ef932f4246
20190721_20190802,unw,660687544fcaba615a4aff689edc7b2eea4ec29bc6f121f52ab386240cf8c907
20190721_20190802,cc,85f6e4a3f3125f92f990d8ec49febff401e341b12582f68c9316a9a392fed360
20190721_20190808,unw,295e83130123c049ad5b68ccd7fa8419011c4b2a5a176e8cb2117c56738d3356
20190721_20190808,cc,5f1b7cdc694073ef561484c9d4fe6de4656c8092d7c0a3d61cfa8aea2558ae6d
20190721_20190820,unw,e3d02b62f5b00757f9e760f2895d9908dc10996ac63c379272414625dc581d11
20190721_20190820,cc,761031cd2251f7a01f7d65aa0daf5b420f0952b3d74e038d65c9187d835f4c19
20190802_20190820,unw,77e87d7ec0297a5a2ad89f4f06843d984a793cd96b9ac624484ab641733dd636
20190802_20190820,cc,ff226e46f33138d6af8ff63b2455b24ff4dab57a0050328e6acaad140a563686
20190802_20190901,unw,980d942d757f370f21cd7804243f5a2cc82775a2248cfb9ec11c48bbce5e68f4
20190802_20190901,cc,3af919722fb361d9bf5378dc27ed6240bd597dea2874340c6e3e81952be11005
20190808_20190814,unw,df3045c8a23da0955821ad6ed922bd9ca209217a6cd7b06ee127c2aca511ac78
20190808_20190814,cc,06462a2f993cdd9c70d29ce3adb775feb9b9b8851ad5447825eff340b79d8a84
20190808_20190820,unw,f412b6677be911f29006e9635966e209fa3d18cd118855915fa175853a10cfe7
20190808_20190820,cc,4da430b51ecb68d712dd8b57e9afa43eea695907e9c2dc8048db6353a717c3f7
20190808_20190901,unw,ceea8809fa544551e9e233591988471bbb4fcb8c6f91dde13cf52317ee5222d8
20190808_20190901,cc,6795f392c7ea4d96b316c8e2dd48239ac6c5860a87414b023dbf3f2a957a9d75
20190808_20190907,unw,325d37aa69cdb0142748e238ae17fe3dd2f5506d9f2c1c505cf5ee013ace34ba
20190808_20190907,cc,5d17c90d1d22b72b181722767183042b1045cb3f8959325dff5a1d55f0122993
20190814_20190820,unw,14c313d15d15908f51d8fb8b5c5f00f47d41c54c9da077c26139e6295e0a7556
20190814_20190820,cc,5dce8a139aa2c216eee93b9d84e9d869858d7a6a1ad8cabab1a3bf2d8aacc7bc
20190814_20190901,unw,88c9e5e5db3a93dc5b4aa1369bc1d0a4fd4d93132939e77283522c472b5126bf
20190814_20190901,cc,8c9113a3a1760c1dbf364cd1bad0b73d4d5a6178a55348c5b824bfbf815778b5
20190814_20190907,unw,2c987e793c4133acd1ba09817004b2708c18625be782edb933752581f77fa855
20190814_20190907,cc,0ff067dfeeca347512bae55f32e412eb02f609d516ee2195ddcdd5c4921e71b7
20190820_20190901,unw,ef7a6daa1e1be5494b30700321104884cfdc07491d45034ad1e43092d550a700
20190820_20190901,cc,65a3c7cdc11fb1d785a00fb52147fa66e6fc34e35834de0ff4cf29d1b33c8b9d
20190820_20190907,unw,752bda50605d834708b90469d682c1c84274a57f0351278c4e2d4c13996af3a1
20190820_20190907,cc,f750f936db14837bd91dfbc550647e6f325f6202f6a9f56eae456acdb584dcf4
20190820_20190913,unw,bca30891e75e9496de9133b256ca7847430594278de739527c68a927b20f8f8f
20190820_20190913,cc,f8a2f8b441bf8292a72c4e3d43ad667bd9f04e649768faa4f7771aedceced9f6
20190820_20190919,unw,7f8b580b502b0f19fbc7dabee1856d19c9bcafc691f023f1d8bc8d8148f81e12
20190820_20190919,cc,74869d8c0be8712fc80872c5a90f1952e9c395c2390d4252b6c25786f180ce48
20190901_20190907,unw,9147f81a710a430312d998e938b129b197118994a10da6bcc32f601bd2f757bc
20190901_20190907,cc,24ccfdf4c73da1678fe922605d9032f5c42ab6f95cfb77ea3def13607e3479cb
20190901_20190913,unw,bcb4fe6e5842c2ff7d19af42a6ec9d2b822c1161481b607a3c0c3348695c152e
20190901_20190913,cc,77196d6053594145868587b4f61234f39d5b49d93273184aedd66ecb14a9bb6a
20190901_20190919,unw,e1415a6b2b5da10beb70c7dd3b4ca063cb0c483b8f3a075a343532cdbaa3720c
20190901_20190919,cc,47817d9f617f9149b37c8b484aa6021851a23b6ef7746687346757a52ed5a39d
20190901_20190925,unw,1c48fbf0bf24020764e05e8465136aaa93687227a1c8c3d34654826d1c03b67a
20190901_20190925,cc,17b9301492f6376a55fbd4c9323917849249634a4c447fd020e7ba569efc59bc
20190907_20190913,unw,e89e1fc5b26c478d3d9ce3a36540955c0ed49d57066568070a679bfc68db7d43
20190907_20190913,cc,5ca3b160c8cfd5f51410ababe5cad231cf80809f2fb25cd389a545621618168c
20190907_20190919,unw,71297bc13a88ed8f69dbb67fee64e7de116957a06583f4627724668609fe297f
20190907_20190919,cc,cba7b4e4f136cee01076b7f782d2f1e25c587ef4e7be9a07c21890fe7bbb6471
20190907_20190925,unw,83cfff542be7422f60c399d03b23150a8bf1d0b34afcadd06621c2a394e7c678
20190907_20190925,cc,8a48cccf2040953e966c08d45ae05fd8dfe137a3a46b6717f2e4df53ed07347d
20190907_20191001,unw,4d8d309e224b6d70f2d014c0623b21af8aaa118996e05f104ffaf59def2e304b
20190907_20191001,cc,56b8917d2bedd637f2a9bd07f7012874b9c929e8f67212f2e9164c0ae09740bf
20190913_20190919,unw,5e6cc8eccd000a0487d36284aff6ea43cec1990567e27f999c72e25b97db80f2
20190913_20190919,cc,7be32f56e9b0aaf8000a240f43f5c6cf27c287e0fd0bc766dd344199966466c6
20190913_20190925,unw,01f6547a37b7790b7326f47db5eab0d8479704afea58e5235e21f30f38412bd1
20190913_20190925,cc,da2c059c5fda476e3125c3cfff6f2e9e4c06d7e80984c128f5f6c1266fdcac26
20190913_20191001,unw,aa4c71f97e489c0a85889cefb3d7bf6318f15e3fe09e960d214412e680fc6a52
20190913_20191001,cc,cdcedb6ac8343371a4f76cc534981988192aeadc550025db9749b87b51166f14
20190913_20191007,unw,367d5552ad8a74f062a3106392d40edf146200b8a8a2a5e73f3e51d39df2c671
20190913_20191007,cc,d12ca28df9180de3b239d3be2e1846ce430405c73a3bc249c7ed570ff8006a24
20190919_20190925,unw,0081472f8543b88e2c0224dd29fef9273a91651e9dcb0adac3a2b3d22fdfafa4
20190919_20190925,cc,ac284ec625851c06c7c701a75c7d4aa449a3a48edcbc52623de87f2c834c2d78
20190919_20191001,unw,f881a4dbb4e32b35ce5bc2201ba5e75ea68bed79fd4c2fd185a4034d08e64304
20190919_20191001,cc,1350e9a7d7b431068c9110423ad315146147a41f15c77d11e2ba9c5e8108705c
20190919_20191013,unw,124f9bcf2f6015d0ebd7df9356fd1b9e4a75a7a3526c307eace80acb00147f5f
20190919_20191013,cc,75895642a092476a9e2ae6786679a7e5c6a01ea2056411af2baa00e2a94fc459
20190925_20191001,unw,e3287e3d453f76b3b26a924ba183c2a93ef9476295fb999615044bdb33f42d79
20190925_20191001,cc,e7256079b027d4a8282f8a308c092cfc7b514a4f483f29dcb8fc7b536e807ee5
20190925_20191013,unw,b813a226c239261bf845b2c83cb7d37d65239c92452bb152732ff108c71488e6
20190925_20191013,cc,5b1a581d1d06dd1690391ccc6b49d540b477d1cd57637d4a1fd1e5dd4a113c17
20190925_20191019,unw,5a465cc3d445ac486d756354e429eb0af6d5cc4d2052cb54e55712b9028c1e9d
20190925_20191019,cc,a1deb16d63b256017cd1beec95af920d2cc44b18b3420def58695af7766052be
20191001_20191007,unw,a13ce7316b16454b0d6bdf938c5f3ddd2e951234f7ec4177722f2c96cb463bba
20191001_20191007,cc,7f3acc49c7dc308aaff0cb1fa105965c76545e899203eec19d03c69d2fa250cb
20191001_20191013,unw,40302bc7776d1b3a1377fa60d9f24d8a3b63bb4692925ac387445e410d4406f2
20191001_20191013,cc,2e437674fcaa2abe20c6f6bec5e144badeee5ef2a46a5bb1e8d98674663ce883
20191001_20191019,unw,5fff838b174994540feb04bbdc8c467d1841a17ebcbae3f0f1a7b6b6cd69cd2d
20191001_20191019,cc,f6a0d5754c021aecaf1ffe071e3619515b3a6d15e8cbfecd2633df55255558e0
20191007_20191013,unw,67f918e90e3549f74cc0f75c7bc9843c73fb224d1bfc7b8af6a7e63a2807a359
20191007_20191013,cc,26dbbe40dea0cbcb91379041267bd085ff738975f724eed5566550f0f1ad7b22
20191007_20191019,unw,a5ce90fbf943e8de59dc49db8d5a3b2e631b452b891c066c89cbafaf866e428b
20191007_20191019,cc,10602a9f750258c8ea3408df6a5859f3f48c09db3c520de5107691ca39f57138
20191007_20191025,unw,f2e138f6f44be52ee32c7bf75fa7554f36dc6c0cc8879c010d5919a4127b9367
20191007_20191025,cc,c1a07a142a27f3f46c910c9531b27c42f71e416420a9f287bc0c2636ef7536dc
20191007_20191031,unw,2cb089a570474a3b251034bbeea26ee9e9bf8229e913ec846f5a7f48970d803f
20191007_20191031,cc,c4526cf5660a26a4d9583d95cce17689432a0577d9f44f0e3e1d9f3466f01f08
20191013_20191019,unw,846e1590e14670371adcc95f7632a4c1af6f0973fb99edd3cdcfbce47bc781d3
20191013_20191019,cc,177671a7669fa7d43617c1f549b159615a95fb837ec6a589c464538218f5f910
20191013_20191025,unw,e95eaa002e52adb2ea8b422ea38a0f3719977809013692aed97f73b351fd42e6
20191013_20191025,cc,72b02f28e27fb05c845819139501cfcf02ffe2c16daa6b9ee47cafc915faa024
20191013_20191031,unw,a1f4e01d177a59c1a26388d3951cc389a0fa16b44e15202905d3f4be554800ba
20191013_20191031,cc,8ca3786618065a9bcfdf8f0987abc14a22b8131e46085f00d4eb23324b23f815
20191013_20191106,unw,30bdffbbbcde7d742893402478e6a3a66e33dadb9773c7679c6a0f45cf1901f6
20191013_20191106,cc,556b811f0363a6ac32ff9f383e69f3468559bf9ca65771458cbeb5be0a429a60
20191019_20191025,unw,702048129f55aa37c686424585bb2a38b68d33b39a1113b63e8f87ba2b9848ef
20191019_20191025,cc,f701ef83043bbfb2c9d5a3faf8d7d1c5c043043061ee8d5e36fb657b87c16076
20191019_20191031,unw,cdd42e08bacd0f1886306134959b9c778a996f9fc6677026852ac33f231f2f9a
20191019_20191031,cc,c8cd59c75ce51f5a57b8df44ec550da2f95613bbaf98fe445fa083bba0b4aa7a
20191019_20191106,unw,b5d952603550a3ff811da954c4c3d376f1551da437f9dfbfa02231625308dabd
20191019_20191106,cc,2af0ebf0ac2d6f9d7082d9f6b6c295af6d9a201b2b83abc7f164854be1714e7e
20191019_20191112,unw,f981bacd8e7e80fac9f4826b0797a2c5580a966401470c7ec1d284ccc9b2289d
20191019_20191112,cc,b517f6c7cbfde270589b29de8cb9b480082b8f091bd6f18902fe3c25964e3afb
20191025_20191031,unw,5f16bee2f4d75e0608f7ec56fd5fff434b832230d86ed086c6f219fa8c9ecfa7
20191025_20191031,cc,69e8c93577f87bd70124356ea416ba6eba62f027d263d8618fc83df138ef74e7
20191025_20191106,unw,a7293bd36d785f57ad35a42504590fbd30aea46265f76ffe470e77f6affe0212
20191025_20191106,cc,aae74e5a1fca876f8fde46d98fbe37749c78785e0ccdf50a0c0cca2800951548
20191025_20191112,unw,1cefc2112ccda4582f39f37e52c67150cd29819a59d63b9b80f0733c326de9a2
20191025_20191112,cc,1f9554eeaff1684d8397a86a5f9437bdb9fbe6529852ded5112a09276e2fd547
20191025_20191118,unw,7c036f56a8454043749cae45dad7d899fba40b51bdf03b0299eb8c94be869647
20191025_20191118,cc,78398efc8dd29b3551ee8a619717116e65065a93fda194b565a54b51e1fd44e1
20191031_20191106,unw,3cca629299f2959050dee9ab4a4d5a1d83579d0b6469090bf6d42c5c01fa3d2b
20191031_20191106,cc,8955c9531ef8fee2fd8240e46bb513b42ca2e521f7dcb34ff13d7b5be44598fe
20191031_20191112,unw,cf9a7435ca0313b8a2b88379ae6612534ab5b888f925075e78bc54b610eb5088
20191031_20191112,cc,c8c5364384c6f8279f3f7565a613daa171975d222afd004ae2c3181909b6b624
20191031_20191118,unw,888c32f8f671ab33fbd0393be95616086e4fdfc3cea443581b2e274ee733002f
20191031_20191118,cc,455095772613734e9b0fe82b1a2f61c3e80a24b744a911d7659cb914ece583a7
20191031_20191124,unw,38aa672721471038b3f9df7047a41f02b138f2be0e43f8198922d84f78071ec7
20191031_20191124,cc,8102a8980bd64dbaf7dc11ce4e57f97a63de0ceb16253526da52f6f65e108a34
20191106_20191112,unw,4994ca5758b32cfb08678c56166bd38755b35792650ee5e5b4acc4d27d253479
20191106_20191112,cc,0668d59833e93303c02d52c4b4897d5067cb1d43e7f7bd7934cc15f700cf5377
20191106_20191118,unw,32037320b5d9e4fff6e6e6f15c3066c7da165705a81d69574e2cc4f59b9b2676
20191106_20191118,cc,82c64dec8845e09ef9b766aa0da46beab3356581dbcff85c81b29730a526759f
20191106_20191124,unw,e0203d131b9b5c15bc3d575ffeb5fa4debaf5db0738b57f66863088a39530678
20191106_20191124,cc,12eb7932664cdb9e663d492b355abaa1fbb00d94fb93d625474d989ca58f2430
20191112_20191118,unw,5a0923b2be5196b82de985f8f3ecd0718e707a7cea552a4e1c374df114309e48
20191112_20191118,cc,e71800e512f896c904acfb70846820ce097d1877883c355d163e3f88081583cb
20191112_20191124,unw,5e3f2388280492392688b54119a133d4cf3769b4e131b106caff7da0bafad61e
20191112_20191124,cc,0e38b39eb2d3d8204eb37daeee811f69ffcea264b63314ccd493646cebe30ff9
20191112_20191130,unw,4eeafc754f217d1feb959e7d8d6e66a5b7578168b2f2d44e4fca4fe05386b864
20191112_20191130,cc,5705bfca703378cd6b958b66e67d189d280a46d1001d983843328f8a4da5a202
20191112_20191206,unw,a1a3c84b76f48c235999316512b8eb06ec8da6757a052db7429e068cc3a14a84
20191112_20191206,cc,657494a01ca205e03928badc82c5813cb38f7bb2e1ac0d066c5ccfc55dd326e9
20191118_20191124,unw,aabfbbc9898faa8cc3a44ec049a15d0a9caa41f5d2191eddfc6bc7588097a3bd
20191118_20191124,cc,55b27f115af2aa7f03bd58a89684f045177035c8b2e97a85ad8aed7654540f13
20191118_20191130,unw,490679830f890708d7df5a0f34d01ee47559c90ac1f0be6a241dd24d86c726df
20191118_20191130,cc,1453aeaf7cd6804b5ae9be4be76364520b0daf201c228210e672d4e9f59cf79e
20191118_20191206,unw,c73dd821565eaa00302d96c43de252f411f60cb96a2aa7d83e46a7b39de5c93a
20191118_20191206,cc,ba3da6dd5385c74b74c0b2a5dad4797333938b3e381697b8467709107291bc2c
20191118_20191212,unw,8ab92ef94d6faecc7f1bff01b2d0a7847f6a632f776e6e6d71cb05d6bd19f512
20191118_20191212,cc,94999695ba34dc5e48bb4dfb2da52ac61db972498f8481d53166d52ce0a8e4b0
20191124_20191130,unw,681b6ff1521e4e18afe2ded286fadecab0a5bc67de73b92991ad7b9d9eea7185
20191124_20191130,cc,3750c5d1df7597f78f1e2e7d5e56ad884d6023c94f028fd9b57030aae7db52a8
20191124_20191206,unw,d53429d26990a85a8502a7b51d76989a867f1b4aa5c77269dc5c8994b71129eb
20191124_20191206,cc,3eeb8b82dff87610c55edf7f1d40ac19ade40c46403e22f6c1707e01fd013302
20191124_20191212,unw,cba0200b085c3e2f578f54a16eca2a27182300c55a5ad3c8d808663175b97450
20191124_20191212,cc,b674bf16aa3263f6980a4c1a7575705145d1d18e3b3a9adad7ac1a113695f8dc
20191124_20191224,unw,c41a19b4720691b930c6fd2d6afbbe70b0c3f61bee4092b4d0093bbbfa66432e
20191124_20191224,cc,008b1eb05f58be15ac930b909fbe87b9fe9f5ba45847f96e5440e72918eb225f
20191130_20191206,unw,f4233915908cff96a8781b767deb140664457186e93d6a2fc0517eaebfac88de
20191130_20191206,cc,04dfd9538229e88068263cc3ac708f69e8fa0bb9d0772e5c8ffd2d186af337f9
20191130_20191212,unw,eeaa2dd722731c917efb73faabf63b79fe78183e7d7d8552c8da58799f7d161f
20191130_20191212,cc,b4eecf1a4af78a0904d1105b34c9fc609ec85769174506ddd4b617d53cf4d5f1
20191130_20191224,unw,b2bcae217d9638559b8a541d5fab24439a2e62a0d9b91aaeae65dcb1b73be08c
20191130_20191224,cc,175645e625fc09b29d524ddcd8668d3bc1f8c692b648d6c327a801f8234ac2a8
20191130_20191230,unw,574825e831581323379cb604f84e882bf8a0268c0f7a5d3b4cafe15c45829267
20191130_20191230,cc,d575a2a63159781cadd522714b955edc17c44cc92b328b817481e191f1eaf46a
20191206_20191212,unw,aaa60165da7780072f473512e04872a3545cd6fea73af5cfceb1b10931a559fc
20191206_20191212,cc,bb5f4ab399c41b205fc7da97ef6cb6e584732ee37150f03eab97f833998678a1
20191206_20191224,unw,568979684867595d58a5406f38f350b957dd2606d65d9ac76d3fbe8e7331a896
20191206_20191224,cc,8587a62b69e66dc318a054c59aed78a756ad5c8f87d08f7043c72e66f2de2005
20191206_20191230,unw,3c2e6520fdd5c2a9baac0fc5ca1a51392656c0f40186a89c6cdba6fa0d1daa50
20191206_20191230,cc,51e6b7d71293ef446b8d55f59e757fe17c284e68f28be950aaeda83bdedad093
20191206_20200105,unw,3ad95267a71bdd0ad3c72432d3289dc4b5ce53fb750f828a6b4754b7a17d6c5f
20191206_20200105,cc,857884ea999dc489ccfb1f250f388158590fa4a82f596e9690228a802067a4a0
20191212_20191224,unw,ffe832b4416a5ac8997e25ac2cae0cb9d15d5f9fbb6b314bb35b0da2101f57cc
20191212_20191224,cc,30cffb3a05ae0a45a39a584eb0eeb85c6405ed575456bce09918b4c309fb94d5
20191212_20191230,unw,85705d3bf16c72d8281621cfe195dd3dac108daa6c973831b913940aa58f5691
20191212_20191230,cc,f4641aaf1fb9bfd47308d451622adecc2212240e7ad9918e78550599f258a97c
20191212_20200105,unw,3e5f9d3e51770b6d3b29bd9951e8aa54b8c4c3b70d3c521a0b51cfe095dcb671
20191212_20200105,cc,24c028cd12e432c92bc94f886512bcf48db3c90e8d7c6ae54b63ddf5b29446cf
20191212_20200111,unw,0d9c4785e276748f1a439fd32fca21c291518e420c5ffd806d2e208729e2157c
20191212_20200111,cc,8177494621eecd46aa8d8ddcdcae870d9a1668128a79143b8e0407e424c9c3d4
20191224_20191230,unw,b22a91479af8b809bed989d83142f63e595784f89693ab00840a962af43037ce
20191224_20191230,cc,39edb44994d76b061005c85a3c7af11cbe46fd66c119d38ae07c25d1ff33c158
20191224_20200111,unw,58c7383c27f2a71f9dfb204e862313a47e3328d2373b07f1dd1ef888dc4eabd1
20191224_20200111,cc,eb9d62d1f00f49ce44ffb29aa8339a0f60c90498f25992517bfefe74e54248d2
20191224_20200117,unw,6eb5de486552ad6d3a6ee4e338bc761c3080f567763fe40e4e01bd4afb0981a2
20191224_20200117,cc,f9f4ab7b42b66528ecc81facd2bd66619643860b84b5642f12c2aec0d5e3719f
20191230_20200105,unw,d662dd0002b9098100a6ba1a1f5d6391ec01bee869d006c2527c58e92a9d3bd5
20191230_20200105,cc,e64bef6cf14c1b5fafa1bcb7b06f03a1232b896e4aa5f8c62ede0f109370101b
20191230_20200111,unw,b36045ca68c35b803fbc38723a245542d1e678fcbd80128521dd3d95a7e2d52e
20191230_20200111,cc,68d261c6bc1f0a0c0311949abfaf9c752f7ed4c5b1098ee7b89aca41908a74a1
20191230_20200117,unw,2f1df539a4121971aba7b69104f5c2c676a813c0cec2a5016d5c4f5ace964e25
20191230_20200117,cc,8fcd3db94975722f53f5b53feca9645cb6a6559e93874ce0cf716cdb888b265e
20191230_20200123,unw,340ef98877bc38494a3a112ad9220c6181cb589386bae073f4722c508408ad8a
20191230_20200123,cc,2207a895f8d81bcba3f4070f560e4a1c1a9f5875fbaa0d1f8685ddaa99fb135e
20200105_20200111,unw,b411cbd34018c0ee0a8778eaaffdfe694a1f39c26e07f1f57da24793729fe751
20200105_20200111,cc,cb35fdc5cb2f08079118f3c5dfe9153aeb5d0fdd3780b350720df2332207df49
20200105_20200117,unw,8d03fa75723bfc5ec8ebb3c1ed762c5622bb2b13418967ec9bb0738ebedc9863
20200105_20200117,cc,965b5ccd28b62612d4a8098d059268495556f16b86adac5b48c8dbf189bc1815
20200105_20200123,unw,8efc5441b989bfe3f52cbbdb183cb875ea548051080fc2cac5943629fa189edf
20200105_20200123,cc,7212d21ba11c7749b2fce2a98a5337c5cdd9e17c90bb6ad7a0f40703a2dac0ec
20200105_20200204,unw,41e63c3f071081dd42c300e72696bc2ad0ac750b4bdb75abc413bac40f7ed5f3
20200105_20200204,cc,de71ce82b5e50e054023cb6f052be7c8e41c460de9f1b23476fbcf9f63537cc2
20200111_20200117,unw,5397cf8a0d061bf72fdb1b621a49c1a378e4fe25365b148c845c192005af9617
20200111_20200117,cc,e269f9a03819f70930bea9c66a546814fb20fffbe98d61d518decb9bfdfb54a8
20200111_20200210,unw,6618aa4b63e30d5d8c33673ccb1311671554e9c7b4da5fcfa8fcb81abf2f95d8
20200111_20200210,cc,a16500d3ecff4b6abb47509977a420869408b4884cc222923775d27ed7de2ef9
20200117_20200123,unw,a531321f0573e2ea0660a3f65bbaf691bdee159ce7b1b7010287161ad2d52121
20200117_20200123,cc,aff6f5d0d8912b2e145351a468d8ca8f550fe1fa84cfe273f70efc600bff1380
20200117_20200204,unw,7bdb0c8ea8dae01a7f943bdc6fc6d39ed9cdc5951bd7b4ae5457d584b15712d8
20200117_20200204,cc,ac784e67831ad691d1849248a00a4ec12a2dc29b09a5d1a1b4cd9902628ca940
20200117_20200210,unw,ad398830bba1263070479936dc7aaeb4090157de865cdee49ae36461ee15544b
20200117_20200210,cc,907462d6a11075124c9fc21a1decc5ab3d436cf78cdf3d2c32b0d29a644c3856
20200117_20200216,unw,fa68868039dd4f275342be8e506c6211d26771cb0ff08747f3a2c6e7962da3b9
20200117_20200216,cc,a2608514e0bc4eb3298e1dad9ce375e5b8203810735a25cdf42e575ecff76e62
20200123_20200210,unw,33e5c0cd52ea51f337d2daf5e246e89a87074da2e84e91ff156129949f8942d0
20200123_20200210,cc,b8d99af46b6be363261038d43628c14a3f75195fc5877ae617b409ab376ee8ed
20200123_20200216,unw,d9b6c0424c40a1e16c6151b8fd9c7658157faac71da27d0eea719f58c1669c3b
20200123_20200216,cc,89b0b3252ccb800a6628ef4ed9deba75dc34dfef8c4e7c352bb12a9352ea4d97
20200204_20200210,unw,03420e6859d3fe459e2e8ac36c97bd704b3d2ae31b69ed143dccc150db702cbb
20200204_20200210,cc,b91571ece4c8e47d3068930df2da69b86d7f5483e07de491b4488d796b188cb9
20200204_20200216,unw,bf69c6bf767332503ce326b7f8fd63f74abe473c3db306696f186b87f6a936ab
20200204_20200216,cc,da34ed759565deba9fbbf714a04ffb7b07e36cc3199fdc68ff5fa044b42a25e0
20200204_20200222,unw,d85a02c1bb7e7926e5dbe79e87f1f924db0195f76fceec22c860cc9b4b4557f4
20200204_20200222,cc,0f7c19343295af8c716c63f873383a73817241dcba844e9a3e2b336d35f01aa3
20200204_20200228,unw,c776b204999dba5a19afb1d331a2fe7456530f43bc23c6d87afad5a043e05ccd
20200204_20200228,cc,2fb6a2aaf072864191c1f48394b5b004e890dfa7f102ca9abe8916bb9850b169
20200210_20200216,unw,155bc3991e552fd291002d0d14ddc6d23c09182ca57c9130bb17414433a19f1a
20200210_20200216,cc,0485f01b002520234a1be929c7e3d6825bb88ec60baf46818947c35ba9274db0
20200210_20200222,unw,5af26c34215d8483e3411a82d90a6c62d3842a7232157204e081c9224e2e4055
20200210_20200222,cc,40008cf0937d07d26e790f1314db57f024a59249608971ee0b9535301e4932ce
20200210_20200228,unw,ae2f73eba992cdbbbc13f6c86cabd66fd95c1de507bf8760c727a2e431998c2b
20200210_20200228,cc,56528109305eb00cc44567319695990d694ec680db4cad3d79b0c94fa68fa06c
20200210_20200305,unw,4d3a1bc05d1709dfb9b2677a76506574fd3ec7e85c3aad15e004c145ec8ee03b
20200210_20200305,cc,16a43bf874e9f95074daabab066f592afd544d093ad98af11f40d04cef3a6296
20200216_20200222,unw,feb1c80cd92cc5ab347032ee536c4e86ab764f613f928fd55c7ed32ce4de68e7
20200216_20200222,cc,0737bccefec4569470289b00aae9753dd070a8eded9ed92bc44888efe77e4fea
20200216_20200228,unw,6596df3bd1b2f35a80449ecf6b83ec985c75517459d2dae160c26f1c6c375d5f
20200216_20200228,cc,44a8172c47db3f3cadb6a828a98866799e8552bb36ea2fdda659a002f059131e
20200216_20200305,unw,7348f148a52f27a99bec0bdd52e3c64d2674da5ce03d72d577e17bbdb363ca9b
20200216_20200305,cc,03bef3ce989c42f589560ccc0111c5b8f8dc3f37c5ba6bce732ee6aec6508d48
20200216_20200311,unw,584579592add6a32493051b9051762498509b5f3f3f3068ed699dc0f65f9b7fa
20200216_20200311,cc,cbb456c5c9c566119b9a507414f9db16c0a7c56af408953e23efc5c8e028e664
20200222_20200228,unw,785d128be107d9d97f9be4108340d7649c55737adeceba3a64be80eb1317cfaf
20200222_20200228,cc,54b967d04cde073d733a762f2e82addf3531bfd48bc1dc70fea55f2e1fac4c1e
20200222_20200305,unw,d7cda7579a691c9aba417e431273b6445ce7971213f19eb14a827b0496a83f46
20200222_20200305,cc,44a570082e0366ceab24c696d48765ffb98c2aa91416baccd05d06deb649dc12
20200222_20200311,unw,c78d02254b686f23cb465b43dfe84997415183b53cf717983b133a3dcf745f59
20200222_20200311,cc,b666e2c2aba26a509f3cd51b509037aa266f36c572919b1cf0889c34f2d4537d
20200222_20200317,unw,046fbce1293955b66cc10ecdd00496542b0d766d27fd65e75b149778b88827ae
20200222_20200317,cc,882a26b290d643950d4efd14cf8b9b70867e2621f9a177aac52d5015dc547bd9
20200228_20200305,unw,92bead984812db00bdce989da03383bc15b9bc679d2703d77720b2f3a95411a8
20200228_20200305,cc,7765d44feae7aeb9d1498c6a212c095ba4195807d56f1bc4b51c514e67008b6e
20200228_20200311,unw,e853c6686fd53874991379730f04eb4b54c322efcbbd56a056a25481f6c51c4e
20200228_20200311,cc,8f753758cfc9cef8c79821c0110be6cbc63775ce64e87be96188033f8aa3b8b4
20200228_20200317,unw,28fa5ed703a3b5f6c843104b7685a015b6f06f2551c832538699ac4ea8c756fc
20200228_20200317,cc,55bcc4573c6cde88f22ca7614d6c382239688fe218df371f156eff189c7e7ea5
20200228_20200323,unw,0dbe6ad90752a140675f7fb1fa6135bdfa3a39206170310b254aa8f2103af6ea
20200228_20200323,cc,a0495a10f7b319246374b4f709c7a6d0d3ec996240362f4b05e90852a69ac7d6
20200305_20200317,unw,a4471da06120ff675f3841783dbb215261f350ff18e1b4c874e4f3b1bf738e47
20200305_20200317,cc,db3f76c8e540675c45b9b86647b06e5cdb24411641f38bd684ebc71ae1bfbb21
20200305_20200323,unw,4fdf68007719cb21a806a2ad2e89e4f13ce8dedd3556258389a6e6cc9c9377bd
20200305_20200323,cc,1b93e0624de774e0d2cae42ab257190294d3856daf71d26dd30481904e0296f5
20200305_20200329,unw,2a8a27638539c986372d3dc33abec71de0ef26de42899671bf3f538c98752a90
20200305_20200329,cc,37788cccefbe220ed9e1ec2aadf08680297c9d5ae7d6d7adc28e136b6368ea81
20200311_20200317,unw,9e8ca1b385d532e8b48c31820268a6decb131e4cfe67760e9cbd5912aa0dc909
20200311_20200317,cc,ecd5dbcedce2f07a7868874d85d02b03ca1f4e3180608927af26f1f46fd9f14f
20200311_20200323,unw,53d2958d6adcc93b557f340a594b5ebddf18b96bdb239539212c5273e0a1e33a
20200311_20200323,cc,2d432ed83db589feed17f8fc7a148c042b6e2efb2e132900c58bb427127e160d
20200311_20200329,unw,ceba75e4676e435f71681f37918fd33d2715923ac169f86d31c0a18320e3f35e
20200311_20200329,cc,64769962b69876774cd9278698a822b0263c80a04d5bcb0d70d7fe84979be5ae
20200311_20200404,unw,b945800b04ade2203e5d5e4f41802654a6f2e5100ba43371fd91242cdd506967
20200311_20200404,cc,9edd324a633d8e076e6a23415e2e6f824c8d5a1e41bebe2803cb791f98d55beb
20200317_20200323,unw,fc9dc6f660939f35fd5d23165b8e7ab35ebd9f0299665b38422ece644849aced
20200317_20200323,cc,394463d179eebad2347b45af01025d5527d5e543b804df043c52386d5824bd97
20200317_20200329,unw,082e014b8c0caf67a74994982c279cd7d220d23bdb0b511c95de15c3d5530fdc
20200317_20200329,cc,087a916fb9dd49c3748d76f953a674a97c010621f1a8ec5359b0a1b56792c4dc
20200317_20200404,unw,c8a02c398a83bd94d015cb5913dc85531758f06e3392e70e3c4ef769f7fd7b50
20200317_20200404,cc,44e61c54ff0ac9bd591d861ec4ae50e5fad3556580c66981a8a3bee04391b77a
20200317_20200410,unw,0a7e3455f99c70e5034af7d3579dbbf22f95b99007fa565b848ac0ff435727f4
20200317_20200410,cc,38a9ca24ae53d0b4cb4042e143079fe4a4aa40e605c36c6d650032a0a18ed976
20200317_20200609,unw,0cd7bde13755a7f712cec455292f6b20931d85f88a505663b63e05b9bade5261
20200317_20200609,cc,0a2943dad2ae57d1cd2ef78d8a8e7c30d1453c908fedded29152e7e9d5448a28
20200323_20200329,unw,49515b33f38dc3f64bdf51444e9b458dd1423654aeb78cffe7e9f9b63d5dd5cd
20200323_20200329,cc,4cbca47fda87c701d4b3c642af4ddc2b2d29bc4f11df2544357fb591b7c6b277
20200323_20200404,unw,327b907cd3a7f00f8448c7cb1f06cc740b941cb3f154ee3cdff14468d8adbd14
20200323_20200404,cc,e4ed87a28a5f17d03209c177ddcbb737c9901c14d4626dbb58c62c2da7aa5ec8
20200323_20200410,unw,5311c55931af26f3d342c9651b8a53f890b559fea4493c25ae4c5698e89bb510
20200323_20200410,cc,75117dfb4f28bf2688696c7814b3aa02aa21f1fae270b367757f5ed91d5a72b1
20200323_20200416,unw,8dae1a78ed3e8101b1cab9d2448f0c8da1c08e30925468cfdd4aaa5728f15056
20200323_20200416,cc,8d7a46600b809f3213f12a85245c707080c2604b8e56f987a9d9d0960453402e
20200323_20200609,unw,0418415460127fe2868a7f5ed532d7892928d05df8ea308d3656dbb8587706a7
20200323_20200609,cc,2ad53090b59b8bcdd87e29ec0e77e17f948009960b824cfe425e915af33d8f8d
20200329_20200410,unw,aa26bd57652df5874044061b6376e7999172454a26ee9e15fe6b881f49cc2f97
20200329_20200410,cc,c12c574508cdb40319117b31a2a8635b9d1d8a9473462b6c3830fbe3d52ab0ee
20200329_20200416,unw,a7e4ef1f184a2e3ea513e38c46cdc34d0e3caa348f9e890e693e358a6e41db97
20200329_20200416,cc,4da488ef48700a6b3cf056cbbf99f034276d94c698ea2b939f7b5e2f4dba4245
20200329_20200422,unw,2d8f42214d3063b8bc73026cd9dff7acf4dc3606bb7519e577759e60a7abfc9c
20200329_20200422,cc,315a1269afac0c0bc3baf41833d7caffa6427cc9deaa2718f1e0f08c5d798a35
20200329_20200609,unw,718111073cb860e4f21cb8b109b893fabddb6298dadcd2a47c11e40e37815932
20200329_20200609,cc,6ebe7d896007cdb116521a8f8c9a8b4a98eb2c7494e662970e08a6305c64890e
20200329_20200621,unw,1ed12d699cd3add759f591d78d1b7fc3a58d8a980ccacbd5629f82c7c31844f8
20200329_20200621,cc,2fa21116e674d3114caf4f70d0b2cdfb406b537954bd44c97d9d222f202e3a27
20200404_20200416,unw,0c941c9dd1de7e49103b1aacf4ea279fa2d90a1d79bd2a04a729a034d17bc0d7
20200404_20200416,cc,e38318c326b5825b0b62b6f8eb36949d3577aeb1517954e60312ea4a284dd67c
20200404_20200422,unw,cf8ca2f933aa66c22bf2b6eb280f1e656f87899edc02f435b0f085066f578416
20200404_20200422,cc,9c9751fad8c76d521b17d804618fd06ff212895fad83d914dd3ba7940b0435b6
20200404_20200428,unw,36ee21032c47ea5c544ae98d45f1d2f1c053cf26f3510c29898b9d8c14a49486
20200404_20200428,cc,5b87991a22172063ed9442017479843486ec0a18220a96d9cc13f5c2d07547a3
20200410_20200416,unw,48183720ba107b2de05d20532033338cff1512c81f10730b451ff638fc97bbdd
20200410_20200416,cc,dc39e6512709caa1d3d19d1181dac1aa80f11ba13c874373bfb4999e64c12b29
20200410_20200422,unw,d89b7791ad4c8b3e6814de9e3589c8a5270d8359599b32d9fa7c369899acda85
20200410_20200422,cc,06b4eb61936c116151ab3d3ba69b74f0a963623f308c1d8d82e890c6f0d47832
20200410_20200428,unw,bc3be66a50733677c7d63763b0dcc3094d104028a4fce41945719ea79a69031d
20200410_20200428,cc,c45ccdf1b1104520a29a95ba6cf6ab8bbfc4e4ee801481aff7cb1d9766814ed4
20200410_20200504,unw,af898043ef5064c3b267fd43d787e79dc5dd66f604a15ce04980d8cfc5ad9527
20200410_20200504,cc,5e6a5ba4d42688af7e47015ead36e30830367f9c14b06f3c2fad92fd29c7db01
20200416_20200422,unw,89f960336aaf993bfe5affaf5df2afeae30735804f7deec2090ed6d268668a4a
20200416_20200422,cc,a42a25db88f74dd906573a141028da8d5de9c9956f8ee9dbd44e47dd86426cee
20200416_20200428,unw,856d2f9e6e7866f52c2712243b90b2692c5b8f9e2e1d74b252f8ce32b5a5e646
20200416_20200428,cc,5fb8339556d77b6e6927feca8528c226314ff87b5056a6f0df4e2413c12bccc6
20200416_20200504,unw,6890e411443e316a2e450ccef3f9f4cf53cdabb2caa72a970bc84583a2225203
20200416_20200504,cc,1f0c944bbd852819e6b68476e62751260d2a5e14b1132e74ace24dd444ff6f54
20200416_20200516,unw,bf102a908f692b3e95d6e60227c16bfe3678eb28e1b26504b35df9d5b2beab7b
20200416_20200516,cc,521b7821e78e202700d6d93a5b6f05d91a91b83f407c59082b09ec083cf3ec50
20200422_20200428,unw,4aa651184edf8c4c6678b2954dabfcb1d0d359e6befc17f34a8fbda8a692b045
20200422_20200428,cc,ae28eacb00cb685d087017014ca0187ef611ee5286913585789e4dc7adc50550
20200422_20200504,unw,69e1c2d8b73efe7d89bcae9e9f458cebf468a7bf8cdc63a99c9531d39684cb97
20200422_20200504,cc,d2eb67869326e743d801522bbb4e795d0f428ae3e1eea36c3a062cf8de7fa3d6
20200422_20200516,unw,c3daeb238675c5568df60a6814f963b7c2b5b7a419ae69db660303ef886309ff
20200422_20200516,cc,4e2064803ec757fc38ece9a6c7f67f2aa231b3e7dea3cba8d702ee5702e2c964
20200422_20200528,unw,83e21de4e8bc9fd4a94c5a7080bfefca6ae23301611cdc612210ddab3e3d00f1
20200422_20200528,cc,c21c10548b40a582d943f3fe69f1f6a54bd439ec5eb1262d4f3f4ed2cc0443c9
20200428_20200504,unw,89b96ae500066acaa49e7c2412efb291fc2208c9c2f6346c2cead64cc76f9233
20200428_20200504,cc,1d90843a4642d9f9f0484b9f1f7e0c0e6256297e275c691d427201388660884b
20200428_20200516,unw,47e6ff68aa033e15613c41cec2e24ddc994535708ad23418306252cdbf248998
20200428_20200516,cc,bcf3ae2359452353a4d03f6247782eca888622e59d8be81fdd4f3fd786ff3c77
20200428_20200528,unw,daf5b6b651b955603d65ac454b85fc92aa5a675ae52797594ba10cd2a04ca562
20200428_20200528,cc,d3501ae37d1c83c200106c409a43c5e42b77c30b3e87fd761db9c1bec8192de3
20200428_20200609,unw,b098e599df4359e58bc1192b9fedf9d1024c3b8ca64ed83649b4bc5a42e115bc
20200428_20200609,cc,f391ac4be3216d14d6636b135d548c03f332873c356609d81bf96cd8ff30df11
20200504_20200516,unw,3a0b2eb293067342e1ee3870b46279bedc1a560ab2d14a906871f2650cf0f5fc
20200504_20200516,cc,eceb93ceeb556169a1018153852072c035222aa26c9fde1d80891ecf4c938661
20200504_20200528,unw,58e81db0f83f8b474b8c6e11f893415a06189814f6211c0c2e5738bdbf20eaff
20200504_20200528,cc,b31bc89737f851e0eda77e2929a4ed2e0cc87b9fdedafbf6bed31cbd044b6dc5
20200504_20200609,unw,4fabe374586044c0624da723f9103db16d7246e1dd32382d520e7b4a518dc699
20200504_20200609,cc,99280f83a86813ea35afc4731694617a1644c637b254a0ab795d5d37146c2f2a
20200516_20200528,unw,27717a474ebacaef3a5680fe41605d4a610d4c5f9a6b02d5513ab1e07bb741b6
20200516_20200528,cc,9257a371f66516165b9c1dbff6a394881d8457dfb9d7fd9e0ab489ecfb41ed3c
20200516_20200621,unw,9700f941c02adc5d5c58268aeb5572d063bc1e5daf1bc908fda5440d9af12018
20200516_20200621,cc,c7442722a4ff4ca44997a954a3fb56460d5825da02725f21a6544bb85769d503
20200516_20200703,unw,3cc06719e98e2a6730559df248c66d681a2be3b1a65e0203c8841b1e4d918361
20200516_20200703,cc,f57b58d9977a1ffe65afa25b2cf9b9bec3b5115ae755a77afea495f65688e088
20200528_20200609,unw,ab6df6b6170d73a403d1f1b1c174c6371df743deae29cb33c3585739953142f1
20200528_20200609,cc,2661414f9bf9cae8a2b8c114504722883eeef5124a7d0c80a5fa81ca178596fd
20200528_20200621,unw,f0d259d5bc7422b12e053a8b84b689e7c68e0768b6887b51204418a6ee7b3ade
20200528_20200621,cc,8927395b2db61e37f6219e8aa139f40cba6716fde9500178d23e9a415df3d9ad
20200528_20200703,unw,a3be5e82d86a066157e89bc0bdd9ab8c1a3d3a0dc2c8342b399172df1bec2993
20200528_20200703,cc,968b9858bc41880193dfa68cbc75d5790b45955abf1b411de62e1af0c787cd7c
20200528_20200715,unw,193da8480495009aba717d7c3eec4b824e097f93f01565c4c5353b2335dc4fa5
20200528_20200715,cc,64e543527cbbb4a50ee402b0455a9dbe7d0ef7b55d1e0fc49daf64f5fdc7b3b6
20200609_20200621,unw,cabf6f6bb434a4467d57386bb07462b793cf6b5544a3d343a1e11e2833938855
20200609_20200621,cc,45d279c7b3facd52809116d11e6f8d6f502c49b84a5c690ba5e6f0209888e305
20200609_20200703,unw,08741802d9ceccda43f107b2a0b89ee09528067c57b540e85268280bce6ec4a4
20200609_20200703,cc,25cfb5827e1a6c295a624cf62150275715ad4f80bbafe82abbe49c50603ed8a2
20200609_20200727,unw,c4430d1646bdf54bf17bad9e2bc7cc6b01a0b7571f1c50d485630f8bca30e0e4
20200609_20200727,cc,dc4f824643911071500b01589351b46d32737cd9e22ab68e545b721a90bebced
20200609_20200901,unw,ed502bc4c4514c5ef58c5dc285452c83339eadd8f2ba85fab9ac73c81e617b28
20200609_20200901,cc,d35986d1428bcf99bb718fd438d05cc7018dff2d737b59e5d6d976a9c443b818
20200609_20200907,unw,dce6919cfa8f92ac6e114ee18836d45ca7ce29ee2d8dcff0a07a830b75b3c554
20200609_20200907,cc,9b16c950d13986d8cfd296ca6b27dc1b048e15ec892a13ad3be61349ebc1b7b3
20200609_20200913,unw,509321240ab04cb89ec6b4d0688d85c6a228fd0a30ec8d9558c965793caadd90
20200609_20200913,cc,c834c081a8cfa49c7de5b10747fb07e874dd6768efe7bcca5253fcd18355abeb
20200621_20200703,unw,f24087cbe57a595bae0ba4d50bf439cac35b1aae0edc893229c96cfb05310243
20200621_20200703,cc,b6796d382de07357b2bfc43e585cb8dc92882f5592989a53a4a32af852c6ecd7
20200621_20200715,unw,dc5ef429da3b3e4445a454d8e41d494bfd635201a510e5ce50c9eb62a541ce8a
20200621_20200715,cc,539fa3a9551b6c1d823a450c741006e35f80af8aeb2e69dbf090839b6a7b397d
20200621_20200727,unw,2e26cd99777266f4aac13428cf9625858914de0a3cdfd0228b83d38f04360553
20200621_20200727,cc,20d3b500076ee602989468c26695cf3131805f0e4f36c1f09a9d7e402ae0c504
20200621_20200808,unw,00fd1a052bc163965da21522a1f15864866abd44a26918b7e7fcb188dca313e9
20200621_20200808,cc,e3709f0a8d871c19337440f8b29a6224d9092edeeaea38644dfbd5933cd849a6
20200621_20200901,unw,b7f83d3208081847e2bf88c6fc9f277867cd177bb11b52cb0b0590853d213f7e
20200621_20200901,cc,9ac93f29e3249c36fbd4f341e1e75871c4868675c6206ac387235a9ef4450ef7
20200621_20200907,unw,f340609f249eca698e2a1593f39aa657ee31292c66f6972fcaf2c5983f954aa3
20200621_20200907,cc,1164440cc78731a3292d821e126ddcf69f02e5674f0f7262c4e0033eee8f0d2e
20200621_20200913,unw,a5f54e00980ace383da3828fd2ec545bbd33cf5fa63b3f2a8db737786c79a837
20200621_20200913,cc,e742f606265ca116acf86c097edfda99fe025848ab17c520abe7b368831fbb80
20200621_20200919,unw,031615983da2a40abbdeb76eb60f9f789b97e7209609048b1ecbb2e5a9dd4d9a
20200621_20200919,cc,00c894285f863c1a1a2fd4d29fb3266af43f14e10ecefeb530fb09e2611dfbbb
20200703_20200715,unw,10dff71de617fb2d549e85d5154049fccc6b0d76cd4cc0398b2d8db30381cdd5
20200703_20200715,cc,e88dffee84b27bbcca7eb69c90278adbc5df62a3741d7a8444074b66128647ef
20200703_20200727,unw,12d7ec892a3928b5429e2e48f731fb6ade89582bd2da97e143fcb41c3b723d6e
20200703_20200727,cc,3db27808666239f3feaf93c5f130c36f41cd537238bdf911f9e8edb1f2ea339c
20200703_20200808,unw,68af3ed33cf6f9a70ffeeb5e23be7195ac35d1b903af3b9dc2279d42ca223289
20200703_20200808,cc,cbd4e775605fbb87aca7e4a882998554272ae530154d1e0fd50ace712d406eef
20200703_20200814,unw,60486ac6ff0b4379eec01143f06a29a57f30c0e8d7c309194eabc2e0830dff34
20200703_20200814,cc,4601ff6f7bb448b5487e01559b11d7ffcf8f633467ebe4f0af160921f7fdb44e
20200715_20200727,unw,d4e56e7258008579855331d7cfcfcc7899c2c0ceecc852f3d5f8205762b6ca14
20200715_20200727,cc,e286508a7ce1887fc8d6352d15b043fc7e2cf97f05fe5611bf30eea7c36ba734
20200715_20200808,unw,c142b39aa7b747dd6303e08cc86d3a6e44685d423c04376eff6fd2afa34f83a2
20200715_20200808,cc,e93358879bca604192705572ed27be6f102cbfe2c9c37fa945e4557c19bf55c0
20200715_20200814,unw,7a48b9810978c5cd1a5899bdccf286d37cec4a62c9d5afb63793f0675fc8b483
20200715_20200814,cc,37bd3bee9260596f345e913d43002df493c6fd58cb5feb5feff2ec9a98569b9a
20200715_20200820,unw,59c03e96b3ae87290338e3eafc4836fb0854af9c4651f7c3389ff4b6416507c1
20200715_20200820,cc,19c52de4055a314bd3ca1e9421062c292b5ebc566e3728adf6d62e5f4b786c5f
20200727_20200808,unw,58418855902bb9c3fa38725c3d7e6dc0a54ad6e7d5a965c18ca56b439755d7e6
20200727_20200808,cc,159124f752efedfc3855e0da08873e4c42d9055ef815a137fe66a82f667f91e9
20200727_20200820,unw,6b864143e900ee2d34c29b0d6d671b069aed4627f8658a3bb16555a44b6b326b
20200727_20200820,cc,6ffbf0175d6092b988262b350e1ed2212d8380c1eb8213deb4cc8a09b82c3aa7
20200727_20200826,unw,33bd2e018d29ae5907cf7ed8702525f6a5d9db004870f35047fa1669feaed260
20200727_20200826,cc,64b04be8185d8e2ccc49e5041b731fb5f040f2ede1cbb1fcc36a57fe1596b961
20200808_20200814,unw,e879fe599f1e6e987a00a43df2cb6bcb1bcb4066ae6221647df144b463a1832d
20200808_20200814,cc,6bca3ca6366b57ed7e2f944e457ee2428dc7474919ac5386d26a91a97cbfb9c9
20200808_20200820,unw,c9e98bc51992e61b0fa75e257c343ee09cc32171f6a84156b4df24d1c6a302bf
20200808_20200820,cc,95af18d28e7a6ed23ad80c57e83cbd10ff5b4191d5c24bdadbca6c51181b0703
20200808_20200826,unw,1acb10defb8da0096a2637795cdae6b4c7d565ec89a311abb02798830a45338c
20200808_20200826,cc,412f2e56ace644b1271d8af10e80ff33894e22ef2b84d39413461cf9f55624d2
20200814_20200820,unw,7b6f494f3cd9cbad08cf6367e1b321fa72a241654fe2ff05d090318d4d4a1d9b
20200814_20200820,cc,a6ed2dd149d38507d486f0bdc246c8e8b2104fbba6961651b35eeee07519a79a
20200814_20200901,unw,1abf8b9d7fe1a5c6b01923ddcf3d4bb10bcc5c5f2e0fbb2de54eed2b3289d22d
20200814_20200901,cc,d5abc204c4b5bf0a84a9ade689bfb3c99e215eb323aa626fda85d7aa268989a4
20200814_20200907,unw,d2fcb2a441953908dd54fe682470269c7ecd5bc5c1afe9e875f3c52da27bcb07
20200814_20200907,cc,95cef5b37ab3d446d827028cf2121c08089b81f5530957f932489410d9f3f9d6
20200820_20200826,unw,a6ac960c780e790e3546ad6119a7bad5224b0a730ce806560aa5f740b217438e
20200820_20200826,cc,5da5f4156615db25a78c165c78c2999abdf0dee3b6d7f00e8171dd80d0856d5c
20200820_20200901,unw,ab80d6d80fd853fa66d59a5bcef0cf99aeabadccf6384beb4fcbdb347f87e5de
20200820_20200901,cc,2ba8ebf577e15890d3d6f014934b5a6761cd7d81b9a31bfdce8cb520cbfcf068
20200820_20200913,unw,90722ec56f8537fb784801e9b482fcbfc1e7bffae8fd2b5dfbbdd037e2bbfbb3
20200820_20200913,cc,b39f40fe2aa255b8ae982a314df04b6b6d2efccdeda4fda51a83d471dfb72fd0
20200826_20200901,unw,50eb3b58ecae16fb1dccba8e1354aa5ded5bd4f2bb04adb969416c328039ba84
20200826_20200901,cc,2e27e3197216cff5352d7d403f8f22cabc3aa9276d53111c9352028063c1af41
20200826_20200907,unw,70db15133b5e8e254807fa47c0e55a8b6b2ae178ed70c726a663b7f04e633b1d
20200826_20200907,cc,7ae4528021ff7812eb390d02aee59b1d2cde9e5a2d1c54622f726e2b7e7e3930
20200826_20200913,unw,1a0ab79e57175500c3a6511832a79d73915f9fc19cc9e93d981b2abfa9abd1da
20200826_20200913,cc,bb374b7c75cbdd35362f605f095d673fae802982754a48e52845aba949dc0c04
20200826_20200919,unw,ff923ed26e9791202c1e1c17f5461c484742230c7c76e293857d1a172624e7f9
20200826_20200919,cc,3a8bc2cccd9d6f5ed3dbe599836b9b4d77f0e5db2a9075c634bf23a620f1986d
20200901_20200907,unw,32a7e04e8d5a16c0950e43ba40a75e0e2fa654bb8f5586e5bebc30d65dbadc6f
20200901_20200907,cc,9accc35a61f9af8fc2beb280fa6d9e77e8fe286a4f9b4b55289946d235a362be
20200901_20200913,unw,43a9bab2b1ca15b919fc17b628a8f6364fecda5b6fcec46ab0d1a2d163e17464
20200901_20200913,cc,689883c36841841997a1b363752421d1319bf3dc4c32ded613c9f4bf0c5ea878
20200901_20200919,unw,44b7d8cc88cf20fb8411eb71967a508c458d6673e14ab4de04cd44bbcf2b86c4
20200901_20200919,cc,a8b2838169f6d036dbe719779b5c2185295c4fb17499531d32bccd3eb1d23b23
20200901_20200925,unw,9c105cde2ac617a99af8c9ccea9a04317bccded6cc8fbd607cf4b54f04748501
20200901_20200925,cc,adfb7c35ef12dd942228ba3958e2826025099761689619ad263f1e5a39e9d5a9
20200907_20200913,unw,a3bac93cc80bd49341277eadef3de928a0411522f258b553edc414ad2238830c
20200907_20200913,cc,1af38bee32f0d9e10512abac0020eb64f24fe645e18c79e70ad680b4978b4906
20200907_20200919,unw,8cd26b730b2eed2f7076ba03818c847601e8adb6ffc03ede3977ea671738e35f
20200907_20200919,cc,f96d92415ea5f103572f591bc1c48475cc05f0326580b29301bcf296f6069187
20200907_20200925,unw,dcff3cae93d5233ff4f9ee0f01b8fc0c99554650db81d77635b2f63fa1757ca5
20200907_20200925,cc,ae1da7ea3c018b5e4731b622d25b5d2b01c2e0cbc567a8861642ed40a769acc6
20200907_20201001,unw,1198ca32214408b49fb7ab26960f229b89d9c7af70166f996aed747581447e82
20200907_20201001,cc,459a908072173f02c4a30ecb1b7d6338ceca3145733c29f3fab8cafe8896ff68
20200913_20200919,unw,08e7a9c4a1760589d1173086bc2c7763663537a317df8ec4accbc5a2845a56dd
20200913_20200919,cc,a92cd54facc5bb98a1a19288e3e63ecb3f7fe90f99a6297941c90e679c3c4b35
20200913_20200925,unw,e554a091eb5ac0c8ed989aa5ec53be0ebc65ea6eb64260e43d42fddce64c6948
20200913_20200925,cc,a87546b9ba1f2469d98ac32399e659755dacec31d9ce0c550c59a9060829f4d0
20200913_20201001,unw,3348f087f31858fcfdbd01a4dd43acf6c71ac8ebbc60d83746607756937da5f0
20200913_20201001,cc,d860b7cdd79465c303a8264fb770291e2bc6f1a11daa448ac22bda205aeffd4d
20200913_20201007,unw,de25fbc9f7ca764b75812f04cf67af6266d3d22b2132a47c4b03e0fdf61f21db
20200913_20201007,cc,0190d9ab52188caa02332bacf0715c6fcb60ad7538fc2d0e6549c14f913dd294
20200919_20200925,unw,8b5722b3902943277150d248aede494e7719b3b1ad05acc1c8f61471286c5943
20200919_20200925,cc,ad571d0748356f234b8a5ae6f9caebd4858f4f5aba56d58768394c95847e8de7
20200919_20201001,unw,fb31d347b8d281e4c826f84a7e1df82c70208ba3b0af47325116d652b4c5c0f6
20200919_20201001,cc,f937aed5a0d88765c99ed01ad9b4c169d6d5b0828355093aee0143138ef141aa
20200919_20201007,unw,9599f4607b535871e93d152e65e7610f1a436f581b6a62284332cf86e9b6b93b
20200919_20201007,cc,0296353af53ed0ccb0b1ea3441a229968f1813f75cbe93eba7c3df5a08a08254
20200919_20201013,unw,41260b29b9f741e409c5505d09850e2cd4be19629749f315e0cf318d2ac83c62
20200919_20201013,cc,714f08d847cd750b6cf0a4253141c67d25a4e341c7967abbe23f9b793da0774c
20200925_20201001,unw,41260b29b9f741e409c5505d09850e2cd4be19629749f315e0cf318d2ac83c62
20200925_20201001,cc,8d830f30104441612216e05fd9d4b804125a1d2643305b47606a46029eef04b7
20200925_20201007,unw,fddcb3f489bd0f84446fef06a128d4140c8c5a2def8edaffe7166bb71e4e4f68
20200925_20201007,cc,d346bab363e115b82cb1000ae375ac08c4ff5dae6d246d48bfdcfe365bf3cac1
20200925_20201013,unw,41260b29b9f741e409c5505d09850e2cd4be19629749f315e0cf318d2ac83c62
20200925_20201013,cc,4908e6102f3149c4f3e19b009f1212a30f9ead1d26ff78a4eccc2a6493d31362
20200925_20201019,unw,1d391d13de03287b70e772e56350bfdd121f5ac43b963afbd22c2a98552d098d
20200925_20201019,cc,e86995875783904ce7a33c48b485e2464f85680f091d6833749524be01eb2de0
20201001_20201007,unw,2d915bc332be9e409d747cdbfb8a25dc8b3219cf6bfcca28914d1881ec85cde9
20201001_20201007,cc,8293575c19c1c899affd1a8ed1e7daafd55ee0de644f7883981f14dc7dbcbd8f
20201001_20201013,unw,be5fd670c02c18be4c64fbd6d3167bd6632e1455a3826c4d864d8082fb46282c
20201001_20201013,cc,b81d160527a3031f3560a6d24d71aa6ebb0a5b6f9986511dc084d8ef81853554
20201001_20201019,unw,643063fc7d1c4c9e3b40fd9097bc985fb2b01543a0fd2b0f4cafd10e812707d0
20201001_20201019,cc,5cc6edc827bc3d89bff09ba44f5dcffd3a6a3d96d761565a585e7093163b3527
20201001_20201025,unw,d1b17f2f2da267afbdf36a2f8a4db10c1df34c3ce194c9b682cb686ecb5cff70
20201001_20201025,cc,2073ebe4771379d7711eef478943a3b945c29fedd51a0f10af1b7b4bfb5992e0
20201007_20201013,unw,15f5e616f5c5fa499fc72110a728ab075503deb7fbc8f8927cc4e795288b9a07
20201007_20201013,cc,2752f0e73a162571f0346a6fdcedc0f5ecfe23889ab28ad5dc636623a21bf578
20201007_20201019,unw,265c64523ad124154ad91ea857c7c91a8bd9d4b1d21631ad50e27495fc4e7bb8
20201007_20201019,cc,f7db9cc26ab195f93bbaa0733a68d353ef03ed7978c1b47473d99cbdd3d18e2d
20201007_20201025,unw,768dd5af4b713fdede5311c4ff23ba73ff6b1cd65df2cb802fc6859738e9d264
20201007_20201025,cc,df8a617be4140b26112db18ae188a108244d8174d8a6cd22196fbda7cb818998
20201007_20201031,unw,9192132a5ce4c24d10656920f6957b00b9a53c3607b78f5ca06c1351225d7f95
20201007_20201031,cc,9b4f45f13a253904d6c9e0b943c4c8d5ee4cc8a8c2ca87cdea92001779cec794
20201013_20201019,unw,8bb168cfd42c9f25b72ed66fcb95240eb792435910af0e8106b32bb40f899214
20201013_20201019,cc,f11d9ec22068e68b02df4175da61ae31558666bc60dd360f2a5f189bf42c854d
20201013_20201025,unw,a9cac51ea1d0ce18fdaff8ec0bd94f50a6197807e7bbf6a24f6d9739858c4dae
20201013_20201025,cc,d99f1b01e8c4800f106a119de715eddff31d18cc87e7f65dd8d61bb7e686ab4a
20201013_20201031,unw,da87d7f86bce03e64ddc64b69de94aa47bbed9f7870555614b8fa8d2fe06d4e3
20201013_20201031,cc,a9bc3f7d5c9b8ca58096a35874289b25fc6fcaf1036beb93a59a58be9be5edf0
20201013_20201106,unw,dd43ed62618449af596472eacb5733d1f6fb1a94086e7d07a32a98358ff0f38a
20201013_20201106,cc,39ec3d19f0b8473b673acabff56f20ad7eb18cb4b0936c1c1334ec8b018117c4
20201019_20201025,unw,a0416209a3405c1db661cb0b4a2b5130fefc5c45b91daa2379f344883a3e8432
20201019_20201025,cc,f179012ce1bddccadcf5eec46f508136a8296c43fbe70163d9e9ded8e5472ce1
20201019_20201106,unw,bab78534fd78ec514a5eee18fccef3a90b6ee2ab1e818f6291dc99370d12315c
20201019_20201106,cc,81cff49c1c247d1fa74c1b139f65581396879d796ecc184a0148856604beedf1
20201019_20201112,unw,04ee06ffc593ddfdd0fa6fda95335c8fc4c66b0beb6b833c05809209ed6c6d34
20201019_20201112,cc,5cf4dbc30fa37185e642fefa40658857fe350d1bbe6035ac7bfb9538599df8ad
20201025_20201031,unw,978d58d63375710f5e6db8dd1517ecbaf51d2912c1da0a67c2583e060c388e34
20201025_20201031,cc,4cb65f3877d05a257f63319617686ac168c371d9d49ea5f30acc5d6dfca5e19d
20201025_20201106,unw,85d1f51a8953b366765bb22b5c550907a50aa6fff43235e15cde95679454a7de
20201025_20201106,cc,1e9c25c7eba5adde594f774a2c46dc4b2eb1600bb516bf55fb455bdfddfed513
20201025_20201112,unw,bf9ca0ac55691134d5feef31645fce49534c74064c012add18bdbf88cf957c25
20201025_20201112,cc,bd401e28bf87eceb39997ca0da89d1b3398ed643f276733e573af45ed70228d0
20201025_20201118,unw,6a53df9c84ca31c4016845c76dc8286f82eabf4935daf9374511c62532fe6a03
20201025_20201118,cc,5b6bc2c320be3aaea875d2bbcc6576baa5ae092b95a0a011a3fc7e20ec764f10
20201031_20201106,unw,abf0460c18f9cf93d6774247a5187f27a4673f608b8abb46abe5afa08937d467
20201031_20201106,cc,40a1c7cdc0e462435b5ddbf93fc04aea112e4398a4a526e91446b8891fe50a5e
20201031_20201112,unw,c9cde151c6df4fc2f7988c0322dea03386a773e26fa16709931504ea4baeec82
20201031_20201112,cc,3992184e64c983f854e62f1c2b93473b1b178180e71fb61558b4dcd70175e0e2
20201031_20201118,unw,5270d0c9293cad62593df8e8f4418b60f91ccba213997cdb651cb936e7ea36d2
20201031_20201118,cc,0e9e698409d3636391f03c070b7edcbe3b4d9dc0986909fe5d11ce0a35bab7de
20201031_20201124,unw,c07d5c953862a7a2ed10ab8472eada01f51cddfb1bbaeafc46f08d0915c4a27d
20201031_20201124,cc,692f62d520b02c989e4d9f5532fb9f2d140fe89839afdacc4f05a3e5b17e1700
20201106_20201112,unw,2d8031aad9564c84ba45899d4ff53c4e8547de8cc80e203fd7a801eeef89015c
20201106_20201112,cc,3d2b1d39f235dcb81e6bbc12bbe92758d51181e242cb9dc35263c18be5baf9b9
20201106_20201118,unw,b9fbabed63afe9a3838b2dbbc32d02f13d59fb48dfeaa092ed705ce90f3bd426
20201106_20201118,cc,681424c42800e6ddb72d3cffecb4747878a1c001972c1104cb4a510f1ceed5f5
20201106_20201124,unw,9656aa3c6e8284f4319b4934680a04b4abbc2748d9599367468db96cf6518e1e
20201106_20201124,cc,b864a53ea9f81c181ef78a0ef6fba019b650dc21d3f0eb682d403f997cd732a5
20201112_20201118,unw,7b69a0973138b9a566ddc09577a77717da79482612397f340f2b63c4c093aeea
20201112_20201118,cc,a2e5396e2759fcf82f57f74a8ac02581363f74d44ebd6cfe725e34bcc76d2953
20201112_20201124,unw,3c9e5aeb24e51d978e71fa0c7aca1fedb7a05b3be111ac7ef11219f7c072b0a7
20201112_20201124,cc,ad689a05c252ee1b477b2dbcbf6703cc33e963373068d2d08631fea39aa5cfa9
20201112_20201130,unw,68663c76e6ad7754f1846be8da63a73ca70279000abf540f32d312ee427778ef
20201112_20201130,cc,a684bcdb8f9924fa9b1b53a75e2ebcb034b62c9007732815f04b5bf103a7208d
20201112_20201206,unw,fd294280112d92abadf51c6d68d12e69f66532657868e92feed7127de914322c
20201112_20201206,cc,8524328d42782cabd5b42d467f0f730b2323eaea87df0338f6d678069f151f1c
20201118_20201124,unw,22bb5f9eac8be4b17f5d0a9a9108bb84ece0f01e8481bde828c45abcf01cd61f
20201118_20201124,cc,b3fc0f1d67e8098d6fb62718a41cb21898a249040fd01c8f02f6aaa670a8e52c
20201118_20201130,unw,cd45d06167d2600b8af9f85c90ff37f053c55635b4c665cda55f427a3605f8ff
20201118_20201130,cc,0ea899bf0d02a633dcf7930957362b219cfc6fe39e5f33ec6aa0061400089690
20201118_20201206,unw,81f81d4e49ed2a08f523ffe49ba267f9400972900f20d26bb8da5cefd27bf424
20201118_20201206,cc,c34dceb1873c0fecb9a08096076d29f8a6be2766662dc77b2964f2daaf652bf0
20201118_20201212,unw,d8e3e46cbca7b8dae2003427ecef3b530422da0414921cb6257e2a6544ac1ad0
20201118_20201212,cc,37cc20e52addeba78f80b2ea857e55fde628460969389af38e9810a9dafbfae9
20201124_20201130,unw,8db50daf9b576f554b4a446527ed2df1fb7fbef86129b6f67c86e55ce7954ffe
20201124_20201130,cc,e44498ad9050ebfb9e8bbc97cba2ea0c78b421807f3f0bb81c8fa3d6bde12732
20201124_20201206,unw,e7bc7cda4a01cc1a0794ea3079f4198e835e6c0b2265d304fe3a9a4a91ecf811
20201124_20201206,cc,a68ddac1f9fdb5a43408326cc3a09e0ed94e03ffe6df50b2ce64db1d35ece04c
20201124_20201212,unw,c33d9d0d137c65bf54ac5ca361bca99689fdb8759e5c4651b12e6d17492d4d8e
20201124_20201212,cc,f5c77ba5d6805099a89a74a0f3d77862cd06037f69ed1634f5d006cdc1a10ced
20201124_20201218,unw,3ef775d4fa2552737e2c10194876c37918c34cf412f76f2373d858f50a09084b
20201124_20201218,cc,4cd8d21e5f5ea0f537c1b2d02cdfd9477397ea9317a1d242f24565a75b96335c
20201130_20201206,unw,4bc02e8cef7fe5710eafb55d0434196acc404db0bcb7d1ac06115c62da8dfd19
20201130_20201206,cc,3e33c952cbd1b2578358d8ad7e4f5c917fed9030a38d703fe77adce33bd7dd71
20201130_20201212,unw,fd3ff80daa4545ff26dd10826d28596daa5dd1c573865205c6c99b815a9a40bb
20201130_20201212,cc,b9ccdaa02c978ca5ed2b869dd5ca9aa8001262129857b3cbb59c00efc1ca9a7b
20201130_20201218,unw,8887b1f24d09a8311dc624865dcfbc06d316f9241f2fbdc289f968c477dea6b1
20201130_20201218,cc,ca66f37863731c75f2dd2b5f87499f2585c78ab7284b84a4ea174d66fe4512ca
20201130_20201224,unw,266727128251b0753e3e199628ce65d7583ab56c16a2adb7a6edc3bb9148c3b0
20201130_20201224,cc,91e1d19c18dfd17f4f3275c26b8824d3f1b2a82924bbabb014068a1611df4ee0
20201206_20201212,unw,128ee66a8dc0c4aa31bb04405668d745998e95bf5c088b704f558287d12f4157
20201206_20201212,cc,c28ab19deb86751bc42e0231c30738aa72e7ddfb08ab2fd37416b7b34fcc9628
20201206_20201218,unw,957273a95316c13baeea54ec81f140b344ef05ece43e1d536cd35c225ae0f897
20201206_20201218,cc,439827940c41a20b45e5b03b59ac63952c5233a67ec772236db3d15213784a8e
20201206_20201224,unw,668d2415a826377e98da506b932f679d572ab0ea8ecb3297ac7f72463737274d
20201206_20201224,cc,8196438bb0554c8e2f4e5d908f748db4cbf078f80aea49ef6871d6dc1faafd90
20201206_20201230,unw,25e92cc24f1bb8556166b4b7f37db89dc8859ad18c26a7c530ff5e7db13ccbd5
20201206_20201230,cc,f33205c297729f2fa13fcbd11e37e8cd54e8c5629b341131d2ecfc7669355fd7
20201212_20201218,unw,c43b0779f708df6ef6870709d8881a408eb8dfdee5691c491b54cc0f4d1fc0cc
20201212_20201218,cc,9a2cdaa32c1bf2009b3557690218811727c68f21d213ad41ccbec5a9249d97e1
20201212_20201224,unw,de854f8ae4e62369a3756045e358ecc53056d4cc2d74f100d62eefea8c67a4f1
20201212_20201224,cc,23aae16c6b668e400c13a69da89a3d743f5d2b4e77bdcdaf32cef5a92366dc93
20201212_20201230,unw,cc57cde42f0037867162037257f3108d9be6d6e7d44d8d55c1b3a29b8a151931
20201212_20201230,cc,72d1014b702ff2963280285501e482909128e00c25d9a99f9b4a04b50eec69e3
20201218_20201224,unw,b77bdb1d623694488179f7a11abf51f1d2a59d4ee0ac74144fff867cd72a2afd
20201218_20201224,cc,e3ecd7725a9caa570dab362c27b1b6ef226c79ce56a4d195f6e96602941459f4
20201218_20201230,unw,14d0f0ce6269b1df0c31b8f7d9f6774f4f03175086df32714baafba27338917d
20201218_20201230,cc,3918cd3635cded5d3319309625ad1c3c80583142a33f3833802b1a24a2183c9e
20201224_20201230,unw,d8431255556035c750b9fd825f1b62ef0c5e19442d728f9e90bdd53f3fe955c3
20201224_20201230,cc,c70bbca9e25dd8870bf27213f8b33007d93e170d027600982a8f0af9a9e82fa4
