integration_m_50,support,size_m,origin_x_m,origin_y_m,method,population_50,source_native_deficit_50,source_native_deficit_pct_50,projected_native_deficit_50,estimated_deficit_50,signed_difference_50,difference_pp_total_50,difference_pct_native_50,cell_absolute_difference_pp_total_50,integration_m_25,population_25,source_native_deficit_25,source_native_deficit_pct_25,projected_native_deficit_25,estimated_deficit_25,signed_difference_25,difference_pp_total_25,difference_pct_native_25,cell_absolute_difference_pp_total_25,integration_difference_pp_total
50.0,matched437_mean_support,250,0.0,0.0,uniform_area,11314756.61992068,390797.77038233704,3.4538769459194665,390797.77038233704,466877.90423147666,76080.13384913962,0.6723974399519427,19.467903763807712,0.7704586087351415,25.0,11314756.61992068,390797.77038233704,3.4538769459194665,390797.7703823371,466845.4359513966,76047.66556905954,0.6721104847732257,19.459595558761322,0.7702598544752074,-0.0002869551787170188
50.0,matched437_mean_support,250,0.0,0.0,center,11314756.61992068,390797.77038233704,3.4538769459194665,390797.77038233704,465419.4774889647,74621.70710662761,0.6595078410723316,19.094711577709734,1.9281310752712697,25.0,11314756.61992068,390797.77038233704,3.4538769459194665,390797.7703823371,466045.5832039089,75247.8128215718,0.6650413733963224,19.25492378013137,1.9330810020118327,0.005533532323990786
50.0,matched437_mean_support,250,125.0,0.0,uniform_area,11314756.61992068,390797.77038233704,3.4538769459194665,390797.7703823371,469206.7397607218,78408.96937838472,0.6929797256119362,20.06382208927991,0.7885239081402147,25.0,11314756.61992068,390797.77038233704,3.4538769459194665,390797.77038233704,466336.52047369856,75538.7500913615,0.6676126816406153,19.329370793865625,0.7645975159236581,-0.025367043971320946
50.0,matched437_mean_support,250,125.0,0.0,center,11314756.61992068,390797.77038233704,3.4538769459194665,390797.7703823371,458129.16784459475,67331.39746225774,0.5950759678181196,17.229217402234422,1.954032473844713,25.0,11314756.61992068,390797.77038233704,3.4538769459194665,390797.77038233704,455878.46531082166,65080.69492848452,0.5751842228219378,16.65329228076527,1.9241320001970328,-0.019891744996181737
50.0,matched437_mean_support,250,0.0,125.0,uniform_area,11314756.61992068,390797.77038233704,3.4538769459194665,390797.77038233704,472032.89728481113,81235.1269024741,0.717957351017627,20.786998560149847,0.8110276208471445,25.0,11314756.61992068,390797.77038233704,3.4538769459194665,390797.7703823371,468639.4022137418,77841.6318314047,0.6879655872964804,19.9186478866674,0.7827010104650576,-0.029991763721146647
50.0,matched437_mean_support,250,0.0,125.0,center,11314756.61992068,390797.77038233704,3.4538769459194665,390797.77038233704,465543.20397644746,74745.43359411042,0.6606013377478588,19.126371555544758,1.9525364596169112,25.0,11314756.61992068,390797.77038233704,3.4538769459194665,390797.7703823371,462461.108877696,71663.33849535896,0.6333617319632752,18.33770403174182,1.9110176767315932,-0.02723960578458362
50.0,matched437_mean_support,250,125.0,125.0,uniform_area,11314756.61992068,390797.77038233704,3.4538769459194665,390797.77038233704,474273.30641700834,83475.53603467128,0.7377581227660244,21.360289735789173,0.8269394686521168,25.0,11314756.61992068,390797.77038233704,3.4538769459194665,390797.7703823371,468039.4114363146,77241.64105397751,0.6826628592080047,19.765118152646608,0.7740555223797507,-0.055095263558019636
50.0,matched437_mean_support,250,125.0,125.0,center,11314756.61992068,390797.77038233704,3.4538769459194665,390797.77038233704,457438.0903380844,66640.31995574733,0.5889682137609645,17.052379774467433,1.9404515526860535,25.0,11314756.61992068,390797.77038233704,3.4538769459194665,390797.7703823371,451693.44783817965,60895.67745584262,0.5381969714543406,15.582401454405773,1.8651510254581132,-0.05077124230662389
50.0,matched437_mean_support,500,0.0,0.0,uniform_area,11314756.61992068,390797.77038233704,3.4538769459194665,390797.77038233704,586324.889027133,195527.11864479596,1.728071802274141,50.03281325108431,1.8162736561535207,25.0,11314756.61992068,390797.77038233704,3.4538769459194665,390797.7703823371,586223.4027936142,195425.6324112771,1.727174865318907,50.006844261184604,1.8156096964894526,-0.0008969369552340734
50.0,matched437_mean_support,500,0.0,0.0,center,11314756.61992068,390797.77038233704,3.4538769459194665,390797.77038233704,550182.6145001077,159384.8441177707,1.4086458018651402,40.784481436994,3.413063382215728,25.0,11314756.61992068,390797.77038233704,3.4538769459194665,390797.7703823371,550858.5734318282,160060.80304949108,1.414619937716461,40.95745042068577,3.418813870383546,0.005974135851320783
50.0,matched437_mean_support,500,250.0,0.0,uniform_area,11314756.61992068,390797.77038233704,3.4538769459194665,390797.770382337,579705.8656731907,188908.09529085376,1.66957276799276,48.33909239196414,1.7575326324832297,25.0,11314756.61992068,390797.77038233704,3.4538769459194665,390797.77038233716,579689.221668002,188891.4512856648,1.6694256680086592,48.33483341035002,1.7577696812760988,-0.00014709998410089575
50.0,matched437_mean_support,500,250.0,0.0,center,11314756.61992068,390797.77038233704,3.4538769459194665,390797.770382337,570785.2988455187,179987.52846318175,1.590732655674599,46.056436884757794,3.564699090096476,25.0,11314756.61992068,390797.77038233704,3.4538769459194665,390797.77038233716,571479.843864638,180682.07348230088,1.5968710556636572,46.23416180331085,3.5710480813172323,0.006138399989058074
50.0,matched437_mean_support,500,0.0,250.0,uniform_area,11314756.61992068,390797.77038233704,3.4538769459194665,390797.7703823371,582644.0066570926,191846.23627475556,1.6955401050075831,49.09092395462307,1.781284444784438,25.0,11314756.61992068,390797.77038233704,3.4538769459194665,390797.7703823371,582662.3735279113,191864.6031455742,1.6957024317056781,49.09562379485006,1.7811390546030956,0.00016232669809501665
50.0,matched437_mean_support,500,0.0,250.0,center,11314756.61992068,390797.77038233704,3.4538769459194665,390797.7703823371,561659.8872197398,170862.1168374027,1.5100821217540292,43.72136429290263,3.435504744747963,25.0,11314756.61992068,390797.77038233704,3.4538769459194665,390797.7703823371,561663.0587723178,170865.2883899808,1.5101101519864473,43.72217585141664,3.436373008791741,2.803023241804148e-05
50.0,matched437_mean_support,500,250.0,250.0,uniform_area,11314756.61992068,390797.77038233704,3.4538769459194665,390797.77038233704,580399.2190889802,189601.44870664325,1.6757006365725293,48.51651239492657,1.76374119934262,25.0,11314756.61992068,390797.77038233704,3.4538769459194665,390797.77038233716,580389.635221882,189591.86483954487,1.6756159342018082,48.51406000962023,1.7635006366176305,-8.470237072111253e-05
50.0,matched437_mean_support,500,250.0,250.0,center,11314756.61992068,390797.77038233704,3.4538769459194665,390797.77038233704,559616.602164085,168818.83178174804,1.4920235357473515,43.198514570997716,3.4999300671807423,25.0,11314756.61992068,390797.77038233704,3.4538769459194665,390797.77038233716,559386.0581827112,168588.28780037418,1.489985984352141,43.13952140398237,3.4980323300865983,-0.0020375513952104463
50.0,matched437_mean_support,1000,0.0,0.0,uniform_area,11314756.61992068,390797.77038233704,3.4538769459194665,390797.77038233716,751644.6964116313,360846.92602929415,3.189170904427494,92.33597358456255,3.2461490080436133,25.0,11314756.61992068,390797.77038233704,3.4538769459194665,390797.77038233716,751639.3623694493,360841.5919871121,3.1891237620773647,92.33460867345346,3.245948596031752,-4.714235012936996e-05
50.0,matched437_mean_support,1000,0.0,0.0,center,11314756.61992068,390797.77038233704,3.4538769459194665,390797.77038233716,820655.4614490983,429857.69106676115,3.7990891497388177,109.99491902070216,6.395336200463804,25.0,11314756.61992068,390797.77038233704,3.4538769459194665,390797.77038233716,820430.1013007055,429632.3309183684,3.797097413142416,109.93725232824066,6.392853481769956,-0.0019917365964019496
50.0,matched437_mean_support,1000,500.0,0.0,uniform_area,11314756.61992068,390797.77038233704,3.4538769459194665,390797.7703823369,737695.4979565754,346897.72757423844,3.065887665347505,88.76655750488315,3.122785112125073,25.0,11314756.61992068,390797.77038233704,3.4538769459194665,390797.77038233716,737705.6745251081,346907.9041427709,3.0659776060229817,88.76916155467661,3.1228377343528746,8.994067547662965e-05
50.0,matched437_mean_support,1000,500.0,0.0,center,11314756.61992068,390797.77038233704,3.4538769459194665,390797.7703823369,729816.9466412644,339019.1762589275,2.9962569027958827,86.75054003692192,5.503545559327674,25.0,11314756.61992068,390797.77038233704,3.4538769459194665,390797.77038233716,729948.947086652,339151.17670431477,2.9974235248437218,86.7843172115609,5.504623718934813,0.0011666220478390166
50.0,matched437_mean_support,1000,0.0,500.0,uniform_area,11314756.61992068,390797.77038233704,3.4538769459194665,390797.7703823371,750944.3631591321,360146.5927767949,3.1829813479392333,92.15676753335758,3.237664748690625,25.0,11314756.61992068,390797.77038233704,3.4538769459194665,390797.77038233704,750925.5839396948,360127.81355735776,3.182815376897452,92.15196217855252,3.237458139627901,-0.0001659710417811766
50.0,matched437_mean_support,1000,0.0,500.0,center,11314756.61992068,390797.77038233704,3.4538769459194665,390797.7703823371,858187.6847454514,467389.9143631144,4.130799539605041,119.59892040986912,6.83089196892053,25.0,11314756.61992068,390797.77038233704,3.4538769459194665,390797.77038233704,858834.2886123089,468036.5182299718,4.136514234923534,119.76437781926654,6.836419885815831,0.0057146953184927796
50.0,matched437_mean_support,1000,500.0,500.0,uniform_area,11314756.61992068,390797.77038233704,3.4538769459194665,390797.77038233704,742915.7608241517,352117.99044181465,3.1120244320755273,90.10235398664634,3.1682454165344116,25.0,11314756.61992068,390797.77038233704,3.4538769459194665,390797.7703823372,742861.7222296634,352063.9518473261,3.1115468381130253,90.08852622236927,3.167665230380014,-0.0004775939625019099
50.0,matched437_mean_support,1000,500.0,500.0,center,11314756.61992068,390797.77038233704,3.4538769459194665,390797.77038233704,632757.8414647048,241960.07108236788,2.1384469786683233,61.91439394489028,4.8903496118443375,25.0,11314756.61992068,390797.77038233704,3.4538769459194665,390797.7703823372,633439.6699215614,242641.89953922425,2.144472989476686,62.08886486272312,4.894982299251459,0.006026010808362514
50.0,matched437_mean_support,2000,0.0,0.0,uniform_area,11314756.61992068,390797.77038233704,3.4538769459194665,390797.7703823372,900267.189770552,509469.4193882148,4.502698878129173,130.36651127507082,4.521139355323117,25.0,11314756.61992068,390797.77038233704,3.4538769459194665,390797.7703823374,900335.1911226538,509537.42074031645,4.50329987516681,130.38391192503747,4.521619053097629,0.0006009970376377183
50.0,matched437_mean_support,2000,0.0,0.0,center,11314756.61992068,390797.77038233704,3.4538769459194665,390797.7703823372,938801.1543388673,548003.3839565301,4.843262673381053,140.22684505604803,7.977409450015125,25.0,11314756.61992068,390797.77038233704,3.4538769459194665,390797.7703823374,939458.550201878,548660.7798195404,4.8490727485341765,140.39506399505763,7.982579655554111,0.005810075153123151
50.0,matched437_mean_support,2000,1000.0,0.0,uniform_area,11314756.61992068,390797.77038233704,3.4538769459194665,390797.770382337,907998.2627589393,517200.4923766024,4.571026224868353,132.344790982456,4.612375582995902,25.0,11314756.61992068,390797.77038233704,3.4538769459194665,390797.7703823375,907922.2549673961,517124.48458505864,4.570354466790854,132.3253415901349,4.611600400157508,-0.000671758077499085
50.0,matched437_mean_support,2000,1000.0,0.0,center,11314756.61992068,390797.77038233704,3.4538769459194665,390797.770382337,1026977.4733311529,636179.7029488159,5.622566391121152,162.7900032096932,8.249101522733767,25.0,11314756.61992068,390797.77038233704,3.4538769459194665,390797.7703823375,1027509.9908228451,636712.2204405076,5.6272727892309815,162.92626741897226,8.25356093889913,0.004706398109829202
50.0,matched437_mean_support,2000,0.0,1000.0,uniform_area,11314756.61992068,390797.77038233704,3.4538769459194665,390797.77038233704,913943.0687056204,523145.29832328326,4.623566514919441,133.8659884910459,4.648425646816648,25.0,11314756.61992068,390797.77038233704,3.4538769459194665,390797.770382337,913953.3736809546,523155.60329861776,4.623657590456287,133.86862539844802,4.6485433204049675,9.107553684639669e-05
50.0,matched437_mean_support,2000,0.0,1000.0,center,11314756.61992068,390797.77038233704,3.4538769459194665,390797.77038233704,981412.1619695806,590614.3915872435,5.2198594404356164,151.13044043455415,8.002656026741489,25.0,11314756.61992068,390797.77038233704,3.4538769459194665,390797.770382337,981230.3885098803,590432.6181275432,5.218252923691101,151.08392700139856,8.000663620738113,-0.001606516744515396
50.0,matched437_mean_support,2000,1000.0,1000.0,uniform_area,11314756.61992068,390797.77038233704,3.4538769459194665,390797.77038233704,919298.4822291953,528500.7118468585,4.670897745307078,135.2363682448341,4.7052239049829,25.0,11314756.61992068,390797.77038233704,3.4538769459194665,390797.77038233704,919351.1520020018,528553.3816196647,4.671363241601656,135.24984574567927,4.705575058927539,0.0004654962945780383
50.0,matched437_mean_support,2000,1000.0,1000.0,center,11314756.61992068,390797.77038233704,3.4538769459194665,390797.77038233704,772661.6795232177,381863.9091408808,3.37491933735962,97.7139426274833,6.728653869674391,25.0,11314756.61992068,390797.77038233704,3.4538769459194665,390797.77038233704,772604.7885642139,381807.01818187686,3.374416534153904,97.69938498071161,6.7282187952473365,-0.0005028032057161624
50.0,final_quality_mask,250,0.0,0.0,uniform_area,11314756.61992068,33313.47180341894,0.2944249966876661,33313.47180341894,34652.87749790544,1339.4056944865079,0.011837688953276818,4.020612749071219,0.04755216404698429,25.0,11314756.61992068,33313.47180341894,0.2944249966876661,33313.47180341894,34648.14076586146,1334.668962442521,0.011795825639702336,4.006394080804105,0.04735968710524832,-4.1863313574481975e-05
50.0,final_quality_mask,250,0.0,0.0,center,11314756.61992068,33313.47180341894,0.2944249966876661,33313.47180341894,63593.99762428289,30280.525820863942,0.2676197715782261,90.89573731476486,0.5182367417682011,25.0,11314756.61992068,33313.47180341894,0.2944249966876661,33313.47180341894,64327.91326115169,31014.441457732748,0.2741061297167359,93.09879690939253,0.5246012319154928,0.00648635813850984
50.0,final_quality_mask,250,125.0,0.0,uniform_area,11314756.61992068,33313.47180341894,0.2944249966876661,33313.47180341894,35361.181085364566,2047.7092819456248,0.01809768738940829,6.146790385670548,0.04754685002479978,25.0,11314756.61992068,33313.47180341894,0.2944249966876661,33313.47180341894,35271.65406121923,1958.182257800283,0.01730644611791933,5.878049184892569,0.04630878140782126,-0.0007912412714889613
50.0,final_quality_mask,250,125.0,0.0,center,11314756.61992068,33313.47180341894,0.2944249966876661,33313.47180341894,66422.69133901145,33109.219535592514,0.2926198118773554,99.38687787021506,0.5033731093512133,25.0,11314756.61992068,33313.47180341894,0.2944249966876661,33313.47180341894,66287.40691847968,32973.93511506073,0.29142416600465854,98.9807826384419,0.4997548144165579,-0.0011956458726968822
50.0,final_quality_mask,250,0.0,125.0,uniform_area,11314756.61992068,33313.47180341894,0.2944249966876661,33313.47180341894,34849.34752196173,1535.8757185427953,0.013574094168660625,4.610374228197882,0.04745719749888726,25.0,11314756.61992068,33313.47180341894,0.2944249966876661,33313.47180341895,34742.47172128785,1428.9999178689066,0.012629524132697821,4.289555667753156,0.04649093859973682,-0.0009445700359628044
50.0,final_quality_mask,250,0.0,125.0,center,11314756.61992068,33313.47180341894,0.2944249966876661,33313.47180341894,60392.74413344334,27079.2723300244,0.23932704201828633,81.28625106929044,0.4565732996176539,25.0,11314756.61992068,33313.47180341894,0.2944249966876661,33313.47180341895,59831.2571423317,26517.785338912745,0.23436461100918177,79.60078581840047,0.44817738565280835,-0.004962431009104568
50.0,final_quality_mask,250,125.0,125.0,uniform_area,11314756.61992068,33313.47180341894,0.2944249966876661,33313.47180341894,35553.97509927781,2240.5032958588754,0.019801603968345738,6.725517259443772,0.04497588695530942,25.0,11314756.61992068,33313.47180341894,0.2944249966876661,33313.47180341894,35390.227772695725,2076.7559692767773,0.018354402476677717,6.233982400668431,0.04293417646355793,-0.001447201491668021
50.0,final_quality_mask,250,125.0,125.0,center,11314756.61992068,33313.47180341894,0.2944249966876661,33313.47180341894,55942.899773918485,22629.427970499546,0.19999924638819305,67.9287589838568,0.4253351292907615,25.0,11314756.61992068,33313.47180341894,0.2944249966876661,33313.47180341894,54402.286334921155,21088.814531502212,0.18638328017036968,63.30416312039227,0.405632259757101,-0.013615966217823378
50.0,final_quality_mask,500,0.0,0.0,uniform_area,11314756.61992068,33313.47180341894,0.2944249966876661,33313.471803418935,38429.973402604766,5116.501599185828,0.04521972297820133,15.358656189838264,0.1136865458094812,25.0,11314756.61992068,33313.47180341894,0.2944249966876661,33313.47180341894,38446.62660532366,5133.154801904714,0.04536690425021885,15.40864558397033,0.1135149768734643,0.0001471812720175228
50.0,final_quality_mask,500,0.0,0.0,center,11314756.61992068,33313.47180341894,0.2944249966876661,33313.471803418935,81034.78052337863,47721.30871995971,0.42176168982673395,143.2492806560681,0.804930476564324,25.0,11314756.61992068,33313.47180341894,0.2944249966876661,33313.47180341894,81894.02820437348,48580.556400954534,0.4293557345760664,145.82856055239714,0.8121780025810554,0.0075940447493324514
50.0,final_quality_mask,500,250.0,0.0,uniform_area,11314756.61992068,33313.47180341894,0.2944249966876661,33313.47180341894,38722.01076255653,5408.538959137588,0.04780075383694381,16.235290608715577,0.09771642728333138,25.0,11314756.61992068,33313.47180341894,0.2944249966876661,33313.47180341894,38718.53893189069,5405.067128471748,0.04777006974198301,16.224868906989844,0.0973842531471125,-3.068409496079921e-05
50.0,final_quality_mask,500,250.0,0.0,center,11314756.61992068,33313.47180341894,0.2944249966876661,33313.47180341894,88077.58739669353,54764.11559327459,0.4840061296312576,164.39029806450307,0.8645804991878924,25.0,11314756.61992068,33313.47180341894,0.2944249966876661,33313.47180341894,88893.56975299305,55580.09794957413,0.49121779474885213,166.83970460223833,0.8724247351850524,0.0072116651175945234
50.0,final_quality_mask,500,0.0,250.0,uniform_area,11314756.61992068,33313.47180341894,0.2944249966876661,33313.47180341894,38367.791153028855,5054.319349609911,0.044670155261769505,15.171998221725989,0.0972165355337031,25.0,11314756.61992068,33313.47180341894,0.2944249966876661,33313.47180341895,38369.03479559031,5055.562992171365,0.0446811465946212,15.175731373793697,0.09723519835196345,1.0991332851692515e-05
50.0,final_quality_mask,500,0.0,250.0,center,11314756.61992068,33313.47180341894,0.2944249966876661,33313.47180341894,66069.20647351153,32755.734670092585,0.28949570698165145,98.32579102947439,0.6608778125838698,25.0,11314756.61992068,33313.47180341894,0.2944249966876661,33313.47180341895,66019.46373797295,32705.991934554,0.28905607988926657,98.17647385283152,0.6598732364863195,-0.0004396270923848755
50.0,final_quality_mask,500,250.0,250.0,uniform_area,11314756.61992068,33313.47180341894,0.2944249966876661,33313.47180341894,38685.961304490105,5372.489501071161,0.047482148149898276,16.127077756332152,0.08572583909245367,25.0,11314756.61992068,33313.47180341894,0.2944249966876661,33313.47180341894,38697.562845223474,5384.091041804524,0.047584682752480345,16.16190312908773,0.08586479062261652,0.00010253460258206892
50.0,final_quality_mask,500,250.0,250.0,center,11314756.61992068,33313.47180341894,0.2944249966876661,33313.47180341894,102442.32684927089,69128.85504585193,0.610961926694421,207.51020924440928,0.8823245716916872,25.0,11314756.61992068,33313.47180341894,0.2944249966876661,33313.47180341894,102277.20788082859,68963.73607740963,0.6095026026100514,207.01455700673,0.8805971722999221,-0.001459324084369551
50.0,final_quality_mask,1000,0.0,0.0,uniform_area,11314756.61992068,33313.47180341894,0.2944249966876661,33313.47180341894,45566.49071848014,12253.018915061204,0.10829237717308586,36.78097253677319,0.1760343659727009,25.0,11314756.61992068,33313.47180341894,0.2944249966876661,33313.47180341894,45546.76610309526,12233.29429967632,0.10811805070679531,36.72176341110393,0.1758630118001284,-0.00017432646629055026
50.0,final_quality_mask,1000,0.0,0.0,center,11314756.61992068,33313.47180341894,0.2944249966876661,33313.47180341894,241099.41491719626,207785.94311377735,1.8364154890256401,623.7294759907084,2.28179021691963,25.0,11314756.61992068,33313.47180341894,0.2944249966876661,33313.47180341894,241086.78656120156,207773.31475778265,1.836303879413353,623.6915683356034,2.2817589086296866,-0.0001116096122870669
50.0,final_quality_mask,1000,500.0,0.0,uniform_area,11314756.61992068,33313.47180341894,0.2944249966876661,33313.47180341895,45536.670022541875,12223.198219122925,0.10802882138536546,36.691457111559494,0.1744935599584008,25.0,11314756.61992068,33313.47180341894,0.2944249966876661,33313.471803418935,45507.35405666288,12193.882253243948,0.10776972640998292,36.6034567792856,0.1741794485958689,-0.00025909497538254
50.0,final_quality_mask,1000,500.0,0.0,center,11314756.61992068,33313.47180341894,0.2944249966876661,33313.47180341895,81270.56441119278,47957.092607773826,0.423845551598882,143.95705404337957,0.7672341899624157,25.0,11314756.61992068,33313.47180341894,0.2944249966876661,33313.471803418935,81342.26412769419,48028.79232427526,0.4244792348402449,144.17228143524235,0.7668628260826689,0.0006336832413629256
50.0,final_quality_mask,1000,0.0,500.0,uniform_area,11314756.61992068,33313.47180341894,0.2944249966876661,33313.47180341893,46537.65543784311,13224.183634424178,0.11687554649776359,39.69620372340474,0.18498050544870115,25.0,11314756.61992068,33313.47180341894,0.2944249966876661,33313.47180341894,46544.326619891115,13230.854816472172,0.11693450651141733,39.71622920164778,0.18497098197984213,5.8960013653741594e-05
50.0,final_quality_mask,1000,0.0,500.0,center,11314756.61992068,33313.47180341894,0.2944249966876661,33313.47180341893,236647.89895809948,203334.4271546806,1.7970729197717912,610.3669661167303,2.344540909838405,25.0,11314756.61992068,33313.47180341894,0.2944249966876661,33313.47180341894,237366.02845536053,204052.55665194156,1.8034197597559287,612.5226390573911,2.3508450568692574,0.006346839984137542
50.0,final_quality_mask,1000,500.0,500.0,uniform_area,11314756.61992068,33313.47180341894,0.2944249966876661,33313.47180341893,46053.24471490465,12739.772911485725,0.11259431677970139,38.24210513591156,0.1752176828792123,25.0,11314756.61992068,33313.47180341894,0.2944249966876661,33313.471803418935,46077.335954574344,12763.86415115541,0.11280723554127044,38.314421944594386,0.17535083003882307,0.00021291876156905032
50.0,final_quality_mask,1000,500.0,500.0,center,11314756.61992068,33313.47180341894,0.2944249966876661,33313.47180341893,70008.09617643336,36694.624373014434,0.32430767718335307,110.14950524985056,0.7285804997759219,25.0,11314756.61992068,33313.47180341894,0.2944249966876661,33313.471803418935,70811.56002074218,37498.08821732323,0.3314087034917248,112.56133386096019,0.7365626233882022,0.007101026308371727
50.0,final_quality_mask,2000,0.0,0.0,uniform_area,11314756.61992068,33313.47180341894,0.2944249966876661,33313.47180341901,60362.5530876705,27049.0812842515,0.23906021307280337,81.1956239321639,0.29820572645691024,25.0,11314756.61992068,33313.47180341894,0.2944249966876661,33313.471803418965,60357.50039551488,27044.028592095918,0.23901555729870844,81.18045681843466,0.29798690754699736,-4.46557740949316e-05
50.0,final_quality_mask,2000,0.0,0.0,center,11314756.61992068,33313.47180341894,0.2944249966876661,33313.47180341901,364812.62383021216,331499.1520267931,2.929794808340447,995.0903765988495,3.4992539620449876,25.0,11314756.61992068,33313.47180341894,0.2944249966876661,33313.471803418965,365643.60066235694,332330.128858938,2.937138994875417,997.5847933832916,3.506604076189218,0.007344186534970376
50.0,final_quality_mask,2000,1000.0,0.0,uniform_area,11314756.61992068,33313.47180341894,0.2944249966876661,33313.47180341897,58773.32597687582,25459.85417345685,0.22501459844600114,76.42510010272757,0.29315932121779853,25.0,11314756.61992068,33313.47180341894,0.2944249966876661,33313.47180341899,58768.15316276878,25454.681359349794,0.22496888103217758,76.40957240829337,0.29300601126140746,-4.571741382355943e-05
50.0,final_quality_mask,2000,1000.0,0.0,center,11314756.61992068,33313.47180341894,0.2944249966876661,33313.47180341897,243611.1708007816,210297.69899736266,1.8586144277033236,631.2692361766387,2.4186961139362992,25.0,11314756.61992068,33313.47180341894,0.2944249966876661,33313.47180341899,244396.80772268522,211083.33591926622,1.8655578993863147,633.6275521352381,2.425643077180057,0.0069434716829910315
50.0,final_quality_mask,2000,0.0,1000.0,uniform_area,11314756.61992068,33313.47180341894,0.2944249966876661,33313.47180341897,57326.92201441638,24013.450210997413,0.21223125708881357,72.08330117226906,0.2907874714001753,25.0,11314756.61992068,33313.47180341894,0.2944249966876661,33313.47180341894,57325.63035171686,24012.158548297924,0.2122198413532138,72.07942387389828,0.29104928762103205,-1.1415735599762389e-05
50.0,final_quality_mask,2000,0.0,1000.0,center,11314756.61992068,33313.47180341894,0.2944249966876661,33313.47180341897,299527.2788847077,266213.8070812888,2.3528018853944648,799.1175721708099,2.7431383054968435,25.0,11314756.61992068,33313.47180341894,0.2944249966876661,33313.47180341894,299359.5815356076,266046.1097321886,2.3513197735405966,798.6141801794565,2.741660742260514,-0.001482111853868151
50.0,final_quality_mask,2000,1000.0,1000.0,uniform_area,11314756.61992068,33313.47180341894,0.2944249966876661,33313.47180341899,55687.938178466065,22374.46637504708,0.1977458917291668,67.16341817231671,0.2862196809797409,25.0,11314756.61992068,33313.47180341894,0.2944249966876661,33313.47180341893,55669.529055767896,22356.05725234897,0.19758319160828486,67.1081578776025,0.2861982382908338,-0.0001627001208819312
50.0,final_quality_mask,2000,1000.0,1000.0,center,11314756.61992068,33313.47180341894,0.2944249966876661,33313.47180341899,42089.95324033057,8776.481436911588,0.07756668332980117,26.3451419554862,0.6410690013605981,25.0,11314756.61992068,33313.47180341894,0.2944249966876661,33313.47180341893,42025.37639092948,8711.904587510551,0.07699595210181043,26.15129590490912,0.6405039761032468,-0.0005707312279907423
