integration_m,support,size_m,origin_x_m,origin_y_m,method,population,source_native_deficit,source_native_deficit_pct,projected_native_deficit,estimated_deficit,signed_difference,difference_pp_total,difference_pct_native,cell_absolute_difference_pp_total
25.0,matched437_mean_support,250,0.0,0.0,uniform_area,11314756.61992068,390797.77038233704,3.4538769459194665,390797.7703823371,466845.4359513966,76047.66556905954,0.6721104847732257,19.459595558761322,0.7702598544752074
25.0,matched437_mean_support,250,0.0,0.0,center,11314756.61992068,390797.77038233704,3.4538769459194665,390797.7703823371,466045.5832039089,75247.8128215718,0.6650413733963224,19.25492378013137,1.9330810020118327
25.0,matched437_mean_support,250,125.0,0.0,uniform_area,11314756.61992068,390797.77038233704,3.4538769459194665,390797.77038233704,466336.52047369856,75538.7500913615,0.6676126816406153,19.329370793865625,0.7645975159236581
25.0,matched437_mean_support,250,125.0,0.0,center,11314756.61992068,390797.77038233704,3.4538769459194665,390797.77038233704,455878.46531082166,65080.69492848452,0.5751842228219378,16.65329228076527,1.9241320001970328
25.0,matched437_mean_support,250,0.0,125.0,uniform_area,11314756.61992068,390797.77038233704,3.4538769459194665,390797.7703823371,468639.4022137418,77841.6318314047,0.6879655872964804,19.9186478866674,0.7827010104650576
25.0,matched437_mean_support,250,0.0,125.0,center,11314756.61992068,390797.77038233704,3.4538769459194665,390797.7703823371,462461.108877696,71663.33849535896,0.6333617319632752,18.33770403174182,1.9110176767315932
25.0,matched437_mean_support,250,125.0,125.0,uniform_area,11314756.61992068,390797.77038233704,3.4538769459194665,390797.7703823371,468039.4114363146,77241.64105397751,0.6826628592080047,19.765118152646608,0.7740555223797507
25.0,matched437_mean_support,250,125.0,125.0,center,11314756.61992068,390797.77038233704,3.4538769459194665,390797.7703823371,451693.44783817965,60895.67745584262,0.5381969714543406,15.582401454405773,1.8651510254581132
25.0,matched437_mean_support,500,0.0,0.0,uniform_area,11314756.61992068,390797.77038233704,3.4538769459194665,390797.7703823371,586223.4027936142,195425.6324112771,1.727174865318907,50.006844261184604,1.8156096964894526
25.0,matched437_mean_support,500,0.0,0.0,center,11314756.61992068,390797.77038233704,3.4538769459194665,390797.7703823371,550858.5734318282,160060.80304949108,1.414619937716461,40.95745042068577,3.418813870383546
25.0,matched437_mean_support,500,250.0,0.0,uniform_area,11314756.61992068,390797.77038233704,3.4538769459194665,390797.77038233716,579689.221668002,188891.4512856648,1.6694256680086592,48.33483341035002,1.7577696812760988
25.0,matched437_mean_support,500,250.0,0.0,center,11314756.61992068,390797.77038233704,3.4538769459194665,390797.77038233716,571479.843864638,180682.07348230088,1.5968710556636572,46.23416180331085,3.5710480813172323
25.0,matched437_mean_support,500,0.0,250.0,uniform_area,11314756.61992068,390797.77038233704,3.4538769459194665,390797.7703823371,582662.3735279113,191864.6031455742,1.6957024317056781,49.09562379485006,1.7811390546030956
25.0,matched437_mean_support,500,0.0,250.0,center,11314756.61992068,390797.77038233704,3.4538769459194665,390797.7703823371,561663.0587723178,170865.2883899808,1.5101101519864473,43.72217585141664,3.436373008791741
25.0,matched437_mean_support,500,250.0,250.0,uniform_area,11314756.61992068,390797.77038233704,3.4538769459194665,390797.77038233716,580389.635221882,189591.86483954487,1.6756159342018082,48.51406000962023,1.7635006366176305
25.0,matched437_mean_support,500,250.0,250.0,center,11314756.61992068,390797.77038233704,3.4538769459194665,390797.77038233716,559386.0581827112,168588.28780037418,1.489985984352141,43.13952140398237,3.4980323300865983
25.0,matched437_mean_support,1000,0.0,0.0,uniform_area,11314756.61992068,390797.77038233704,3.4538769459194665,390797.77038233716,751639.3623694493,360841.5919871121,3.1891237620773647,92.33460867345346,3.245948596031752
25.0,matched437_mean_support,1000,0.0,0.0,center,11314756.61992068,390797.77038233704,3.4538769459194665,390797.77038233716,820430.1013007055,429632.3309183684,3.797097413142416,109.93725232824066,6.392853481769956
25.0,matched437_mean_support,1000,500.0,0.0,uniform_area,11314756.61992068,390797.77038233704,3.4538769459194665,390797.77038233716,737705.6745251081,346907.9041427709,3.0659776060229817,88.76916155467661,3.1228377343528746
25.0,matched437_mean_support,1000,500.0,0.0,center,11314756.61992068,390797.77038233704,3.4538769459194665,390797.77038233716,729948.947086652,339151.17670431477,2.9974235248437218,86.7843172115609,5.504623718934813
25.0,matched437_mean_support,1000,0.0,500.0,uniform_area,11314756.61992068,390797.77038233704,3.4538769459194665,390797.77038233704,750925.5839396948,360127.81355735776,3.182815376897452,92.15196217855252,3.237458139627901
25.0,matched437_mean_support,1000,0.0,500.0,center,11314756.61992068,390797.77038233704,3.4538769459194665,390797.77038233704,858834.2886123089,468036.5182299718,4.136514234923534,119.76437781926654,6.836419885815831
25.0,matched437_mean_support,1000,500.0,500.0,uniform_area,11314756.61992068,390797.77038233704,3.4538769459194665,390797.7703823372,742861.7222296634,352063.9518473261,3.1115468381130253,90.08852622236927,3.167665230380014
25.0,matched437_mean_support,1000,500.0,500.0,center,11314756.61992068,390797.77038233704,3.4538769459194665,390797.7703823372,633439.6699215614,242641.89953922425,2.144472989476686,62.08886486272312,4.894982299251459
25.0,matched437_mean_support,2000,0.0,0.0,uniform_area,11314756.61992068,390797.77038233704,3.4538769459194665,390797.7703823374,900335.1911226538,509537.42074031645,4.50329987516681,130.38391192503747,4.521619053097629
25.0,matched437_mean_support,2000,0.0,0.0,center,11314756.61992068,390797.77038233704,3.4538769459194665,390797.7703823374,939458.550201878,548660.7798195404,4.8490727485341765,140.39506399505763,7.982579655554111
25.0,matched437_mean_support,2000,1000.0,0.0,uniform_area,11314756.61992068,390797.77038233704,3.4538769459194665,390797.7703823375,907922.2549673961,517124.48458505864,4.570354466790854,132.3253415901349,4.611600400157508
25.0,matched437_mean_support,2000,1000.0,0.0,center,11314756.61992068,390797.77038233704,3.4538769459194665,390797.7703823375,1027509.9908228451,636712.2204405076,5.6272727892309815,162.92626741897226,8.25356093889913
25.0,matched437_mean_support,2000,0.0,1000.0,uniform_area,11314756.61992068,390797.77038233704,3.4538769459194665,390797.770382337,913953.3736809546,523155.60329861776,4.623657590456287,133.86862539844802,4.6485433204049675
25.0,matched437_mean_support,2000,0.0,1000.0,center,11314756.61992068,390797.77038233704,3.4538769459194665,390797.770382337,981230.3885098803,590432.6181275432,5.218252923691101,151.08392700139856,8.000663620738113
25.0,matched437_mean_support,2000,1000.0,1000.0,uniform_area,11314756.61992068,390797.77038233704,3.4538769459194665,390797.77038233704,919351.1520020018,528553.3816196647,4.671363241601656,135.24984574567927,4.705575058927539
25.0,matched437_mean_support,2000,1000.0,1000.0,center,11314756.61992068,390797.77038233704,3.4538769459194665,390797.77038233704,772604.7885642139,381807.01818187686,3.374416534153904,97.69938498071161,6.7282187952473365
25.0,final_quality_mask,250,0.0,0.0,uniform_area,11314756.61992068,33313.47180341894,0.2944249966876661,33313.47180341894,34648.14076586146,1334.668962442521,0.011795825639702336,4.006394080804105,0.04735968710524832
25.0,final_quality_mask,250,0.0,0.0,center,11314756.61992068,33313.47180341894,0.2944249966876661,33313.47180341894,64327.91326115169,31014.441457732748,0.2741061297167359,93.09879690939253,0.5246012319154928
25.0,final_quality_mask,250,125.0,0.0,uniform_area,11314756.61992068,33313.47180341894,0.2944249966876661,33313.47180341894,35271.65406121923,1958.182257800283,0.01730644611791933,5.878049184892569,0.04630878140782126
25.0,final_quality_mask,250,125.0,0.0,center,11314756.61992068,33313.47180341894,0.2944249966876661,33313.47180341894,66287.40691847968,32973.93511506073,0.29142416600465854,98.9807826384419,0.4997548144165579
25.0,final_quality_mask,250,0.0,125.0,uniform_area,11314756.61992068,33313.47180341894,0.2944249966876661,33313.47180341895,34742.47172128785,1428.9999178689066,0.012629524132697821,4.289555667753156,0.04649093859973682
25.0,final_quality_mask,250,0.0,125.0,center,11314756.61992068,33313.47180341894,0.2944249966876661,33313.47180341895,59831.2571423317,26517.785338912745,0.23436461100918177,79.60078581840047,0.44817738565280835
25.0,final_quality_mask,250,125.0,125.0,uniform_area,11314756.61992068,33313.47180341894,0.2944249966876661,33313.47180341894,35390.227772695725,2076.7559692767773,0.018354402476677717,6.233982400668431,0.04293417646355793
25.0,final_quality_mask,250,125.0,125.0,center,11314756.61992068,33313.47180341894,0.2944249966876661,33313.47180341894,54402.286334921155,21088.814531502212,0.18638328017036968,63.30416312039227,0.405632259757101
25.0,final_quality_mask,500,0.0,0.0,uniform_area,11314756.61992068,33313.47180341894,0.2944249966876661,33313.47180341894,38446.62660532366,5133.154801904714,0.04536690425021885,15.40864558397033,0.1135149768734643
25.0,final_quality_mask,500,0.0,0.0,center,11314756.61992068,33313.47180341894,0.2944249966876661,33313.47180341894,81894.02820437348,48580.556400954534,0.4293557345760664,145.82856055239714,0.8121780025810554
25.0,final_quality_mask,500,250.0,0.0,uniform_area,11314756.61992068,33313.47180341894,0.2944249966876661,33313.47180341894,38718.53893189069,5405.067128471748,0.04777006974198301,16.224868906989844,0.0973842531471125
25.0,final_quality_mask,500,250.0,0.0,center,11314756.61992068,33313.47180341894,0.2944249966876661,33313.47180341894,88893.56975299305,55580.09794957413,0.49121779474885213,166.83970460223833,0.8724247351850524
25.0,final_quality_mask,500,0.0,250.0,uniform_area,11314756.61992068,33313.47180341894,0.2944249966876661,33313.47180341895,38369.03479559031,5055.562992171365,0.0446811465946212,15.175731373793697,0.09723519835196345
25.0,final_quality_mask,500,0.0,250.0,center,11314756.61992068,33313.47180341894,0.2944249966876661,33313.47180341895,66019.46373797295,32705.991934554,0.28905607988926657,98.17647385283152,0.6598732364863195
25.0,final_quality_mask,500,250.0,250.0,uniform_area,11314756.61992068,33313.47180341894,0.2944249966876661,33313.47180341894,38697.562845223474,5384.091041804524,0.047584682752480345,16.16190312908773,0.08586479062261652
25.0,final_quality_mask,500,250.0,250.0,center,11314756.61992068,33313.47180341894,0.2944249966876661,33313.47180341894,102277.20788082859,68963.73607740963,0.6095026026100514,207.01455700673,0.8805971722999221
25.0,final_quality_mask,1000,0.0,0.0,uniform_area,11314756.61992068,33313.47180341894,0.2944249966876661,33313.47180341894,45546.76610309526,12233.29429967632,0.10811805070679531,36.72176341110393,0.1758630118001284
25.0,final_quality_mask,1000,0.0,0.0,center,11314756.61992068,33313.47180341894,0.2944249966876661,33313.47180341894,241086.78656120156,207773.31475778265,1.836303879413353,623.6915683356034,2.2817589086296866
25.0,final_quality_mask,1000,500.0,0.0,uniform_area,11314756.61992068,33313.47180341894,0.2944249966876661,33313.471803418935,45507.35405666288,12193.882253243948,0.10776972640998292,36.6034567792856,0.1741794485958689
25.0,final_quality_mask,1000,500.0,0.0,center,11314756.61992068,33313.47180341894,0.2944249966876661,33313.471803418935,81342.26412769419,48028.79232427526,0.4244792348402449,144.17228143524235,0.7668628260826689
25.0,final_quality_mask,1000,0.0,500.0,uniform_area,11314756.61992068,33313.47180341894,0.2944249966876661,33313.47180341894,46544.326619891115,13230.854816472172,0.11693450651141733,39.71622920164778,0.18497098197984213
25.0,final_quality_mask,1000,0.0,500.0,center,11314756.61992068,33313.47180341894,0.2944249966876661,33313.47180341894,237366.02845536053,204052.55665194156,1.8034197597559287,612.5226390573911,2.3508450568692574
25.0,final_quality_mask,1000,500.0,500.0,uniform_area,11314756.61992068,33313.47180341894,0.2944249966876661,33313.471803418935,46077.335954574344,12763.86415115541,0.11280723554127044,38.314421944594386,0.17535083003882307
25.0,final_quality_mask,1000,500.0,500.0,center,11314756.61992068,33313.47180341894,0.2944249966876661,33313.471803418935,70811.56002074218,37498.08821732323,0.3314087034917248,112.56133386096019,0.7365626233882022
25.0,final_quality_mask,2000,0.0,0.0,uniform_area,11314756.61992068,33313.47180341894,0.2944249966876661,33313.471803418965,60357.50039551488,27044.028592095918,0.23901555729870844,81.18045681843466,0.29798690754699736
25.0,final_quality_mask,2000,0.0,0.0,center,11314756.61992068,33313.47180341894,0.2944249966876661,33313.471803418965,365643.60066235694,332330.128858938,2.937138994875417,997.5847933832916,3.506604076189218
25.0,final_quality_mask,2000,1000.0,0.0,uniform_area,11314756.61992068,33313.47180341894,0.2944249966876661,33313.47180341899,58768.15316276878,25454.681359349794,0.22496888103217758,76.40957240829337,0.29300601126140746
25.0,final_quality_mask,2000,1000.0,0.0,center,11314756.61992068,33313.47180341894,0.2944249966876661,33313.47180341899,244396.80772268522,211083.33591926622,1.8655578993863147,633.6275521352381,2.425643077180057
25.0,final_quality_mask,2000,0.0,1000.0,uniform_area,11314756.61992068,33313.47180341894,0.2944249966876661,33313.47180341894,57325.63035171686,24012.158548297924,0.2122198413532138,72.07942387389828,0.29104928762103205
25.0,final_quality_mask,2000,0.0,1000.0,center,11314756.61992068,33313.47180341894,0.2944249966876661,33313.47180341894,299359.5815356076,266046.1097321886,2.3513197735405966,798.6141801794565,2.741660742260514
25.0,final_quality_mask,2000,1000.0,1000.0,uniform_area,11314756.61992068,33313.47180341894,0.2944249966876661,33313.47180341893,55669.529055767896,22356.05725234897,0.19758319160828486,67.1081578776025,0.2861982382908338
25.0,final_quality_mask,2000,1000.0,1000.0,center,11314756.61992068,33313.47180341894,0.2944249966876661,33313.47180341893,42025.37639092948,8711.904587510551,0.07699595210181043,26.15129590490912,0.6405039761032468
