fraction,method,mechanism,mean_pct_total,mean_pct_removed
0.1,area_uniform,density_negative,2.4618993509359646,78551.27393458833
0.1,area_uniform,density_positive,-10.18740105403124,-32.36196429349775
0.1,area_uniform,random,-0.022565408690183433,-0.2009086228742697
0.1,area_uniform,spatial,-0.011776427271556875,0.3027323918588871
0.1,cell_center,density_negative,2.7864225406554963,87915.87097072629
0.1,cell_center,density_positive,-9.554682185550792,-30.411589597773318
0.1,cell_center,random,0.4564906290074158,4.60501788043824
0.1,cell_center,spatial,0.26034860271604854,3.177172617250773
0.1,building_weighted,density_negative,1.4860412644370888,47470.3853771
0.1,building_weighted,density_positive,-7.323583514656143,-23.261677660872742
0.1,building_weighted,random,-0.018865060849624575,-0.16745697038631058
0.1,building_weighted,spatial,-0.0009549804937382361,0.32614002842146156
0.3,area_uniform,density_negative,7.278448020844943,4334.717037726065
0.3,area_uniform,density_positive,-16.13759361246694,-21.92827717934204
0.3,area_uniform,random,-0.021014571363231947,-0.0659958640693188
0.3,area_uniform,spatial,-0.002480218381586111,0.06353255329558496
0.3,cell_center,density_negative,6.935092967691374,4132.684999876954
0.3,cell_center,density_positive,-15.426932184618423,-20.960066110816015
0.3,cell_center,random,0.7158153951899345,2.3942150934652635
0.3,cell_center,spatial,0.5682912719706181,2.019919697324035
0.3,building_weighted,density_negative,4.229312965456398,2519.1536408972092
0.3,building_weighted,density_positive,-10.608299099572669,-14.4162439933824
0.3,building_weighted,random,-0.004855724643787651,-0.012973665543139336
0.3,building_weighted,spatial,0.021711977770953964,0.12059766951711592
0.5,area_uniform,density_negative,12.801796252880562,292.723578640025
0.5,area_uniform,density_positive,-13.005649736303724,-13.664770676020655
0.5,area_uniform,random,-0.017141468201108637,-0.0326409917303895
0.5,area_uniform,spatial,-0.022397597034801632,-0.017545464601903298
0.5,cell_center,density_negative,12.03672390724109,275.54966335980043
0.5,cell_center,density_positive,-11.913382527661021,-12.515492102617912
0.5,cell_center,random,0.8738460783647048,1.7498890547576487
0.5,cell_center,spatial,-0.001955277337991079,-0.0199206381178694
0.5,building_weighted,density_negative,7.678510125174764,175.5144941433831
0.5,building_weighted,density_positive,-7.82973944887084,-8.226728182145072
0.5,building_weighted,random,-0.0014549827974314861,-0.0016083384256284502
0.5,building_weighted,spatial,-0.011832355080611739,-0.0046045473050536495
