pair,year,quarter,days,baseline_group,sampling_rank,timeseries
20160108_20160120,2016,1,12,short,0,False
20160108_20160201,2016,1,24,short,0,False
20160108_20160213,2016,1,36,long,0,False
20160108_20160225,2016,1,48,long,2,False
20160108_20160308,2016,1,60,long,0,False
20160120_20160201,2016,1,12,short,3,False
20160120_20160213,2016,1,24,short,0,False
20160120_20160225,2016,1,36,long,0,False
20160120_20160308,2016,1,48,long,0,False
20160120_20160320,2016,1,60,long,0,False
20160201_20160213,2016,1,12,short,0,False
20160201_20160225,2016,1,24,short,0,False
20160201_20160308,2016,1,36,long,0,False
20160201_20160320,2016,1,48,long,0,False
20160213_20160225,2016,1,12,short,0,False
20160213_20160308,2016,1,24,short,0,False
20160213_20160320,2016,1,36,long,0,False
20160213_20160401,2016,1,48,long,0,False
20160225_20160308,2016,1,12,short,0,False
20160225_20160320,2016,1,24,short,0,False
20160225_20160401,2016,1,36,long,0,False
20160225_20160413,2016,1,48,long,0,False
20160308_20160320,2016,1,12,short,0,False
20160308_20160401,2016,1,24,short,7,False
20160308_20160413,2016,1,36,long,0,False
20160308_20160425,2016,1,48,long,0,False
20160308_20160612,2016,1,96,long,0,False
20160308_20160916,2016,1,192,long,0,False
20160308_20160928,2016,1,204,long,0,False
20160308_20170315,2016,1,372,long,6,False
20160308_20170327,2016,1,384,long,8,False
20160320_20160401,2016,1,12,short,5,False
20160320_20160413,2016,1,24,short,1,False
20160320_20160425,2016,1,36,long,0,False
20160320_20160507,2016,1,48,long,4,False
20160320_20160612,2016,1,84,long,0,False
20160320_20160916,2016,1,180,long,0,False
20160320_20160928,2016,1,192,long,0,False
20160320_20170315,2016,1,360,long,0,False
20160320_20170327,2016,1,372,long,0,False
20160401_20160413,2016,2,12,short,0,False
20160401_20160425,2016,2,24,short,6,False
20160401_20160507,2016,2,36,long,0,False
20160401_20160519,2016,2,48,long,0,False
20160413_20160425,2016,2,12,short,8,False
20160413_20160507,2016,2,24,short,0,False
20160413_20160519,2016,2,36,long,3,False
20160413_20160531,2016,2,48,long,0,False
20160425_20160507,2016,2,12,short,0,False
20160425_20160519,2016,2,24,short,0,False
20160425_20160531,2016,2,36,long,0,False
20160425_20160612,2016,2,48,long,0,False
20160507_20160519,2016,2,12,short,2,False
20160507_20160531,2016,2,24,short,0,False
20160507_20160612,2016,2,36,long,0,False
20160507_20160706,2016,2,60,long,0,False
20160519_20160531,2016,2,12,short,0,False
20160519_20160612,2016,2,24,short,4,False
20160519_20160706,2016,2,48,long,0,False
20160519_20160718,2016,2,60,long,5,False
20160531_20160612,2016,2,12,short,0,False
20160531_20160706,2016,2,36,long,0,False
20160531_20160718,2016,2,48,long,0,False
20160531_20160730,2016,2,60,long,0,False
20160612_20160706,2016,2,24,short,0,False
20160612_20160718,2016,2,36,long,0,False
20160612_20160730,2016,2,48,long,0,False
20160612_20160811,2016,2,60,long,1,False
20160612_20160823,2016,2,72,long,0,False
20160612_20160916,2016,2,96,long,0,False
20160612_20160928,2016,2,108,long,0,False
20160612_20170315,2016,2,276,long,0,False
20160612_20170327,2016,2,288,long,0,False
20160612_20170607,2016,2,360,long,7,False
20160612_20170619,2016,2,372,long,0,False
20160706_20160718,2016,3,12,short,7,False
20160706_20160730,2016,3,24,short,0,False
20160706_20160811,2016,3,36,long,0,False
20160706_20160823,2016,3,48,long,0,False
20160706_20160904,2016,3,60,long,0,False
20160718_20160730,2016,3,12,short,0,False
20160718_20160811,2016,3,24,short,1,False
20160718_20160823,2016,3,36,long,0,False
20160718_20160904,2016,3,48,long,8,False
20160718_20160916,2016,3,60,long,0,False
20160730_20160811,2016,3,12,short,0,False
20160730_20160823,2016,3,24,short,0,False
20160730_20160904,2016,3,36,long,0,False
20160730_20160916,2016,3,48,long,4,False
20160730_20160928,2016,3,60,long,0,False
20160811_20160823,2016,3,12,short,0,False
20160811_20160904,2016,3,24,short,3,False
20160811_20160916,2016,3,36,long,0,False
20160811_20160928,2016,3,48,long,0,False
20160823_20160904,2016,3,12,short,0,False
20160823_20160916,2016,3,24,short,0,False
20160823_20160928,2016,3,36,long,0,False
20160823_20161010,2016,3,48,long,0,False
20160904_20160916,2016,3,12,short,0,False
20160904_20160928,2016,3,24,short,0,False
20160904_20161010,2016,3,36,long,0,False
20160904_20161022,2016,3,48,long,0,False
20160916_20160928,2016,3,12,short,5,False
20160916_20161010,2016,3,24,short,0,False
20160916_20161022,2016,3,36,long,0,False
20160916_20161103,2016,3,48,long,0,False
20160916_20170315,2016,3,180,long,0,False
20160916_20170327,2016,3,192,long,0,False
20160916_20170607,2016,3,264,long,6,False
20160916_20170619,2016,3,276,long,0,False
20160916_20170911,2016,3,360,long,0,False
20160916_20170923,2016,3,372,long,0,False
20160928_20161010,2016,3,12,short,0,False
20160928_20161022,2016,3,24,short,0,False
20160928_20161103,2016,3,36,long,0,False
20160928_20161115,2016,3,48,long,0,False
20160928_20170315,2016,3,168,long,0,False
20160928_20170327,2016,3,180,long,0,False
20160928_20170607,2016,3,252,long,2,False
20160928_20170619,2016,3,264,long,0,False
20160928_20170911,2016,3,348,long,0,False
20160928_20170923,2016,3,360,long,0,False
20161010_20161022,2016,4,12,short,0,False
20161010_20161103,2016,4,24,short,2,False
20161010_20161115,2016,4,36,long,3,False
20161010_20161127,2016,4,48,long,0,False
20161022_20161103,2016,4,12,short,0,False
20161022_20161115,2016,4,24,short,0,False
20161022_20161127,2016,4,36,long,0,False
20161022_20161209,2016,4,48,long,0,False
20161103_20161115,2016,4,12,short,0,False
20161103_20161127,2016,4,24,short,0,False
20161103_20161209,2016,4,36,long,0,False
20161103_20161221,2016,4,48,long,0,False
20161115_20161127,2016,4,12,short,0,False
20161115_20161209,2016,4,24,short,4,False
20161115_20161221,2016,4,36,long,0,False
20161115_20170102,2016,4,48,long,1,False
20161127_20161209,2016,4,12,short,0,False
20161127_20161221,2016,4,24,short,0,False
20161127_20170102,2016,4,36,long,0,False
20161127_20170114,2016,4,48,long,0,False
20161209_20161221,2016,4,12,short,0,False
20161209_20170102,2016,4,24,short,8,False
20161209_20170114,2016,4,36,long,0,False
20161209_20170126,2016,4,48,long,7,False
20161221_20170102,2016,4,12,short,6,False
20161221_20170114,2016,4,24,short,0,False
20161221_20170126,2016,4,36,long,0,False
20161221_20170207,2016,4,48,long,5,False
20170102_20170114,2017,1,12,short,7,False
20170102_20170126,2017,1,24,short,3,False
20170102_20170207,2017,1,36,long,0,False
20170102_20170315,2017,1,72,long,0,False
20170114_20170126,2017,1,12,short,0,False
20170114_20170207,2017,1,24,short,1,False
20170114_20170315,2017,1,60,long,0,False
20170114_20170327,2017,1,72,long,0,False
20170126_20170207,2017,1,12,short,0,False
20170126_20170315,2017,1,48,long,0,False
20170126_20170327,2017,1,60,long,0,False
20170126_20170408,2017,1,72,long,4,False
20170207_20170315,2017,1,36,long,0,False
20170207_20170327,2017,1,48,long,0,False
20170207_20170408,2017,1,60,long,8,False
20170207_20170420,2017,1,72,long,0,False
20170315_20170327,2017,1,12,short,5,False
20170315_20170408,2017,1,24,short,0,False
20170315_20170420,2017,1,36,long,0,False
20170315_20170502,2017,1,48,long,0,False
20170315_20170514,2017,1,60,long,0,False
20170315_20170607,2017,1,84,long,0,False
20170315_20170619,2017,1,96,long,0,False
20170315_20170911,2017,1,180,long,0,False
20170315_20170923,2017,1,192,long,0,False
20170315_20180310,2017,1,360,long,0,False
20170315_20180322,2017,1,372,long,2,False
20170327_20170408,2017,1,12,short,0,False
20170327_20170420,2017,1,24,short,0,False
20170327_20170502,2017,1,36,long,0,False
20170327_20170514,2017,1,48,long,0,False
20170327_20170607,2017,1,72,long,0,False
20170327_20170619,2017,1,84,long,0,False
20170327_20170911,2017,1,168,long,0,False
20170327_20170923,2017,1,180,long,0,False
20170327_20180310,2017,1,348,long,6,False
20170327_20180322,2017,1,360,long,0,False
20170408_20170420,2017,2,12,short,6,False
20170408_20170502,2017,2,24,short,0,False
20170408_20170514,2017,2,36,long,0,False
20170408_20170526,2017,2,48,long,5,False
20170420_20170502,2017,2,12,short,0,False
20170420_20170514,2017,2,24,short,0,False
20170420_20170526,2017,2,36,long,0,False
20170420_20170607,2017,2,48,long,0,False
20170502_20170514,2017,2,12,short,8,False
20170502_20170526,2017,2,24,short,0,False
20170502_20170607,2017,2,36,long,7,False
20170502_20170619,2017,2,48,long,0,False
20170514_20170526,2017,2,12,short,0,False
20170514_20170607,2017,2,24,short,0,False
20170514_20170619,2017,2,36,long,0,False
20170514_20170701,2017,2,48,long,0,False
20170514_20170830,2017,2,108,long,1,False
20170526_20170607,2017,2,12,short,0,False
20170526_20170619,2017,2,24,short,0,False
20170526_20170701,2017,2,36,long,0,False
20170526_20170713,2017,2,48,long,0,False
20170526_20170725,2017,2,60,long,0,False
20170526_20170818,2017,2,84,long,0,False
20170526_20170830,2017,2,96,long,0,False
20170607_20170619,2017,2,12,short,0,False
20170607_20170701,2017,2,24,short,0,False
20170607_20170713,2017,2,36,long,0,False
20170607_20170725,2017,2,48,long,0,False
20170607_20170818,2017,2,72,long,0,False
20170607_20170911,2017,2,96,long,0,False
20170607_20170923,2017,2,108,long,0,False
20170607_20180310,2017,2,276,long,0,False
20170607_20180322,2017,2,288,long,0,False
20170607_20180602,2017,2,360,long,0,False
20170607_20180614,2017,2,372,long,0,False
20170607_20180620,2017,2,378,long,0,False
20170607_20180626,2017,2,384,long,0,False
20170619_20170701,2017,2,12,short,2,False
20170619_20170713,2017,2,24,short,4,False
20170619_20170725,2017,2,36,long,0,False
20170619_20170806,2017,2,48,long,0,False
20170619_20170818,2017,2,60,long,0,False
20170619_20170830,2017,2,72,long,3,False
20170619_20170911,2017,2,84,long,0,False
20170619_20170923,2017,2,96,long,0,False
20170619_20180310,2017,2,264,long,0,False
20170619_20180322,2017,2,276,long,0,False
20170619_20180602,2017,2,348,long,0,False
20170619_20180608,2017,2,354,long,0,False
20170619_20180620,2017,2,366,long,0,False
20170619_20180626,2017,2,372,long,0,False
20170701_20170713,2017,3,12,short,0,False
20170701_20170725,2017,3,24,short,0,False
20170701_20170806,2017,3,36,long,0,False
20170701_20170818,2017,3,48,long,0,False
20170713_20170725,2017,3,12,short,1,False
20170713_20170806,2017,3,24,short,0,False
20170713_20170818,2017,3,36,long,0,False
20170713_20170830,2017,3,48,long,0,False
20170725_20170806,2017,3,12,short,7,False
20170725_20170818,2017,3,24,short,0,False
20170725_20170830,2017,3,36,long,0,False
20170725_20170911,2017,3,48,long,0,False
20170725_20170923,2017,3,60,long,0,False
20170806_20170818,2017,3,12,short,0,False
20170806_20170830,2017,3,24,short,0,False
20170806_20170911,2017,3,36,long,0,False
20170806_20170923,2017,3,48,long,2,False
20170818_20170830,2017,3,12,short,0,False
20170818_20170911,2017,3,24,short,0,False
20170818_20170923,2017,3,36,long,0,False
20170818_20171005,2017,3,48,long,0,False
20170818_20171122,2017,3,96,long,0,False
20170830_20170911,2017,3,12,short,0,False
20170830_20170923,2017,3,24,short,3,False
20170830_20171005,2017,3,36,long,0,False
20170830_20171017,2017,3,48,long,0,False
20170830_20171122,2017,3,84,long,0,False
20170830_20171204,2017,3,96,long,0,False
20170911_20170923,2017,3,12,short,0,False
20170911_20171005,2017,3,24,short,0,False
20170911_20171017,2017,3,36,long,0,False
20170911_20171110,2017,3,60,long,0,False
20170911_20180310,2017,3,180,long,0,False
20170911_20180322,2017,3,192,long,0,False
20170911_20180602,2017,3,264,long,0,False
20170911_20180614,2017,3,276,long,0,False
20170911_20180620,2017,3,282,long,0,False
20170911_20180626,2017,3,288,long,0,False
20170911_20180906,2017,3,360,long,6,False
20170911_20180924,2017,3,378,long,0,False
20170911_20180930,2017,3,384,long,0,False
20170923_20171005,2017,3,12,short,5,False
20170923_20171017,2017,3,24,short,0,False
20170923_20171110,2017,3,48,long,0,False
20170923_20171122,2017,3,60,long,8,False
20170923_20171204,2017,3,72,long,0,False
20170923_20171216,2017,3,84,long,0,False
20170923_20180310,2017,3,168,long,0,False
20170923_20180322,2017,3,180,long,0,False
20170923_20180602,2017,3,252,long,0,False
20170923_20180608,2017,3,258,long,0,False
20170923_20180614,2017,3,264,long,0,False
20170923_20180620,2017,3,270,long,4,False
20170923_20180906,2017,3,348,long,0,False
20170923_20180912,2017,3,354,long,0,False
20170923_20180918,2017,3,360,long,0,False
20170923_20180930,2017,3,372,long,0,False
20171005_20171017,2017,4,12,short,4,False
20171005_20171110,2017,4,36,long,0,False
20171005_20171122,2017,4,48,long,1,False
20171005_20171204,2017,4,60,long,0,False
20171017_20171110,2017,4,24,short,0,False
20171017_20171122,2017,4,36,long,0,False
20171017_20171204,2017,4,48,long,0,False
20171017_20171216,2017,4,60,long,0,False
20171110_20171122,2017,4,12,short,2,False
20171110_20171204,2017,4,24,short,0,False
20171110_20171216,2017,4,36,long,0,False
20171110_20171228,2017,4,48,long,0,False
20171122_20171204,2017,4,12,short,0,False
20171122_20171216,2017,4,24,short,8,False
20171122_20171228,2017,4,36,long,7,False
20171122_20180109,2017,4,48,long,0,False
20171204_20171216,2017,4,12,short,0,False
20171204_20171228,2017,4,24,short,6,False
20171204_20180109,2017,4,36,long,5,False
20171204_20180121,2017,4,48,long,0,False
20171216_20171228,2017,4,12,short,0,False
20171216_20180109,2017,4,24,short,0,False
20171216_20180121,2017,4,36,long,0,False
20171216_20180202,2017,4,48,long,3,False
20171228_20180109,2017,4,12,short,0,False
20171228_20180121,2017,4,24,short,0,False
20171228_20180202,2017,4,36,long,0,False
20171228_20180214,2017,4,48,long,0,False
20180109_20180121,2018,1,12,short,0,False
20180109_20180202,2018,1,24,short,0,False
20180109_20180214,2018,1,36,long,0,False
20180109_20180226,2018,1,48,long,0,False
20180109_20180310,2018,1,60,long,0,False
20180121_20180202,2018,1,12,short,0,False
20180121_20180214,2018,1,24,short,0,False
20180121_20180226,2018,1,36,long,0,False
20180121_20180310,2018,1,48,long,0,False
20180121_20180322,2018,1,60,long,0,False
20180202_20180214,2018,1,12,short,0,False
20180202_20180226,2018,1,24,short,5,False
20180202_20180310,2018,1,36,long,4,False
20180202_20180322,2018,1,48,long,0,False
20180202_20180403,2018,1,60,long,0,False
20180214_20180226,2018,1,12,short,7,False
20180214_20180310,2018,1,24,short,0,False
20180214_20180322,2018,1,36,long,0,False
20180214_20180403,2018,1,48,long,0,False
20180226_20180310,2018,1,12,short,1,False
20180226_20180322,2018,1,24,short,0,False
20180226_20180403,2018,1,36,long,0,False
20180226_20180415,2018,1,48,long,0,False
20180310_20180322,2018,1,12,short,0,False
20180310_20180403,2018,1,24,short,3,False
20180310_20180415,2018,1,36,long,0,False
20180310_20180427,2018,1,48,long,0,False
20180310_20180602,2018,1,84,long,0,False
20180310_20180608,2018,1,90,long,0,False
20180310_20180614,2018,1,96,long,0,False
20180310_20180620,2018,1,102,long,8,False
20180310_20180626,2018,1,108,long,0,False
20180310_20180906,2018,1,180,long,0,False
20180310_20180912,2018,1,186,long,0,False
20180310_20180918,2018,1,192,long,0,False
20180310_20180924,2018,1,198,long,0,False
20180310_20180930,2018,1,204,long,0,False
20180310_20190305,2018,1,360,long,0,False
20180310_20190311,2018,1,366,long,0,False
20180310_20190323,2018,1,378,long,2,False
20180310_20190329,2018,1,384,long,0,False
20180322_20180403,2018,1,12,short,0,False
20180322_20180415,2018,1,24,short,0,False
20180322_20180427,2018,1,36,long,0,False
20180322_20180509,2018,1,48,long,0,False
20180322_20180602,2018,1,72,long,0,False
20180322_20180608,2018,1,78,long,0,False
20180322_20180614,2018,1,84,long,0,False
20180322_20180620,2018,1,90,long,0,False
20180322_20180626,2018,1,96,long,0,False
20180322_20180906,2018,1,168,long,0,False
20180322_20180912,2018,1,174,long,0,False
20180322_20180924,2018,1,186,long,0,False
20180322_20180930,2018,1,192,long,0,False
20180322_20190305,2018,1,348,long,0,False
20180322_20190311,2018,1,354,long,0,False
20180322_20190323,2018,1,366,long,6,False
20180403_20180415,2018,2,12,short,0,False
20180403_20180427,2018,2,24,short,0,False
20180403_20180509,2018,2,36,long,3,False
20180403_20180521,2018,2,48,long,0,False
20180415_20180427,2018,2,12,short,2,False
20180415_20180509,2018,2,24,short,0,False
20180415_20180521,2018,2,36,long,0,False
20180415_20180602,2018,2,48,long,0,False
20180427_20180509,2018,2,12,short,0,False
20180427_20180521,2018,2,24,short,0,False
20180427_20180602,2018,2,36,long,0,False
20180427_20180608,2018,2,42,long,0,False
20180509_20180521,2018,2,12,short,0,False
20180509_20180602,2018,2,24,short,0,False
20180509_20180608,2018,2,30,long,0,False
20180509_20180614,2018,2,36,long,0,False
20180521_20180602,2018,2,12,short,0,False
20180521_20180608,2018,2,18,short,0,False
20180521_20180614,2018,2,24,short,0,False
20180521_20180620,2018,2,30,long,0,False
20180602_20180608,2018,2,6,short,0,False
20180602_20180614,2018,2,12,short,0,False
20180602_20180620,2018,2,18,short,0,False
20180602_20180626,2018,2,24,short,8,False
20180602_20180918,2018,2,108,long,0,False
20180602_20180924,2018,2,114,long,0,False
20180602_20180930,2018,2,120,long,0,False
20180602_20190305,2018,2,276,long,1,False
20180602_20190615,2018,2,378,long,0,False
20180602_20190627,2018,2,390,long,5,False
20180608_20180614,2018,2,6,short,0,False
20180608_20180620,2018,2,12,short,0,False
20180608_20180626,2018,2,18,short,0,False
20180608_20180702,2018,2,24,short,0,False
20180608_20180906,2018,2,90,long,0,False
20180608_20180912,2018,2,96,long,7,False
20180608_20180918,2018,2,102,long,0,False
20180608_20180924,2018,2,108,long,0,False
20180608_20190305,2018,2,270,long,0,False
20180608_20190311,2018,2,276,long,0,False
20180608_20190603,2018,2,360,long,0,False
20180614_20180620,2018,2,6,short,0,False
20180614_20180626,2018,2,12,short,0,False
20180614_20180702,2018,2,18,short,0,False
20180614_20180708,2018,2,24,short,0,False
20180614_20180906,2018,2,84,long,0,False
20180614_20180912,2018,2,90,long,0,False
20180614_20180930,2018,2,108,long,0,False
20180614_20190305,2018,2,264,long,0,False
20180614_20190329,2018,2,288,long,0,False
20180614_20190615,2018,2,366,long,0,False
20180620_20180626,2018,2,6,short,0,False
20180620_20180702,2018,2,12,short,4,False
20180620_20180708,2018,2,18,short,0,False
20180620_20180714,2018,2,24,short,0,False
20180620_20180918,2018,2,90,long,0,False
20180620_20180930,2018,2,102,long,0,False
20180620_20190311,2018,2,264,long,0,False
20180620_20190627,2018,2,372,long,0,False
20180626_20180702,2018,2,6,short,0,False
20180626_20180708,2018,2,12,short,0,False
20180626_20180714,2018,2,18,short,6,False
20180626_20180720,2018,2,24,short,0,False
20180626_20180906,2018,2,72,long,0,False
20180626_20180912,2018,2,78,long,0,False
20180626_20180930,2018,2,96,long,0,False
20180626_20190323,2018,2,270,long,0,False
20180626_20190603,2018,2,342,long,0,False
20180626_20190615,2018,2,354,long,0,False
20180702_20180708,2018,3,6,short,0,False
20180702_20180714,2018,3,12,short,0,False
20180702_20180720,2018,3,18,short,0,False
20180702_20180726,2018,3,24,short,0,False
20180708_20180714,2018,3,6,short,7,False
20180708_20180720,2018,3,12,short,0,False
20180708_20180726,2018,3,18,short,0,False
20180708_20180801,2018,3,24,short,0,False
20180714_20180720,2018,3,6,short,0,False
20180714_20180726,2018,3,12,short,0,False
20180714_20180801,2018,3,18,short,0,False
20180714_20180807,2018,3,24,short,0,False
20180720_20180726,2018,3,6,short,0,False
20180720_20180801,2018,3,12,short,0,False
20180720_20180807,2018,3,18,short,0,False
20180720_20180813,2018,3,24,short,3,False
20180726_20180801,2018,3,6,short,0,False
20180726_20180807,2018,3,12,short,0,False
20180726_20180813,2018,3,18,short,0,False
20180726_20180819,2018,3,24,short,0,False
20180801_20180807,2018,3,6,short,0,False
20180801_20180813,2018,3,12,short,0,False
20180801_20180819,2018,3,18,short,0,False
20180801_20180831,2018,3,30,long,0,False
20180807_20180813,2018,3,6,short,0,False
20180807_20180819,2018,3,12,short,0,False
20180807_20180831,2018,3,24,short,0,False
20180807_20180906,2018,3,30,long,0,False
20180813_20180819,2018,3,6,short,0,False
20180813_20180831,2018,3,18,short,0,False
20180813_20180906,2018,3,24,short,0,False
20180813_20180912,2018,3,30,long,8,False
20180819_20180831,2018,3,12,short,0,False
20180819_20180906,2018,3,18,short,0,False
20180819_20180912,2018,3,24,short,0,False
20180819_20180918,2018,3,30,long,0,False
20180831_20180906,2018,3,6,short,0,False
20180831_20180912,2018,3,12,short,0,False
20180831_20180918,2018,3,18,short,0,False
20180831_20180924,2018,3,24,short,0,False
20180906_20180912,2018,3,6,short,0,False
20180906_20180918,2018,3,12,short,0,False
20180906_20180924,2018,3,18,short,0,False
20180906_20180930,2018,3,24,short,0,False
20180906_20190311,2018,3,186,long,0,False
20180906_20190323,2018,3,198,long,0,False
20180906_20190603,2018,3,270,long,0,False
20180906_20190627,2018,3,294,long,0,False
20180906_20190901,2018,3,360,long,0,False
20180906_20190907,2018,3,366,long,0,False
20180912_20180918,2018,3,6,short,0,False
20180912_20180924,2018,3,12,short,0,False
20180912_20180930,2018,3,18,short,0,False
20180912_20181006,2018,3,24,short,0,False
20180912_20190311,2018,3,180,long,0,False
20180912_20190323,2018,3,192,long,0,False
20180912_20190329,2018,3,198,long,0,False
20180912_20190627,2018,3,288,long,0,False
20180912_20190913,2018,3,366,long,0,False
20180912_20190919,2018,3,372,long,0,False
20180918_20180924,2018,3,6,short,0,False
20180918_20180930,2018,3,12,short,0,False
20180918_20181006,2018,3,18,short,0,False
20180918_20181012,2018,3,24,short,0,False
20180918_20190305,2018,3,168,long,0,False
20180918_20190311,2018,3,174,long,0,False
20180918_20190323,2018,3,186,long,0,False
20180918_20190329,2018,3,192,long,6,False
20180918_20190615,2018,3,270,long,0,False
20180918_20190627,2018,3,282,long,0,False
20180918_20190901,2018,3,348,long,4,False
20180918_20190919,2018,3,366,long,0,False
20180924_20180930,2018,3,6,short,5,False
20180924_20181006,2018,3,12,short,0,False
20180924_20181012,2018,3,18,short,0,False
20180924_20181018,2018,3,24,short,0,False
20180924_20190311,2018,3,168,long,0,False
20180924_20190329,2018,3,186,long,0,False
20180924_20190603,2018,3,252,long,0,False
20180924_20190627,2018,3,276,long,0,False
20180924_20190925,2018,3,366,long,0,False
20180930_20181006,2018,3,6,short,0,False
20180930_20181012,2018,3,12,short,0,False
20180930_20181018,2018,3,18,short,0,False
20180930_20181024,2018,3,24,short,1,False
20180930_20190305,2018,3,156,long,0,False
20180930_20190311,2018,3,162,long,0,False
20180930_20190329,2018,3,180,long,2,False
20180930_20190627,2018,3,270,long,0,False
20180930_20190913,2018,3,348,long,0,False
20180930_20190919,2018,3,354,long,0,False
20181006_20181012,2018,4,6,short,8,False
20181006_20181018,2018,4,12,short,0,False
20181006_20181024,2018,4,18,short,7,False
20181006_20181030,2018,4,24,short,0,False
20181012_20181018,2018,4,6,short,0,False
20181012_20181024,2018,4,12,short,1,False
20181012_20181030,2018,4,18,short,0,False
20181012_20181105,2018,4,24,short,0,False
20181018_20181024,2018,4,6,short,0,False
20181018_20181030,2018,4,12,short,0,False
20181018_20181105,2018,4,18,short,0,False
20181018_20181111,2018,4,24,short,0,False
20181024_20181030,2018,4,6,short,0,False
20181024_20181105,2018,4,12,short,0,False
20181024_20181111,2018,4,18,short,0,False
20181024_20181117,2018,4,24,short,0,False
20181030_20181105,2018,4,6,short,0,False
20181030_20181111,2018,4,12,short,0,False
20181030_20181117,2018,4,18,short,0,False
20181030_20181123,2018,4,24,short,0,False
20181105_20181111,2018,4,6,short,0,False
20181105_20181117,2018,4,12,short,0,False
20181105_20181123,2018,4,18,short,0,False
20181105_20181129,2018,4,24,short,0,False
20181111_20181117,2018,4,6,short,0,False
20181111_20181123,2018,4,12,short,0,False
20181111_20181129,2018,4,18,short,5,False
20181111_20181205,2018,4,24,short,0,False
20181117_20181123,2018,4,6,short,0,False
20181117_20181129,2018,4,12,short,0,False
20181117_20181205,2018,4,18,short,0,False
20181117_20181211,2018,4,24,short,4,False
20181123_20181129,2018,4,6,short,2,False
20181123_20181205,2018,4,12,short,0,False
20181123_20181211,2018,4,18,short,0,False
20181123_20181217,2018,4,24,short,0,False
20181129_20181205,2018,4,6,short,3,False
20181129_20181211,2018,4,12,short,0,False
20181129_20181217,2018,4,18,short,0,False
20181129_20181223,2018,4,24,short,0,False
20181205_20181211,2018,4,6,short,0,False
20181205_20181217,2018,4,12,short,0,False
20181205_20181223,2018,4,18,short,0,False
20181205_20181229,2018,4,24,short,0,False
20181211_20181217,2018,4,6,short,0,False
20181211_20181223,2018,4,12,short,0,False
20181211_20181229,2018,4,18,short,0,False
20181211_20190104,2018,4,24,short,0,False
20181217_20181223,2018,4,6,short,0,False
20181217_20181229,2018,4,12,short,0,False
20181217_20190104,2018,4,18,short,0,False
20181217_20190110,2018,4,24,short,6,False
20181223_20181229,2018,4,6,short,0,False
20181223_20190104,2018,4,12,short,0,False
20181223_20190110,2018,4,18,short,0,False
20181223_20190116,2018,4,24,short,0,False
20181229_20190104,2018,4,6,short,0,False
20181229_20190110,2018,4,12,short,0,False
20181229_20190116,2018,4,18,short,0,False
20181229_20190122,2018,4,24,short,0,False
20190104_20190110,2019,1,6,short,0,True
20190104_20190116,2019,1,12,short,0,True
20190104_20190122,2019,1,18,short,0,True
20190104_20190128,2019,1,24,short,0,True
20190110_20190116,2019,1,6,short,3,True
20190110_20190122,2019,1,12,short,0,True
20190110_20190128,2019,1,18,short,5,True
20190110_20190203,2019,1,24,short,0,True
20190116_20190122,2019,1,6,short,0,True
20190116_20190128,2019,1,12,short,7,True
20190116_20190203,2019,1,18,short,0,True
20190116_20190209,2019,1,24,short,0,True
20190122_20190128,2019,1,6,short,0,True
20190122_20190203,2019,1,12,short,0,True
20190122_20190209,2019,1,18,short,0,True
20190122_20190215,2019,1,24,short,0,True
20190128_20190203,2019,1,6,short,0,True
20190128_20190209,2019,1,12,short,0,True
20190128_20190215,2019,1,18,short,0,True
20190128_20190221,2019,1,24,short,0,True
20190203_20190209,2019,1,6,short,0,True
20190203_20190215,2019,1,12,short,0,True
20190203_20190221,2019,1,18,short,0,True
20190203_20190305,2019,1,30,long,0,True
20190209_20190215,2019,1,6,short,1,True
20190209_20190221,2019,1,12,short,0,True
20190209_20190305,2019,1,24,short,0,True
20190209_20190311,2019,1,30,long,0,True
20190215_20190221,2019,1,6,short,0,True
20190215_20190305,2019,1,18,short,0,True
20190215_20190311,2019,1,24,short,0,True
20190215_20190323,2019,1,36,long,0,True
20190221_20190305,2019,1,12,short,0,True
20190221_20190311,2019,1,18,short,0,True
20190221_20190323,2019,1,30,long,0,True
20190221_20190329,2019,1,36,long,0,True
20190305_20190311,2019,1,6,short,0,True
20190305_20190323,2019,1,18,short,0,True
20190305_20190329,2019,1,24,short,0,True
20190305_20190404,2019,1,30,long,0,True
20190305_20190603,2019,1,90,long,0,True
20190305_20190615,2019,1,102,long,0,False
20190305_20190627,2019,1,114,long,0,False
20190305_20190901,2019,1,180,long,0,False
20190305_20190913,2019,1,192,long,0,False
20190305_20190919,2019,1,198,long,0,False
20190305_20190925,2019,1,204,long,0,False
20190305_20200323,2019,1,384,long,2,False
20190311_20190323,2019,1,12,short,0,True
20190311_20190329,2019,1,18,short,0,True
20190311_20190404,2019,1,24,short,0,True
20190311_20190410,2019,1,30,long,0,True
20190311_20190615,2019,1,96,long,0,True
20190311_20190627,2019,1,108,long,0,False
20190311_20190901,2019,1,174,long,0,False
20190311_20190907,2019,1,180,long,8,False
20190311_20190925,2019,1,198,long,0,False
20190311_20200305,2019,1,360,long,0,False
20190311_20200311,2019,1,366,long,0,False
20190311_20200323,2019,1,378,long,4,False
20190323_20190329,2019,1,6,short,0,True
20190323_20190404,2019,1,12,short,0,True
20190323_20190410,2019,1,18,short,0,True
20190323_20190416,2019,1,24,short,0,True
20190323_20190627,2019,1,96,long,0,True
20190323_20190901,2019,1,162,long,0,False
20190323_20200305,2019,1,348,long,6,False
20190323_20200311,2019,1,354,long,0,False
20190323_20200317,2019,1,360,long,0,False
20190323_20200323,2019,1,366,long,0,False
20190329_20190404,2019,1,6,short,0,True
20190329_20190410,2019,1,12,short,0,True
20190329_20190416,2019,1,18,short,0,True
20190329_20190422,2019,1,24,short,0,True
20190329_20190603,2019,1,66,long,0,True
20190329_20190615,2019,1,78,long,0,True
20190329_20190627,2019,1,90,long,0,True
20190329_20190901,2019,1,156,long,0,False
20190329_20190907,2019,1,162,long,0,False
20190329_20190913,2019,1,168,long,0,False
20190329_20190919,2019,1,174,long,0,False
20190329_20190925,2019,1,180,long,0,False
20190404_20190410,2019,2,6,short,4,True
20190404_20190416,2019,2,12,short,0,True
20190404_20190422,2019,2,18,short,0,True
20190404_20190428,2019,2,24,short,0,True
20190410_20190416,2019,2,6,short,0,True
20190410_20190422,2019,2,12,short,0,True
20190410_20190428,2019,2,18,short,0,True
20190410_20190504,2019,2,24,short,0,True
20190416_20190422,2019,2,6,short,0,True
20190416_20190428,2019,2,12,short,0,True
20190416_20190504,2019,2,18,short,0,True
20190416_20190510,2019,2,24,short,0,True
20190422_20190428,2019,2,6,short,0,True
20190422_20190504,2019,2,12,short,6,True
20190422_20190510,2019,2,18,short,0,True
20190422_20190516,2019,2,24,short,8,True
20190428_20190504,2019,2,6,short,0,True
20190428_20190510,2019,2,12,short,0,True
20190428_20190516,2019,2,18,short,0,True
20190428_20190522,2019,2,24,short,0,True
20190504_20190510,2019,2,6,short,0,True
20190504_20190516,2019,2,12,short,0,True
20190504_20190522,2019,2,18,short,0,True
20190504_20190528,2019,2,24,short,0,True
20190510_20190516,2019,2,6,short,0,True
20190510_20190522,2019,2,12,short,2,True
20190510_20190528,2019,2,18,short,0,True
20190510_20190603,2019,2,24,short,0,True
20190516_20190522,2019,2,6,short,0,True
20190516_20190528,2019,2,12,short,0,True
20190516_20190603,2019,2,18,short,0,True
20190516_20190615,2019,2,30,long,0,True
20190522_20190528,2019,2,6,short,0,True
20190522_20190603,2019,2,12,short,0,True
20190522_20190615,2019,2,24,short,0,True
20190522_20190627,2019,2,36,long,0,True
20190528_20190603,2019,2,6,short,0,True
20190528_20190615,2019,2,18,short,0,True
20190528_20190627,2019,2,30,long,0,True
20190528_20190709,2019,2,42,long,0,True
20190603_20190615,2019,2,12,short,0,True
20190603_20190627,2019,2,24,short,0,True
20190603_20190709,2019,2,36,long,0,True
20190603_20190721,2019,2,48,long,0,True
20190603_20190901,2019,2,90,long,0,True
20190603_20190907,2019,2,96,long,0,True
20190603_20190913,2019,2,102,long,7,False
20190603_20190925,2019,2,114,long,0,False
20190603_20200311,2019,2,282,long,0,False
20190603_20200323,2019,2,294,long,0,False
20190603_20200609,2019,2,372,long,0,False
20190603_20200621,2019,2,384,long,0,False
20190615_20190627,2019,2,12,short,0,True
20190615_20190709,2019,2,24,short,0,True
20190615_20190721,2019,2,36,long,0,True
20190615_20190802,2019,2,48,long,0,True
20190615_20190901,2019,2,78,long,0,True
20190615_20190907,2019,2,84,long,0,True
20190615_20190913,2019,2,90,long,0,True
20190615_20190925,2019,2,102,long,5,False
20190615_20200305,2019,2,264,long,0,False
20190615_20200311,2019,2,270,long,0,False
20190615_20200317,2019,2,276,long,0,False
20190615_20200323,2019,2,282,long,0,False
20190615_20200609,2019,2,360,long,0,False
20190615_20200621,2019,2,372,long,0,False
20190627_20190709,2019,2,12,short,0,True
20190627_20190721,2019,2,24,short,0,True
20190627_20190802,2019,2,36,long,1,True
20190627_20190808,2019,2,42,long,0,True
20190627_20190901,2019,2,66,long,0,True
20190627_20190913,2019,2,78,long,0,True
20190627_20190919,2019,2,84,long,0,True
20190627_20190925,2019,2,90,long,3,True
20190627_20200305,2019,2,252,long,0,False
20190627_20200323,2019,2,270,long,0,False
20190627_20200329,2019,2,276,long,0,False
20190627_20200609,2019,2,348,long,0,False
20190627_20200621,2019,2,360,long,0,False
20190709_20190721,2019,3,12,short,0,True
20190709_20190802,2019,3,24,short,0,True
20190709_20190808,2019,3,30,long,2,True
20190709_20190814,2019,3,36,long,0,True
20190721_20190802,2019,3,12,short,0,True
20190721_20190808,2019,3,18,short,0,True
20190721_20190814,2019,3,24,short,0,True
20190721_20190820,2019,3,30,long,0,True
20190802_20190808,2019,3,6,short,0,True
20190802_20190814,2019,3,12,short,0,True
20190802_20190820,2019,3,18,short,0,True
20190802_20190901,2019,3,30,long,0,True
20190808_20190814,2019,3,6,short,0,True
20190808_20190820,2019,3,12,short,0,True
20190808_20190901,2019,3,24,short,1,True
20190808_20190907,2019,3,30,long,0,True
20190814_20190820,2019,3,6,short,0,True
20190814_20190901,2019,3,18,short,0,True
20190814_20190907,2019,3,24,short,0,True
20190814_20190913,2019,3,30,long,0,True
20190820_20190901,2019,3,12,short,0,True
20190820_20190907,2019,3,18,short,0,True
20190820_20190913,2019,3,24,short,0,True
20190820_20190919,2019,3,30,long,0,True
20190901_20190907,2019,3,6,short,0,True
20190901_20190913,2019,3,12,short,0,True
20190901_20190919,2019,3,18,short,0,True
20190901_20190925,2019,3,24,short,0,True
20190901_20200329,2019,3,210,long,0,False
20190901_20200609,2019,3,282,long,4,False
20190901_20200621,2019,3,294,long,0,False
20190901_20200907,2019,3,372,long,0,False
20190901_20200913,2019,3,378,long,0,False
20190901_20200919,2019,3,384,long,0,False
20190907_20190913,2019,3,6,short,5,True
20190907_20190919,2019,3,12,short,0,True
20190907_20190925,2019,3,18,short,0,True
20190907_20191001,2019,3,24,short,0,True
20190907_20200305,2019,3,180,long,0,False
20190907_20200311,2019,3,186,long,0,False
20190907_20200323,2019,3,198,long,0,False
20190907_20200329,2019,3,204,long,0,False
20190907_20200621,2019,3,288,long,0,False
20190913_20190919,2019,3,6,short,0,True
20190913_20190925,2019,3,12,short,0,True
20190913_20191001,2019,3,18,short,7,True
20190913_20191007,2019,3,24,short,0,True
20190913_20200305,2019,3,174,long,0,False
20190913_20200311,2019,3,180,long,0,False
20190913_20200323,2019,3,192,long,0,False
20190913_20200329,2019,3,198,long,0,False
20190913_20200609,2019,3,270,long,6,False
20190913_20200907,2019,3,360,long,0,False
20190913_20200913,2019,3,366,long,0,False
20190919_20190925,2019,3,6,short,0,True
20190919_20191001,2019,3,12,short,0,True
20190919_20191007,2019,3,18,short,0,True
20190919_20191013,2019,3,24,short,0,True
20190919_20200311,2019,3,174,long,0,False
20190919_20200317,2019,3,180,long,0,False
20190919_20200609,2019,3,264,long,0,False
20190919_20200621,2019,3,276,long,8,False
20190925_20191001,2019,3,6,short,3,True
20190925_20191007,2019,3,12,short,0,True
20190925_20191013,2019,3,18,short,0,True
20190925_20191019,2019,3,24,short,0,True
20190925_20200305,2019,3,162,long,0,False
20190925_20200311,2019,3,168,long,0,False
20190925_20200317,2019,3,174,long,0,False
20190925_20200323,2019,3,180,long,0,False
20190925_20200907,2019,3,348,long,0,False
20190925_20200913,2019,3,354,long,0,False
20191001_20191007,2019,4,6,short,0,True
20191001_20191013,2019,4,12,short,0,True
20191001_20191019,2019,4,18,short,0,True
20191001_20191025,2019,4,24,short,0,True
20191007_20191013,2019,4,6,short,0,True
20191007_20191019,2019,4,12,short,2,True
20191007_20191025,2019,4,18,short,0,True
20191007_20191031,2019,4,24,short,0,True
20191013_20191019,2019,4,6,short,0,True
20191013_20191025,2019,4,12,short,0,True
20191013_20191031,2019,4,18,short,8,True
20191013_20191106,2019,4,24,short,0,True
20191019_20191025,2019,4,6,short,0,True
20191019_20191031,2019,4,12,short,0,True
20191019_20191106,2019,4,18,short,6,True
20191019_20191112,2019,4,24,short,0,True
20191025_20191031,2019,4,6,short,0,True
20191025_20191106,2019,4,12,short,0,True
20191025_20191112,2019,4,18,short,0,True
20191025_20191118,2019,4,24,short,0,True
20191031_20191106,2019,4,6,short,0,True
20191031_20191112,2019,4,12,short,0,True
20191031_20191118,2019,4,18,short,0,True
20191031_20191124,2019,4,24,short,0,True
20191106_20191112,2019,4,6,short,0,True
20191106_20191118,2019,4,12,short,0,True
20191106_20191124,2019,4,18,short,0,True
20191106_20191130,2019,4,24,short,0,True
20191112_20191118,2019,4,6,short,0,True
20191112_20191124,2019,4,12,short,0,True
20191112_20191130,2019,4,18,short,0,True
20191112_20191206,2019,4,24,short,0,True
20191118_20191124,2019,4,6,short,0,True
20191118_20191130,2019,4,12,short,0,True
20191118_20191206,2019,4,18,short,0,True
20191118_20191212,2019,4,24,short,0,True
20191124_20191130,2019,4,6,short,0,True
20191124_20191206,2019,4,12,short,0,True
20191124_20191212,2019,4,18,short,4,True
20191124_20191224,2019,4,30,long,3,True
20191130_20191206,2019,4,6,short,0,True
20191130_20191212,2019,4,12,short,0,True
20191130_20191224,2019,4,24,short,0,True
20191130_20191230,2019,4,30,long,7,True
20191206_20191212,2019,4,6,short,0,True
20191206_20191224,2019,4,18,short,0,True
20191206_20191230,2019,4,24,short,0,True
20191206_20200105,2019,4,30,long,5,True
20191212_20191224,2019,4,12,short,0,True
20191212_20191230,2019,4,18,short,0,True
20191212_20200105,2019,4,24,short,0,True
20191212_20200111,2019,4,30,long,1,True
20191224_20191230,2019,4,6,short,0,True
20191224_20200105,2019,4,12,short,0,True
20191224_20200111,2019,4,18,short,0,True
20191224_20200117,2019,4,24,short,0,True
20191230_20200105,2019,4,6,short,0,True
20191230_20200111,2019,4,12,short,0,True
20191230_20200117,2019,4,18,short,0,True
20191230_20200123,2019,4,24,short,0,True
20200105_20200111,2020,1,6,short,0,True
20200105_20200117,2020,1,12,short,0,True
20200105_20200123,2020,1,18,short,0,True
20200105_20200204,2020,1,30,long,0,True
20200111_20200117,2020,1,6,short,0,True
20200111_20200123,2020,1,12,short,0,True
20200111_20200204,2020,1,24,short,0,True
20200111_20200210,2020,1,30,long,0,True
20200117_20200123,2020,1,6,short,0,True
20200117_20200204,2020,1,18,short,0,True
20200117_20200210,2020,1,24,short,1,True
20200117_20200216,2020,1,30,long,0,True
20200123_20200204,2020,1,12,short,0,True
20200123_20200210,2020,1,18,short,0,True
20200123_20200216,2020,1,24,short,0,True
20200123_20200222,2020,1,30,long,0,True
20200204_20200210,2020,1,6,short,0,True
20200204_20200216,2020,1,12,short,0,True
20200204_20200222,2020,1,18,short,0,True
20200204_20200228,2020,1,24,short,0,True
20200210_20200216,2020,1,6,short,0,True
20200210_20200222,2020,1,12,short,5,True
20200210_20200228,2020,1,18,short,0,True
20200210_20200305,2020,1,24,short,0,True
20200216_20200222,2020,1,6,short,0,True
20200216_20200228,2020,1,12,short,3,True
20200216_20200305,2020,1,18,short,0,True
20200216_20200311,2020,1,24,short,0,True
20200222_20200228,2020,1,6,short,0,True
20200222_20200305,2020,1,12,short,0,True
20200222_20200311,2020,1,18,short,0,True
20200222_20200317,2020,1,24,short,0,True
20200228_20200305,2020,1,6,short,0,True
20200228_20200311,2020,1,12,short,0,True
20200228_20200317,2020,1,18,short,0,True
20200228_20200323,2020,1,24,short,0,True
20200305_20200311,2020,1,6,short,0,True
20200305_20200317,2020,1,12,short,0,True
20200305_20200323,2020,1,18,short,0,True
20200305_20200329,2020,1,24,short,0,True
20200305_20200609,2020,1,96,long,2,True
20200305_20200901,2020,1,180,long,0,False
20200305_20200919,2020,1,198,long,0,False
20200305_20200925,2020,1,204,long,0,False
20200305_20210306,2020,1,366,long,0,False
20200305_20210330,2020,1,390,long,0,False
20200311_20200317,2020,1,6,short,0,True
20200311_20200323,2020,1,12,short,0,True
20200311_20200329,2020,1,18,short,0,True
20200311_20200404,2020,1,24,short,0,True
20200311_20200609,2020,1,90,long,0,True
20200311_20200621,2020,1,102,long,0,False
20200311_20200901,2020,1,174,long,0,False
20200311_20200907,2020,1,180,long,0,False
20200311_20200919,2020,1,192,long,0,False
20200311_20200925,2020,1,198,long,0,False
20200311_20210306,2020,1,360,long,0,False
20200311_20210318,2020,1,372,long,0,False
20200317_20200323,2020,1,6,short,0,True
20200317_20200329,2020,1,12,short,0,True
20200317_20200404,2020,1,18,short,0,True
20200317_20200410,2020,1,24,short,0,True
20200317_20200609,2020,1,84,long,0,True
20200317_20200621,2020,1,96,long,0,True
20200317_20200907,2020,1,174,long,0,False
20200317_20200913,2020,1,180,long,0,False
20200323_20200329,2020,1,6,short,0,True
20200323_20200404,2020,1,12,short,0,True
20200323_20200410,2020,1,18,short,0,True
20200323_20200416,2020,1,24,short,0,True
20200323_20200609,2020,1,78,long,0,True
20200323_20200621,2020,1,90,long,4,True
20200323_20200907,2020,1,168,long,0,False
20200323_20200913,2020,1,174,long,0,False
20200323_20210306,2020,1,348,long,0,False
20200323_20210312,2020,1,354,long,0,False
20200323_20210318,2020,1,360,long,0,False
20200323_20210324,2020,1,366,long,6,False
20200329_20200404,2020,1,6,short,0,True
20200329_20200410,2020,1,12,short,0,True
20200329_20200416,2020,1,18,short,0,True
20200329_20200422,2020,1,24,short,7,True
20200329_20200609,2020,1,72,long,0,True
20200329_20200621,2020,1,84,long,0,True
20200329_20200901,2020,1,156,long,0,False
20200329_20200907,2020,1,162,long,8,False
20200329_20200919,2020,1,174,long,0,False
20200329_20200925,2020,1,180,long,0,False
20200329_20210318,2020,1,354,long,0,False
20200404_20200410,2020,2,6,short,0,True
20200404_20200416,2020,2,12,short,0,True
20200404_20200422,2020,2,18,short,0,True
20200404_20200428,2020,2,24,short,0,True
20200410_20200416,2020,2,6,short,0,True
20200410_20200422,2020,2,12,short,0,True
20200410_20200428,2020,2,18,short,0,True
20200410_20200504,2020,2,24,short,0,True
20200416_20200422,2020,2,6,short,6,True
20200416_20200428,2020,2,12,short,0,True
20200416_20200504,2020,2,18,short,0,True
20200416_20200516,2020,2,30,long,0,True
20200422_20200428,2020,2,6,short,0,True
20200422_20200504,2020,2,12,short,2,True
20200422_20200516,2020,2,24,short,0,True
20200422_20200528,2020,2,36,long,3,True
20200428_20200504,2020,2,6,short,0,True
20200428_20200516,2020,2,18,short,0,True
20200428_20200528,2020,2,30,long,0,True
20200428_20200609,2020,2,42,long,0,True
20200504_20200516,2020,2,12,short,0,True
20200504_20200528,2020,2,24,short,0,True
20200504_20200609,2020,2,36,long,0,True
20200504_20200621,2020,2,48,long,0,True
20200516_20200528,2020,2,12,short,4,True
20200516_20200609,2020,2,24,short,0,True
20200516_20200621,2020,2,36,long,0,True
20200516_20200703,2020,2,48,long,0,True
20200528_20200609,2020,2,12,short,8,True
20200528_20200621,2020,2,24,short,0,True
20200528_20200703,2020,2,36,long,0,True
20200528_20200715,2020,2,48,long,0,True
20200609_20200621,2020,2,12,short,0,True
20200609_20200703,2020,2,24,short,0,True
20200609_20200715,2020,2,36,long,0,True
20200609_20200727,2020,2,48,long,1,True
20200609_20200901,2020,2,84,long,0,True
20200609_20200907,2020,2,90,long,0,True
20200609_20200913,2020,2,96,long,0,True
20200609_20200919,2020,2,102,long,0,False
20200609_20200925,2020,2,108,long,5,False
20200609_20210306,2020,2,270,long,0,False
20200609_20210312,2020,2,276,long,0,False
20200609_20210324,2020,2,288,long,0,False
20200609_20210604,2020,2,360,long,0,False
20200609_20210616,2020,2,372,long,0,False
20200609_20210628,2020,2,384,long,0,False
20200621_20200703,2020,2,12,short,0,True
20200621_20200715,2020,2,24,short,0,True
20200621_20200727,2020,2,36,long,0,True
20200621_20200808,2020,2,48,long,0,True
20200621_20200901,2020,2,72,long,0,True
20200621_20200907,2020,2,78,long,0,True
20200621_20200913,2020,2,84,long,0,True
20200621_20200919,2020,2,90,long,0,True
20200621_20200925,2020,2,96,long,0,True
20200621_20210306,2020,2,258,long,7,False
20200621_20210312,2020,2,264,long,0,False
20200621_20210318,2020,2,270,long,0,False
20200621_20210324,2020,2,276,long,0,False
20200621_20210330,2020,2,282,long,0,False
20200621_20210604,2020,2,348,long,0,False
20200621_20210616,2020,2,360,long,0,False
20200621_20210628,2020,2,372,long,0,False
20200703_20200715,2020,3,12,short,0,True
20200703_20200727,2020,3,24,short,0,True
20200703_20200808,2020,3,36,long,0,True
20200703_20200814,2020,3,42,long,0,True
20200715_20200727,2020,3,12,short,0,True
20200715_20200808,2020,3,24,short,0,True
20200715_20200814,2020,3,30,long,0,True
20200715_20200820,2020,3,36,long,0,True
20200727_20200808,2020,3,12,short,0,True
20200727_20200814,2020,3,18,short,0,True
20200727_20200820,2020,3,24,short,0,True
20200727_20200826,2020,3,30,long,8,True
20200808_20200814,2020,3,6,short,0,True
20200808_20200820,2020,3,12,short,0,True
20200808_20200826,2020,3,18,short,0,True
20200808_20200901,2020,3,24,short,5,True
20200814_20200820,2020,3,6,short,0,True
20200814_20200826,2020,3,12,short,0,True
20200814_20200901,2020,3,18,short,0,True
20200814_20200907,2020,3,24,short,0,True
20200820_20200826,2020,3,6,short,0,True
20200820_20200901,2020,3,12,short,1,True
20200820_20200907,2020,3,18,short,3,True
20200820_20200913,2020,3,24,short,0,True
20200826_20200901,2020,3,6,short,0,True
20200826_20200907,2020,3,12,short,0,True
20200826_20200913,2020,3,18,short,0,True
20200826_20200919,2020,3,24,short,0,True
20200901_20200907,2020,3,6,short,0,True
20200901_20200913,2020,3,12,short,0,True
20200901_20200919,2020,3,18,short,0,True
20200901_20200925,2020,3,24,short,0,True
20200901_20210312,2020,3,192,long,0,False
20200901_20210318,2020,3,198,long,0,False
20200901_20210324,2020,3,204,long,0,False
20200901_20210616,2020,3,288,long,0,False
20200901_20210628,2020,3,300,long,0,False
20200901_20210908,2020,3,372,long,0,False
20200901_20210914,2020,3,378,long,0,False
20200901_20210926,2020,3,390,long,0,False
20200907_20200913,2020,3,6,short,0,True
20200907_20200919,2020,3,12,short,0,True
20200907_20200925,2020,3,18,short,0,True
20200907_20201001,2020,3,24,short,0,True
20200907_20210306,2020,3,180,long,0,False
20200907_20210312,2020,3,186,long,0,False
20200907_20210318,2020,3,192,long,4,False
20200907_20210324,2020,3,198,long,0,False
20200907_20210604,2020,3,270,long,0,False
20200907_20210908,2020,3,366,long,0,False
20200907_20210920,2020,3,378,long,0,False
20200913_20200919,2020,3,6,short,0,True
20200913_20200925,2020,3,12,short,0,True
20200913_20201001,2020,3,18,short,0,True
20200913_20201007,2020,3,24,short,0,True
20200913_20210306,2020,3,174,long,0,False
20200913_20210312,2020,3,180,long,0,False
20200913_20210318,2020,3,186,long,0,False
20200913_20210330,2020,3,198,long,2,False
20200913_20210616,2020,3,276,long,0,False
20200913_20210926,2020,3,378,long,0,False
20200919_20200925,2020,3,6,short,0,True
20200919_20201001,2020,3,12,short,0,True
20200919_20201007,2020,3,18,short,0,True
20200919_20201013,2020,3,24,short,0,True
20200919_20210330,2020,3,192,long,6,False
20200919_20210604,2020,3,258,long,0,False
20200919_20210628,2020,3,282,long,0,False
20200919_20210914,2020,3,360,long,0,False
20200925_20201001,2020,3,6,short,0,True
20200925_20201007,2020,3,12,short,7,True
20200925_20201013,2020,3,18,short,0,True
20200925_20201019,2020,3,24,short,0,True
20200925_20210306,2020,3,162,long,0,False
20200925_20210604,2020,3,252,long,0,False
20200925_20210628,2020,3,276,long,0,False
20200925_20210902,2020,3,342,long,0,False
20200925_20210920,2020,3,360,long,0,False
20200925_20210926,2020,3,366,long,0,False
20201001_20201007,2020,4,6,short,0,True
20201001_20201013,2020,4,12,short,0,True
20201001_20201019,2020,4,18,short,0,True
20201001_20201025,2020,4,24,short,0,True
20201007_20201013,2020,4,6,short,0,True
20201007_20201019,2020,4,12,short,0,True
20201007_20201025,2020,4,18,short,0,True
20201007_20201031,2020,4,24,short,0,True
20201013_20201019,2020,4,6,short,0,True
20201013_20201025,2020,4,12,short,0,True
20201013_20201031,2020,4,18,short,0,True
20201013_20201106,2020,4,24,short,0,True
20201019_20201025,2020,4,6,short,0,True
20201019_20201031,2020,4,12,short,0,True
20201019_20201106,2020,4,18,short,0,True
20201019_20201112,2020,4,24,short,0,True
20201025_20201031,2020,4,6,short,1,True
20201025_20201106,2020,4,12,short,0,True
20201025_20201112,2020,4,18,short,0,True
20201025_20201118,2020,4,24,short,0,True
20201031_20201106,2020,4,6,short,2,True
20201031_20201112,2020,4,12,short,0,True
20201031_20201118,2020,4,18,short,4,True
20201031_20201124,2020,4,24,short,0,True
20201106_20201112,2020,4,6,short,0,True
20201106_20201118,2020,4,12,short,0,True
20201106_20201124,2020,4,18,short,0,True
20201106_20201130,2020,4,24,short,7,True
20201112_20201118,2020,4,6,short,0,True
20201112_20201124,2020,4,12,short,0,True
20201112_20201130,2020,4,18,short,0,True
20201112_20201206,2020,4,24,short,0,True
20201118_20201124,2020,4,6,short,0,True
20201118_20201130,2020,4,12,short,0,True
20201118_20201206,2020,4,18,short,0,True
20201118_20201212,2020,4,24,short,0,True
20201124_20201130,2020,4,6,short,0,True
20201124_20201206,2020,4,12,short,0,True
20201124_20201212,2020,4,18,short,0,True
20201124_20201218,2020,4,24,short,0,True
20201130_20201206,2020,4,6,short,0,True
20201130_20201212,2020,4,12,short,0,True
20201130_20201218,2020,4,18,short,0,True
20201130_20201224,2020,4,24,short,0,True
20201206_20201212,2020,4,6,short,0,True
20201206_20201218,2020,4,12,short,0,True
20201206_20201224,2020,4,18,short,0,True
20201206_20201230,2020,4,24,short,6,True
20201212_20201218,2020,4,6,short,0,True
20201212_20201224,2020,4,12,short,0,True
20201212_20201230,2020,4,18,short,3,True
20201212_20210105,2020,4,24,short,5,False
20201218_20201224,2020,4,6,short,0,True
20201218_20201230,2020,4,12,short,0,True
20201218_20210105,2020,4,18,short,0,False
20201218_20210111,2020,4,24,short,0,False
20201224_20201230,2020,4,6,short,0,True
20201224_20210105,2020,4,12,short,0,False
20201224_20210111,2020,4,18,short,0,False
20201224_20210117,2020,4,24,short,0,False
20201230_20210105,2020,4,6,short,0,False
20201230_20210111,2020,4,12,short,8,False
20201230_20210117,2020,4,18,short,0,False
20201230_20210123,2020,4,24,short,0,False
20210105_20210111,2021,1,6,short,0,False
20210105_20210117,2021,1,12,short,0,False
20210105_20210123,2021,1,18,short,1,False
20210105_20210129,2021,1,24,short,0,False
20210111_20210117,2021,1,6,short,0,False
20210111_20210123,2021,1,12,short,0,False
20210111_20210129,2021,1,18,short,0,False
20210111_20210204,2021,1,24,short,0,False
20210117_20210123,2021,1,6,short,0,False
20210117_20210129,2021,1,12,short,0,False
20210117_20210204,2021,1,18,short,0,False
20210117_20210210,2021,1,24,short,0,False
20210123_20210129,2021,1,6,short,0,False
20210123_20210204,2021,1,12,short,0,False
20210123_20210210,2021,1,18,short,0,False
20210123_20210216,2021,1,24,short,0,False
20210129_20210204,2021,1,6,short,0,False
20210129_20210210,2021,1,12,short,0,False
20210129_20210216,2021,1,18,short,0,False
20210129_20210222,2021,1,24,short,7,False
20210204_20210210,2021,1,6,short,0,False
20210204_20210216,2021,1,12,short,0,False
20210204_20210222,2021,1,18,short,0,False
20210204_20210228,2021,1,24,short,0,False
20210210_20210216,2021,1,6,short,0,False
20210210_20210222,2021,1,12,short,0,False
20210210_20210228,2021,1,18,short,0,False
20210210_20210306,2021,1,24,short,0,False
20210216_20210222,2021,1,6,short,0,False
20210216_20210228,2021,1,12,short,0,False
20210216_20210306,2021,1,18,short,0,False
20210216_20210312,2021,1,24,short,0,False
20210222_20210228,2021,1,6,short,0,False
20210222_20210306,2021,1,12,short,0,False
20210222_20210312,2021,1,18,short,0,False
20210222_20210318,2021,1,24,short,0,False
20210228_20210306,2021,1,6,short,0,False
20210228_20210312,2021,1,12,short,0,False
20210228_20210318,2021,1,18,short,0,False
20210228_20210324,2021,1,24,short,3,False
20210306_20210312,2021,1,6,short,0,False
20210306_20210318,2021,1,12,short,0,False
20210306_20210324,2021,1,18,short,0,False
20210306_20210330,2021,1,24,short,0,False
20210306_20210604,2021,1,90,long,0,False
20210306_20210616,2021,1,102,long,8,False
20210306_20210628,2021,1,114,long,0,False
20210306_20210914,2021,1,192,long,0,False
20210306_20210920,2021,1,198,long,0,False
20210306_20210926,2021,1,204,long,0,False
20210306_20220313,2021,1,372,long,4,False
20210306_20220325,2021,1,384,long,0,False
20210312_20210318,2021,1,6,short,0,False
20210312_20210324,2021,1,12,short,0,False
20210312_20210330,2021,1,18,short,0,False
20210312_20210405,2021,1,24,short,0,False
20210312_20210604,2021,1,84,long,0,False
20210312_20210616,2021,1,96,long,0,False
20210312_20210628,2021,1,108,long,0,False
20210312_20210914,2021,1,186,long,0,False
20210312_20220313,2021,1,366,long,0,False
20210312_20220325,2021,1,378,long,2,False
20210318_20210324,2021,1,6,short,0,False
20210318_20210330,2021,1,12,short,0,False
20210318_20210405,2021,1,18,short,0,False
20210318_20210411,2021,1,24,short,0,False
20210318_20210604,2021,1,78,long,0,False
20210318_20210616,2021,1,90,long,0,False
20210318_20210902,2021,1,168,long,0,False
20210318_20220313,2021,1,360,long,0,False
20210318_20220325,2021,1,372,long,0,False
20210324_20210330,2021,1,6,short,0,False
20210324_20210405,2021,1,12,short,0,False
20210324_20210411,2021,1,18,short,0,False
20210324_20210417,2021,1,24,short,0,False
20210324_20210604,2021,1,72,long,0,False
20210324_20210616,2021,1,84,long,0,False
20210324_20210902,2021,1,162,long,0,False
20210324_20210920,2021,1,180,long,0,False
20210324_20220313,2021,1,354,long,6,False
20210324_20220325,2021,1,366,long,0,False
20210330_20210405,2021,1,6,short,0,False
20210330_20210411,2021,1,12,short,0,False
20210330_20210417,2021,1,18,short,0,False
20210330_20210423,2021,1,24,short,5,False
20210330_20210604,2021,1,66,long,0,False
20210330_20210628,2021,1,90,long,0,False
20210330_20210914,2021,1,168,long,0,False
20210330_20220313,2021,1,348,long,0,False
20210405_20210411,2021,2,6,short,0,False
20210405_20210417,2021,2,12,short,0,False
20210405_20210423,2021,2,18,short,0,False
20210405_20210429,2021,2,24,short,0,False
20210411_20210417,2021,2,6,short,2,False
20210411_20210423,2021,2,12,short,0,False
20210411_20210429,2021,2,18,short,0,False
20210411_20210505,2021,2,24,short,0,False
20210417_20210423,2021,2,6,short,0,False
20210417_20210429,2021,2,12,short,0,False
20210417_20210505,2021,2,18,short,0,False
20210417_20210511,2021,2,24,short,0,False
20210423_20210429,2021,2,6,short,0,False
20210423_20210505,2021,2,12,short,0,False
20210423_20210511,2021,2,18,short,0,False
20210423_20210517,2021,2,24,short,0,False
20210423_20210523,2021,2,30,long,0,False
20210429_20210505,2021,2,6,short,0,False
20210429_20210511,2021,2,12,short,0,False
20210429_20210517,2021,2,18,short,0,False
20210429_20210523,2021,2,24,short,0,False
20210429_20210604,2021,2,36,long,0,False
20210505_20210511,2021,2,6,short,0,False
20210505_20210517,2021,2,12,short,0,False
20210505_20210523,2021,2,18,short,4,False
20210505_20210604,2021,2,30,long,1,False
20210505_20210616,2021,2,42,long,0,False
20210511_20210517,2021,2,6,short,0,False
20210511_20210523,2021,2,12,short,0,False
20210511_20210604,2021,2,24,short,0,False
20210511_20210616,2021,2,36,long,0,False
20210511_20210628,2021,2,48,long,0,False
20210517_20210523,2021,2,6,short,0,False
20210517_20210604,2021,2,18,short,0,False
20210517_20210616,2021,2,30,long,0,False
20210517_20210628,2021,2,42,long,0,False
20210523_20210604,2021,2,12,short,6,False
20210523_20210616,2021,2,24,short,0,False
20210523_20210628,2021,2,36,long,0,False
20210523_20210710,2021,2,48,long,0,False
20210604_20210616,2021,2,12,short,0,False
20210604_20210628,2021,2,24,short,0,False
20210604_20210710,2021,2,36,long,0,False
20210604_20210716,2021,2,42,long,0,False
20210604_20210902,2021,2,90,long,0,False
20210604_20210908,2021,2,96,long,0,False
20210604_20210914,2021,2,102,long,0,False
20210604_20210920,2021,2,108,long,0,False
20210604_20210926,2021,2,114,long,0,False
20210604_20220313,2021,2,282,long,0,False
20210604_20220325,2021,2,294,long,0,False
20210604_20220605,2021,2,366,long,0,False
20210604_20220617,2021,2,378,long,0,False
20210604_20220629,2021,2,390,long,0,False
20210616_20210628,2021,2,12,short,0,False
20210616_20210710,2021,2,24,short,0,False
20210616_20210716,2021,2,30,long,0,False
20210616_20210722,2021,2,36,long,7,False
20210616_20210902,2021,2,78,long,0,False
20210616_20210908,2021,2,84,long,0,False
20210616_20210914,2021,2,90,long,0,False
20210616_20210920,2021,2,96,long,0,False
20210616_20210926,2021,2,102,long,0,False
20210616_20220313,2021,2,270,long,0,False
20210616_20220325,2021,2,282,long,0,False
20210616_20220617,2021,2,366,long,0,False
20210616_20220629,2021,2,378,long,0,False
20210628_20210710,2021,2,12,short,8,False
20210628_20210716,2021,2,18,short,0,False
20210628_20210722,2021,2,24,short,0,False
20210628_20210803,2021,2,36,long,3,False
20210628_20210908,2021,2,72,long,0,False
20210628_20210914,2021,2,78,long,0,False
20210628_20210920,2021,2,84,long,0,False
20210628_20220313,2021,2,258,long,5,False
20210628_20220325,2021,2,270,long,0,False
20210628_20220605,2021,2,342,long,0,False
20210628_20220617,2021,2,354,long,0,False
20210628_20220629,2021,2,366,long,0,False
20210710_20210716,2021,3,6,short,0,False
20210710_20210722,2021,3,12,short,0,False
20210710_20210803,2021,3,24,short,0,False
20210710_20210809,2021,3,30,long,0,False
20210716_20210722,2021,3,6,short,0,False
20210716_20210803,2021,3,18,short,0,False
20210716_20210809,2021,3,24,short,0,False
20210716_20210821,2021,3,36,long,0,False
20210722_20210803,2021,3,12,short,0,False
20210722_20210809,2021,3,18,short,0,False
20210722_20210821,2021,3,30,long,4,False
20210722_20210827,2021,3,36,long,0,False
20210803_20210809,2021,3,6,short,0,False
20210803_20210821,2021,3,18,short,0,False
20210803_20210827,2021,3,24,short,0,False
20210803_20210902,2021,3,30,long,0,False
20210809_20210821,2021,3,12,short,0,False
20210809_20210827,2021,3,18,short,0,False
20210809_20210902,2021,3,24,short,0,False
20210809_20210908,2021,3,30,long,0,False
20210821_20210827,2021,3,6,short,0,False
20210821_20210902,2021,3,12,short,0,False
20210821_20210908,2021,3,18,short,0,False
20210821_20210914,2021,3,24,short,0,False
20210827_20210902,2021,3,6,short,3,False
20210827_20210908,2021,3,12,short,0,False
20210827_20210914,2021,3,18,short,0,False
20210827_20210920,2021,3,24,short,0,False
20210902_20210908,2021,3,6,short,0,False
20210902_20210914,2021,3,12,short,0,False
20210902_20210920,2021,3,18,short,1,False
20210902_20210926,2021,3,24,short,0,False
20210902_20220325,2021,3,204,long,6,False
20210902_20220617,2021,3,288,long,0,False
20210902_20220629,2021,3,300,long,0,False
20210902_20220909,2021,3,372,long,0,False
20210902_20220921,2021,3,384,long,0,False
20210908_20210914,2021,3,6,short,0,False
20210908_20210920,2021,3,12,short,0,False
20210908_20210926,2021,3,18,short,0,False
20210908_20211002,2021,3,24,short,0,False
20210908_20220313,2021,3,186,long,2,False
20210908_20220605,2021,3,270,long,0,False
20210908_20220617,2021,3,282,long,0,False
20210908_20220629,2021,3,294,long,0,False
20210908_20220909,2021,3,366,long,0,False
20210908_20220921,2021,3,378,long,0,False
20210914_20210920,2021,3,6,short,0,False
20210914_20210926,2021,3,12,short,0,False
20210914_20211002,2021,3,18,short,0,False
20210914_20211008,2021,3,24,short,7,False
20210914_20220313,2021,3,180,long,0,False
20210914_20220325,2021,3,192,long,8,False
20210914_20220605,2021,3,264,long,0,False
20210914_20220629,2021,3,288,long,0,False
20210914_20220921,2021,3,372,long,0,False
20210920_20210926,2021,3,6,short,0,False
20210920_20211002,2021,3,12,short,0,False
20210920_20211008,2021,3,18,short,0,False
20210920_20211020,2021,3,30,long,0,False
20210920_20220313,2021,3,174,long,0,False
20210920_20220325,2021,3,186,long,0,False
20210920_20220605,2021,3,258,long,0,False
20210920_20220617,2021,3,270,long,0,False
20210920_20220629,2021,3,282,long,0,False
20210920_20220909,2021,3,354,long,0,False
20210920_20220921,2021,3,366,long,0,False
20210926_20211002,2021,3,6,short,0,False
20210926_20211008,2021,3,12,short,5,False
20210926_20211020,2021,3,24,short,0,False
20210926_20211026,2021,3,30,long,0,False
20210926_20220313,2021,3,168,long,0,False
20210926_20220325,2021,3,180,long,0,False
20210926_20220617,2021,3,264,long,0,False
20210926_20220629,2021,3,276,long,0,False
20210926_20220909,2021,3,348,long,0,False
20210926_20220921,2021,3,360,long,0,False
20211002_20211008,2021,4,6,short,0,False
20211002_20211020,2021,4,18,short,0,False
20211002_20211026,2021,4,24,short,0,False
20211002_20211101,2021,4,30,long,0,False
20211008_20211020,2021,4,12,short,0,False
20211008_20211026,2021,4,18,short,2,False
20211008_20211101,2021,4,24,short,0,False
20211008_20211107,2021,4,30,long,0,False
20211020_20211026,2021,4,6,short,0,False
20211020_20211101,2021,4,12,short,0,False
20211020_20211107,2021,4,18,short,0,False
20211020_20211113,2021,4,24,short,0,False
20211026_20211101,2021,4,6,short,0,False
20211026_20211107,2021,4,12,short,6,False
20211026_20211113,2021,4,18,short,0,False
20211026_20211125,2021,4,30,long,0,False
20211101_20211107,2021,4,6,short,0,False
20211101_20211113,2021,4,12,short,0,False
20211101_20211125,2021,4,24,short,0,False
20211101_20211201,2021,4,30,long,5,False
20211107_20211113,2021,4,6,short,0,False
20211107_20211125,2021,4,18,short,0,False
20211107_20211201,2021,4,24,short,0,False
20211107_20211207,2021,4,30,long,0,False
20211113_20211125,2021,4,12,short,0,False
20211113_20211201,2021,4,18,short,0,False
20211113_20211207,2021,4,24,short,8,False
20211113_20211213,2021,4,30,long,0,False
20211125_20211201,2021,4,6,short,0,False
20211125_20211207,2021,4,12,short,0,False
20211125_20211213,2021,4,18,short,0,False
20211125_20211219,2021,4,24,short,0,False
20211201_20211207,2021,4,6,short,0,False
20211201_20211213,2021,4,12,short,4,False
20211201_20211219,2021,4,18,short,0,False
20211201_20211231,2021,4,30,long,0,False
20211207_20211213,2021,4,6,short,0,False
20211207_20211219,2021,4,12,short,0,False
20211207_20211231,2021,4,24,short,0,False
20211207_20220112,2021,4,36,long,0,False
20211213_20211219,2021,4,6,short,0,False
20211213_20211231,2021,4,18,short,0,False
20211213_20220112,2021,4,30,long,0,False
20211213_20220124,2021,4,42,long,0,False
20211219_20211231,2021,4,12,short,0,False
20211219_20220112,2021,4,24,short,0,False
20211219_20220124,2021,4,36,long,0,False
20211219_20220205,2021,4,48,long,1,False
20211231_20220112,2021,4,12,short,0,False
20211231_20220124,2021,4,24,short,0,False
20211231_20220205,2021,4,36,long,7,False
20211231_20220217,2021,4,48,long,3,False
20220112_20220124,2022,1,12,short,1,False
20220112_20220205,2022,1,24,short,5,False
20220112_20220217,2022,1,36,long,0,False
20220112_20220313,2022,1,60,long,0,False
20220124_20220205,2022,1,12,short,7,False
20220124_20220217,2022,1,24,short,0,False
20220124_20220313,2022,1,48,long,0,False
20220124_20220325,2022,1,60,long,2,False
20220205_20220217,2022,1,12,short,0,False
20220205_20220313,2022,1,36,long,0,False
20220205_20220325,2022,1,48,long,0,False
20220205_20220406,2022,1,60,long,0,False
20220217_20220313,2022,1,24,short,0,False
20220217_20220325,2022,1,36,long,0,False
20220217_20220406,2022,1,48,long,0,False
20220217_20220418,2022,1,60,long,0,False
20220313_20220325,2022,1,12,short,0,False
20220313_20220406,2022,1,24,short,0,False
20220313_20220418,2022,1,36,long,0,False
20220313_20220430,2022,1,48,long,0,False
20220313_20220605,2022,1,84,long,0,False
20220313_20220617,2022,1,96,long,0,False
20220313_20220629,2022,1,108,long,8,False
20220313_20220909,2022,1,180,long,0,False
20220313_20220921,2022,1,192,long,0,False
20220325_20220406,2022,1,12,short,3,False
20220325_20220418,2022,1,24,short,0,False
20220325_20220430,2022,1,36,long,0,False
20220325_20220512,2022,1,48,long,6,False
20220325_20220605,2022,1,72,long,4,False
20220325_20220617,2022,1,84,long,0,False
20220325_20220629,2022,1,96,long,0,False
20220325_20220909,2022,1,168,long,0,False
20220325_20220921,2022,1,180,long,0,False
20220406_20220418,2022,2,12,short,0,False
20220406_20220430,2022,2,24,short,2,False
20220406_20220512,2022,2,36,long,0,False
20220406_20220524,2022,2,48,long,0,False
20220418_20220430,2022,2,12,short,0,False
20220418_20220512,2022,2,24,short,4,False
20220418_20220524,2022,2,36,long,0,False
20220418_20220605,2022,2,48,long,0,False
20220430_20220512,2022,2,12,short,0,False
20220430_20220524,2022,2,24,short,0,False
20220430_20220605,2022,2,36,long,0,False
20220430_20220617,2022,2,48,long,0,False
20220512_20220524,2022,2,12,short,8,False
20220512_20220605,2022,2,24,short,0,False
20220512_20220617,2022,2,36,long,0,False
20220512_20220629,2022,2,48,long,0,False
20220524_20220605,2022,2,12,short,0,False
20220524_20220617,2022,2,24,short,0,False
20220524_20220629,2022,2,36,long,0,False
20220524_20220711,2022,2,48,long,7,False
20220605_20220617,2022,2,12,short,0,False
20220605_20220629,2022,2,24,short,0,False
20220605_20220711,2022,2,36,long,5,False
20220605_20220723,2022,2,48,long,0,False
20220605_20220909,2022,2,96,long,0,False
20220605_20220921,2022,2,108,long,0,False
20220617_20220629,2022,2,12,short,0,False
20220617_20220711,2022,2,24,short,6,False
20220617_20220723,2022,2,36,long,0,False
20220617_20220804,2022,2,48,long,0,False
20220617_20220909,2022,2,84,long,0,False
20220617_20220921,2022,2,96,long,0,False
20220629_20220711,2022,2,12,short,0,False
20220629_20220723,2022,2,24,short,0,False
20220629_20220804,2022,2,36,long,0,False
20220629_20220816,2022,2,48,long,3,False
20220629_20220909,2022,2,72,long,1,False
20220629_20220921,2022,2,84,long,0,False
20220711_20220723,2022,3,12,short,0,False
20220711_20220804,2022,3,24,short,0,False
20220711_20220816,2022,3,36,long,8,False
20220711_20220828,2022,3,48,long,2,False
20220723_20220804,2022,3,12,short,0,False
20220723_20220816,2022,3,24,short,0,False
20220723_20220828,2022,3,36,long,6,False
20220723_20220909,2022,3,48,long,4,False
20220804_20220816,2022,3,12,short,0,False
20220804_20220828,2022,3,24,short,0,False
20220804_20220909,2022,3,36,long,0,False
20220804_20220921,2022,3,48,long,0,False
20220816_20220828,2022,3,12,short,0,False
20220816_20220909,2022,3,24,short,0,False
20220816_20220921,2022,3,36,long,0,False
20220816_20221003,2022,3,48,long,0,False
20220828_20220909,2022,3,12,short,5,False
20220828_20220921,2022,3,24,short,3,False
20220828_20221003,2022,3,36,long,0,False
20220828_20221027,2022,3,60,long,0,False
20220909_20220921,2022,3,12,short,1,False
20220909_20221003,2022,3,24,short,7,False
20220909_20221027,2022,3,48,long,0,False
20220921_20221003,2022,3,12,short,0,False
20220921_20221027,2022,3,36,long,0,False
20221003_20221027,2022,4,24,short,4,False
20221003_20221108,2022,4,36,long,0,False
20221003_20221120,2022,4,48,long,0,False
20221003_20221202,2022,4,60,long,7,False
20221003_20221226,2022,4,84,long,5,False
20221027_20221108,2022,4,12,short,6,False
20221027_20221120,2022,4,24,short,8,False
20221027_20221202,2022,4,36,long,3,False
20221027_20221214,2022,4,48,long,0,False
20221027_20221226,2022,4,60,long,1,False
20221108_20221120,2022,4,12,short,0,False
20221108_20221202,2022,4,24,short,0,False
20221108_20221214,2022,4,36,long,0,False
20221108_20221226,2022,4,48,long,0,False
20221120_20221202,2022,4,12,short,0,False
20221120_20221214,2022,4,24,short,0,False
20221120_20221226,2022,4,36,long,0,False
20221202_20221214,2022,4,12,short,2,False
20221202_20221226,2022,4,24,short,0,False
20221214_20221226,2022,4,12,short,0,False
