support,threshold,predicted_supported,final_valid,pixels,population,area_m2
legacy28,0.2,False,False,3009,1899.4964917570267,36101013.09928578
legacy28,0.2,False,True,12180,68025.34970942876,146173098.4123688
legacy28,0.2,True,False,589,31413.975311661914,7068879.51816147
legacy28,0.2,True,True,104923,11213417.798407834,1259653350.758109
legacy28,0.3,False,False,3158,2145.6009612489734,37888703.443398744
legacy28,0.3,False,True,15843,108896.90925749515,190135371.48806342
legacy28,0.3,True,False,440,31167.870842169967,5281189.174048509
legacy28,0.3,True,True,101260,11172546.238859765,1215691077.682414
legacy28,0.5,False,False,3322,2676.3224134896673,39856458.55373319
legacy28,0.5,False,True,22078,208608.78593544883,264968717.949463
legacy28,0.5,True,False,276,30637.149389929276,3313434.063714065
legacy28,0.5,True,True,95025,11072834.36218181,1140857731.2210145
legacy28,0.7,False,False,3397,3643.228853772256,40756486.35472496
legacy28,0.7,False,True,30448,445162.09358929895,365433608.6535945
legacy28,0.7,True,False,201,29670.242949646687,2413406.262722292
legacy28,0.7,True,True,86655,10836281.054527963,1040392840.5168831
legacy28,0.8,False,False,3434,5009.383332125923,41200651.027332574
legacy28,0.8,False,True,37117,744038.7054087117,445487727.02757794
legacy28,0.8,True,False,164,28304.088471293016,1969241.5901146857
legacy28,0.8,True,True,79986,10537404.442708548,960338722.1428998
matched437,0.2,False,False,3075,1989.5403247123315,36892933.69078641
matched437,0.2,False,True,15381,101283.24989107688,184591596.15032995
matched437,0.2,True,False,523,31323.93147870661,6276958.926660845
matched437,0.2,True,True,101722,11180159.898226183,1221234853.0201473
matched437,0.3,False,False,3168,2277.2585317282997,38008725.550480895
matched437,0.3,False,True,17330,129056.9684658639,207983384.34960023
matched437,0.3,True,False,430,31036.21327169065,5161167.0669663595
matched437,0.3,True,True,99773,11152386.179651394,1197843064.8208776
matched437,0.5,False,False,3259,2676.172196737287,39100596.509543195
matched437,0.5,False,True,20568,188500.40199822534,246846977.44277972
matched437,0.5,True,False,339,30637.299606681656,4069296.1079040524
matched437,0.5,True,True,96535,11092942.746119035,1158979471.7276978
matched437,0.7,False,False,3316,3277.257490636462,39784673.90200724
matched437,0.7,False,True,24462,299694.5730402255,293587118.9298183
matched437,0.7,True,False,282,30036.214312782482,3385218.7154400116
matched437,0.7,True,True,92641,10981748.575077036,1112239330.2406592
matched437,0.8,False,False,3349,4814.185246775185,40180765.5544125
matched437,0.8,False,True,27404,443464.4150899373,328902581.02890277
matched437,0.8,True,False,249,28499.286556643758,2989127.06303475
matched437,0.8,True,True,89699,10837978.733027324,1076923868.141575
