region,track,station,frame_control,pixel_radius,start_date,end_date,collocation_cluster_100m,published_insar_relative_los_mm_yr,archived_gnss_relative_los_mm_yr,signed_error_mm_yr,sample_row,sample_col,station_to_pixel_center_m,finite_sample_pixels
Los_Angeles,A064,BGIS,P597,0,20160214,20220513,0,7.346373982727528,22.7509806,-15.40460661727247,8254,2679,57.95858252829783,1
Los_Angeles,A064,CSDH,P597,0,20160214,20220513,1,11.350876651704311,24.4660366,-13.115159948295688,8380,2563,22.22670113626925,1
Los_Angeles,A064,DYH2,P597,0,20160214,20220513,2,8.39727371931076,24.3013066,-15.90403288068924,8288,2718,11.0155681875278,1
Los_Angeles,A064,ELSC,P597,0,20160214,20220513,3,7.254926487803459,21.7890116,-14.53408511219654,8178,2621,36.38798371821898,1
Los_Angeles,A064,FGNW,P597,0,20160214,20220513,4,7.055583875626326,19.5564756,-12.500891724373673,8153,2560,13.534539083955593,1
Los_Angeles,A064,FGSW,P597,0,20160214,20220513,4,7.055583875626326,19.3299766,-12.274392724373673,8153,2560,21.938656039430576,1
Los_Angeles,A064,GVRS,P597,0,20160214,20220513,5,7.817154750227928,22.8045676,-14.98741284977207,8157,2736,31.54250738599926,1
Los_Angeles,A064,NOPK,P597,0,20160214,20220513,7,8.114125579595566,23.442181599999998,-15.328056020404432,8238,2454,52.15300903911385,1
Los_Angeles,A064,P799,P597,0,20160214,20220513,8,7.964318618178368,21.7268816,-13.762562981821631,8301,2504,35.334894468216405,1
Los_Angeles,A064,P800,P597,0,20160214,20220513,9,7.309050299227238,21.847805599999997,-14.53875530077276,8188,2452,14.917558657753844,1
Los_Angeles,A064,PKRD,P597,0,20160214,20220513,10,8.797120302915573,25.160654599999997,-16.363534297084424,8128,2592,30.055381796397608,1
Los_Angeles,A064,BGIS,MHMS,0,20160214,20220513,0,0.05419738590717316,1.020077999999998,-0.9658806140928249,8254,2679,57.95858252829783,1
Los_Angeles,A064,CSDH,MHMS,0,20160214,20220513,1,4.058700054883957,2.7351339999999986,1.3235660548839583,8380,2563,22.22670113626925,1
Los_Angeles,A064,DYH2,MHMS,0,20160214,20220513,2,1.105097122490406,2.570404,-1.4653068775095939,8288,2718,11.0155681875278,1
Los_Angeles,A064,ELSC,MHMS,0,20160214,20220513,3,-0.037250109016895294,0.05810899999999819,-0.09535910901689348,8178,2621,36.38798371821898,1
Los_Angeles,A064,FGNW,MHMS,0,20160214,20220513,4,-0.23659272119402885,-2.1744270000000014,1.9378342788059726,8153,2560,13.534539083955593,1
Los_Angeles,A064,FGSW,MHMS,0,20160214,20220513,4,-0.23659272119402885,-2.400926000000002,2.164333278805973,8153,2560,21.938656039430576,1
Los_Angeles,A064,GVRS,MHMS,0,20160214,20220513,5,0.5249781534075737,1.0736649999999983,-0.5486868465924246,8157,2736,31.54250738599926,1
Los_Angeles,A064,NOPK,MHMS,0,20160214,20220513,7,0.8219489827752113,1.7112789999999976,-0.8893300172247862,8238,2454,52.15300903911385,1
Los_Angeles,A064,P799,MHMS,0,20160214,20220513,8,0.6721420213580132,-0.004021000000001607,0.6761630213580148,8301,2504,35.334894468216405,1
Los_Angeles,A064,P800,MHMS,0,20160214,20220513,9,0.01687370240688324,0.11690299999999709,-0.10002929759311385,8188,2452,14.917558657753844,1
Los_Angeles,A064,PKRD,MHMS,0,20160214,20220513,10,1.5049437060952187,3.429751999999997,-1.9248082939047784,8128,2592,30.055381796397608,1
Los_Angeles,A064,BGIS,P597,1,20160214,20220513,0,7.401261944323778,22.7509806,-15.34971865567622,8254,2679,57.95858252829783,9
Los_Angeles,A064,CSDH,P597,1,20160214,20220513,1,11.427183635532856,24.4660366,-13.038852964467143,8380,2563,22.22670113626925,9
Los_Angeles,A064,DYH2,P597,1,20160214,20220513,2,8.471502922475338,24.3013066,-15.829803677524662,8288,2718,11.0155681875278,9
Los_Angeles,A064,ELSC,P597,1,20160214,20220513,3,7.313065696507692,21.7890116,-14.475945903492306,8178,2621,36.38798371821898,9
Los_Angeles,A064,FGNW,P597,1,20160214,20220513,4,7.1514686569571495,19.5564756,-12.40500694304285,8153,2560,13.534539083955593,8
Los_Angeles,A064,FGSW,P597,1,20160214,20220513,4,7.1514686569571495,19.3299766,-12.178507943042849,8153,2560,21.938656039430576,8
Los_Angeles,A064,GVRS,P597,1,20160214,20220513,5,7.850257679820061,22.8045676,-14.954309920179938,8157,2736,31.54250738599926,9
Los_Angeles,A064,NOPK,P597,1,20160214,20220513,7,8.213689550757408,23.442181599999998,-15.22849204924259,8238,2454,52.15300903911385,9
Los_Angeles,A064,P799,P597,1,20160214,20220513,8,7.9974215477705,21.7268816,-13.729460052229499,8301,2504,35.334894468216405,9
Los_Angeles,A064,P800,P597,1,20160214,20220513,9,7.331309374421835,21.847805599999997,-14.516496225578162,8188,2452,14.917558657753844,9
Los_Angeles,A064,PKRD,P597,1,20160214,20220513,10,8.7868208065629,25.160654599999997,-16.373833793437097,8128,2592,30.055381796397608,9
Los_Angeles,A064,BGIS,MHMS,1,20160214,20220513,0,0.004475004971027374,1.020077999999998,-1.0156029950289707,8254,2679,57.95858252829783,9
Los_Angeles,A064,CSDH,MHMS,1,20160214,20220513,1,4.030396696180105,2.7351339999999986,1.2952626961801066,8380,2563,22.22670113626925,9
Los_Angeles,A064,DYH2,MHMS,1,20160214,20220513,2,1.0747159831225872,2.570404,-1.4956880168774127,8288,2718,11.0155681875278,9
Los_Angeles,A064,ELSC,MHMS,1,20160214,20220513,3,-0.08372124284505844,0.05810899999999819,-0.14183024284505663,8178,2621,36.38798371821898,9
Los_Angeles,A064,FGNW,MHMS,1,20160214,20220513,4,-0.24531828239560127,-2.1744270000000014,1.9291087176044002,8153,2560,13.534539083955593,8
Los_Angeles,A064,FGSW,MHMS,1,20160214,20220513,4,-0.24531828239560127,-2.400926000000002,2.1556077176044006,8153,2560,21.938656039430576,8
Los_Angeles,A064,GVRS,MHMS,1,20160214,20220513,5,0.45347074046730995,1.0736649999999983,-0.6201942595326884,8157,2736,31.54250738599926,9
Los_Angeles,A064,NOPK,MHMS,1,20160214,20220513,7,0.8169026114046574,1.7112789999999976,-0.8943763885953402,8238,2454,52.15300903911385,9
Los_Angeles,A064,P799,MHMS,1,20160214,20220513,8,0.6006346084177494,-0.004021000000001607,0.604655608417751,8301,2504,35.334894468216405,9
Los_Angeles,A064,P800,MHMS,1,20160214,20220513,9,-0.06547756493091583,0.11690299999999709,-0.18238056493091293,8188,2452,14.917558657753844,9
Los_Angeles,A064,PKRD,MHMS,1,20160214,20220513,10,1.3900338672101498,3.429751999999997,-2.0397181327898473,8128,2592,30.055381796397608,9
Los_Angeles,A064,BGIS,P597,3,20160214,20220513,0,7.4883997440338135,22.7509806,-15.262580855966185,8254,2679,57.95858252829783,49
Los_Angeles,A064,CSDH,P597,3,20160214,20220513,1,11.51332724839449,24.4660366,-12.95270935160551,8380,2563,22.22670113626925,49
Los_Angeles,A064,DYH2,P597,3,20160214,20220513,2,8.5566695779562,24.3013066,-15.7446370220438,8288,2718,11.0155681875278,49
Los_Angeles,A064,ELSC,P597,3,20160214,20220513,3,7.288424763828516,21.7890116,-14.500586836171482,8178,2621,36.38798371821898,49
Los_Angeles,A064,FGNW,P597,3,20160214,20220513,4,7.424786686897278,19.5564756,-12.131688913102721,8153,2560,13.534539083955593,47
Los_Angeles,A064,FGSW,P597,3,20160214,20220513,4,7.424786686897278,19.3299766,-11.90518991310272,8153,2560,21.938656039430576,47
Los_Angeles,A064,GVRS,P597,3,20160214,20220513,5,7.89227057248354,22.8045676,-14.912297027516459,8157,2736,31.54250738599926,48
Los_Angeles,A064,NOPK,P597,3,20160214,20220513,7,8.286009542644024,23.442181599999998,-15.156172057355974,8238,2454,52.15300903911385,49
Los_Angeles,A064,P799,P597,3,20160214,20220513,8,8.064533583819866,21.7268816,-13.662348016180133,8301,2504,35.334894468216405,49
Los_Angeles,A064,P800,P597,3,20160214,20220513,9,7.358970120549202,21.847805599999997,-14.488835479450795,8188,2452,14.917558657753844,49
Los_Angeles,A064,PKRD,P597,3,20160214,20220513,10,8.85829608887434,25.160654599999997,-16.302358511125657,8128,2592,30.055381796397608,49
Los_Angeles,A064,BGIS,MHMS,3,20160214,20220513,0,0.11152541264891624,1.020077999999998,-0.9085525873510818,8254,2679,57.95858252829783,49
Los_Angeles,A064,CSDH,MHMS,3,20160214,20220513,1,4.136452917009592,2.7351339999999986,1.4013189170095934,8380,2563,22.22670113626925,49
Los_Angeles,A064,DYH2,MHMS,3,20160214,20220513,2,1.1797952465713024,2.570404,-1.3906087534286975,8288,2718,11.0155681875278,49
Los_Angeles,A064,ELSC,MHMS,3,20160214,20220513,3,-0.08844956755638123,0.05810899999999819,-0.14655856755637942,8178,2621,36.38798371821898,49
Los_Angeles,A064,FGNW,MHMS,3,20160214,20220513,4,0.0479123555123806,-2.1744270000000014,2.222339355512382,8153,2560,13.534539083955593,47
Los_Angeles,A064,FGSW,MHMS,3,20160214,20220513,4,0.0479123555123806,-2.400926000000002,2.4488383555123825,8153,2560,21.938656039430576,47
Los_Angeles,A064,GVRS,MHMS,3,20160214,20220513,5,0.5153962410986423,1.0736649999999983,-0.558268758901356,8157,2736,31.54250738599926,48
Los_Angeles,A064,NOPK,MHMS,3,20160214,20220513,7,0.9091352112591267,1.7112789999999976,-0.8021437887408709,8238,2454,52.15300903911385,49
Los_Angeles,A064,P799,MHMS,3,20160214,20220513,8,0.687659252434969,-0.004021000000001607,0.6916802524349706,8301,2504,35.334894468216405,49
Los_Angeles,A064,P800,MHMS,3,20160214,20220513,9,-0.017904210835695267,0.11690299999999709,-0.13480721083569236,8188,2452,14.917558657753844,49
Los_Angeles,A064,PKRD,MHMS,3,20160214,20220513,10,1.4814217574894428,3.429751999999997,-1.9483302425105542,8128,2592,30.055381796397608,49
Davis_Sacramento,A137,DIXN,P266,0,20170303,20230829,0,6.118230056017637,-3.082823000000001,9.201053056017638,4097,1064,40.10340263787442,1
Davis_Sacramento,A137,P268,P266,0,20170303,20230829,1,-3.9550932124257088,-0.5234950000000005,-3.4315982124257083,4091,1282,35.162820833869645,1
Davis_Sacramento,A137,P271,P266,0,20170303,20230829,2,-6.973820738494396,-15.9970635,9.023242761505603,3870,1201,25.160986957346438,1
Davis_Sacramento,A137,PLSB,P266,0,20170303,20230829,3,-6.440885365009308,-18.3629344,11.922049034990692,3837,1143,3.4429044541465283,1
Davis_Sacramento,A137,DIXN,UCD1,0,20170303,20230829,0,8.530219551175833,-3.0617520000000003,11.591971551175833,4097,1064,40.10340263787442,1
Davis_Sacramento,A137,P268,UCD1,0,20170303,20230829,1,-1.5431037172675133,-0.5024239999999995,-1.0406797172675137,4091,1282,35.162820833869645,1
Davis_Sacramento,A137,P271,UCD1,0,20170303,20230829,2,-4.561831243336201,-15.9759925,11.4141612566638,3870,1201,25.160986957346438,1
Davis_Sacramento,A137,PLSB,UCD1,0,20170303,20230829,3,-4.028895869851112,-18.3418634,14.312967530148889,3837,1143,3.4429044541465283,1
Davis_Sacramento,A137,DIXN,P266,1,20170303,20230829,0,5.3529259748756886,-3.082823000000001,8.43574897487569,4097,1064,40.10340263787442,9
Davis_Sacramento,A137,P268,P266,1,20170303,20230829,1,-6.983925588428974,-0.5234950000000005,-6.460430588428974,4091,1282,35.162820833869645,9
Davis_Sacramento,A137,P271,P266,1,20170303,20230829,2,-6.674627773463726,-15.9970635,9.322435726536273,3870,1201,25.160986957346438,7
Davis_Sacramento,A137,PLSB,P266,1,20170303,20230829,3,-6.957540288567543,-18.3629344,11.405394111432457,3837,1143,3.4429044541465283,9
Davis_Sacramento,A137,DIXN,UCD1,1,20170303,20230829,0,8.319304790347815,-3.0617520000000003,11.381056790347815,4097,1064,40.10340263787442,9
Davis_Sacramento,A137,P268,UCD1,1,20170303,20230829,1,-4.017546772956848,-0.5024239999999995,-3.5151227729568486,4091,1282,35.162820833869645,9
Davis_Sacramento,A137,P271,UCD1,1,20170303,20230829,2,-3.7082489579916,-15.9759925,12.2677435420084,3870,1201,25.160986957346438,7
Davis_Sacramento,A137,PLSB,UCD1,1,20170303,20230829,3,-3.991161473095417,-18.3418634,14.350701926904584,3837,1143,3.4429044541465283,9
Davis_Sacramento,A137,DIXN,P266,3,20170303,20230829,0,4.774800501763821,-3.082823000000001,7.857623501763822,4097,1064,40.10340263787442,49
Davis_Sacramento,A137,P268,P266,3,20170303,20230829,1,-7.182993460446596,-0.5234950000000005,-6.659498460446596,4091,1282,35.162820833869645,49
Davis_Sacramento,A137,P271,P266,3,20170303,20230829,2,-7.033425383269787,-15.9970635,8.963638116730213,3870,1201,25.160986957346438,24
Davis_Sacramento,A137,PLSB,P266,3,20170303,20230829,3,-6.688677240163088,-18.3629344,11.674257159836912,3837,1143,3.4429044541465283,49
Davis_Sacramento,A137,DIXN,UCD1,3,20170303,20230829,0,7.990182843059301,-3.0617520000000003,11.051934843059302,4097,1064,40.10340263787442,49
Davis_Sacramento,A137,P268,UCD1,3,20170303,20230829,1,-3.9676111191511154,-0.5024239999999995,-3.465187119151116,4091,1282,35.162820833869645,49
Davis_Sacramento,A137,P271,UCD1,3,20170303,20230829,2,-3.818043041974306,-15.9759925,12.157949458025694,3870,1201,25.160986957346438,24
Davis_Sacramento,A137,PLSB,UCD1,3,20170303,20230829,3,-3.473294898867607,-18.3418634,14.868568501132394,3837,1143,3.4429044541465283,49
