station,sample_row,sample_col,pixel_center_longitude,pixel_center_latitude
BGIS,8254,2679,-118.160094528,33.96669384
CSDH,8380,2563,-118.25676127199999,33.861693756
DYH2,8288,2718,-118.127594502,33.938360484
ELSC,8178,2621,-118.2084279,34.030027224
FGNW,8153,2560,-118.259261274,34.050860574
FGSW,8153,2560,-118.259261274,34.050860574
GVRS,8157,2736,-118.11259448999999,34.047527238
MHMS,8287,2578,-118.244261262,33.939193818
NOPK,8238,2454,-118.347594678,33.980027184
P597,6161,4205,-116.888426844,35.710861902
P799,8301,2504,-118.305927978,33.927527141999995
P800,8188,2452,-118.34926134599999,34.021693884
PKRD,8128,2592,-118.232594586,34.071693924
