track,station,provider_gnss_los_velocity_mm_yr,source_notebook_cell
A137,ALTH,-2.7016914,38
A137,ANA1,23.255466,38
A137,BALD,14.825213,38
A137,BBDM,24.323776,38
A137,BFLD,14.412343,38
A137,BFSH,21.597189,38
A137,BRAN,40.348007,38
A137,BTDM,23.529066,38
A137,BUEG,21.248327,38
A137,BVPP,19.018353,38
A137,CA00,21.65645,38
A137,CA99,17.793457,38
A137,CABK,13.668569,38
A137,CABU,7.445784,38
A137,CACH,13.036394,38
A137,CACO,7.9060726,38
A137,CACR,13.525023,38
A137,CAD1,-1.3038228,38
A137,CAEG,10.706128,38
A137,CAFP,-62.58367,38
A137,CAFR,14.412192,38
A137,CAHA,-87.73598,38
A137,CAIS,21.736977,38
A137,CAKC,8.73304,38
A137,CAL5,25.061918,38
A137,CALB,-25.739182,38
A137,CAMD,-49.983906,38
A137,CAMS,11.166636,38
A137,CAND,34.62756,38
A137,CAOD,13.022609,38
A137,CAOV,13.914202,38
A137,CAP4,10.534251,38
A137,CAPV,15.10687,38
A137,CARH,18.603935,38
A137,CARK,11.428125,38
A137,CASN,22.481024,38
A137,CATF,15.154589,38
A137,CAWI,2.393765,38
A137,CAWO,18.06837,38
A137,CAWV,24.141293,38
A137,CAYC,12.260909,38
A137,CBHS,24.883978,38
A137,CHOW,-56.61188,38
A137,CIRX,24.782375,38
A137,CMBB,15.782654,38
A137,CMOD,13.574893,38
A137,CMP9,21.134161,38
A137,COPR,22.318243,38
A137,CRBT,19.890894,38
A137,CRCN,-125.46867,38
A137,CRGG,20.072317,38
A137,CRU1,21.8339,38
A137,CSCI,22.960705,38
A137,CSN1,38.136837,38
A137,CSST,23.444366,38
A137,CTDM,23.253273,38
A137,CUHS,11.393821,38
A137,DAM2,23.97868,38
A137,DDMN,16.60892,38
A137,DECH,17.577217,38
A137,DIXN,8.305112,38
A137,DLNO,-0.80550694,38
A137,DOND,15.247404,38
A137,DONO,16.103678,38
A137,DOT1,14.056836,38
A137,EDPP,19.724623,38
A137,ELTN,18.795694,38
A137,EOCG,23.198421,38
A137,FGST,23.390749,38
A137,FMTP,23.747087,38
A137,FMVT,22.835938,38
A137,FPPB,8.394508,38
A137,FZHS,21.937138,38
A137,GRDV,12.185104,38
A137,HOGS,19.275236,38
A137,HUNT,16.663399,38
A137,HVYS,23.134834,38
A137,ISLK,21.8775,38
A137,JLN5,19.291023,38
A137,JPLM,23.241798,38
A137,JPLQ,23.685223,38
A137,KBRC,23.75371,38
A137,KNOL,17.443008,38
A137,KRAC,15.797814,38
A137,LAND,36.558487,38
A137,LAPC,23.370907,38
A137,LEMA,-100.7915,38
A137,LFRS,23.248228,38
A137,LINC,13.733412,38
A137,LJRN,21.036549,38
A137,LMRR,14.651341,38
A137,LOMP,22.41214,38
A137,LOWS,22.373804,38
A137,LVMS,23.21334,38
A137,MASW,22.322195,38
A137,MHCB,16.64907,38
A137,MIDA,15.826911,38
A137,MIG1,19.757414,38
A137,MNMC,15.703893,38
A137,MPWD,23.349962,38
A137,MULN,-40.176975,38
A137,MUSB,16.797874,38
A137,MWTP,14.034801,38
A137,NHRG,23.910683,38
A137,ORES,-22.48767,38
A137,ORVB,14.330764,38
A137,OVLS,24.958668,38
A137,OZST,25.111397,38
A137,P017,13.480998,38
A137,P056,-29.93783,38
A137,P060,11.426752,38
A137,P067,18.865288,38
A137,P090,14.980523,38
A137,P095,14.132982,38
A137,P096,14.563363,38
A137,P127,13.482438,38
A137,P136,15.85743,38
A137,P139,13.588489,38
A137,P140,15.379293,38
A137,P142,16.756012,38
A137,P143,16.326843,38
A137,P144,13.70449,38
A137,P146,15.369634,38
A137,P147,14.241077,38
A137,P148,11.809844,38
A137,P149,14.51985,38
A137,P150,18.963173,38
A137,P151,13.634165,38
A137,P173,18.380653,38
A137,P174,19.943811,38
A137,P175,20.280123,38
A137,P180,18.555521,38
A137,P228,13.398079,38
A137,P230,12.866963,38
A137,P233,14.9203825,38
A137,P235,18.36314,38
A137,P237,19.759195,38
A137,P239,15.2553215,38
A137,P241,13.645677,38
A137,P242,8.870158,38
A137,P243,15.086018,38
A137,P244,14.911234,38
A137,P245,16.201923,38
A137,P247,19.73448,38
A137,P249,13.973246,38
A137,P250,14.869526,38
A137,P252,15.076309,38
A137,P253,13.310534,38
A137,P254,14.036513,38
A137,P255,13.587686,38
A137,P256,12.073431,38
A137,P258,14.878446,38
A137,P265,6.86941,38
A137,P266,11.387935,38
A137,P267,7.4040723,38
A137,P268,10.86444,38
A137,P270,3.5311048,38
A137,P271,-4.6091285,38
A137,P272,10.778325,38
A137,P275,10.275249,38
A137,P276,15.4154625,38
A137,P278,20.077538,38
A137,P279,19.874748,38
A137,P280,20.210434,38
A137,P281,18.325489,38
A137,P282,17.289545,38
A137,P283,17.140789,38
A137,P284,18.991697,38
A137,P285,15.08519,38
A137,P286,14.079527,38
A137,P287,19.936312,38
A137,P288,20.46192,38
A137,P289,19.73593,38
A137,P290,14.633459,38
A137,P291,19.744308,38
A137,P293,14.561796,38
A137,P294,14.332754,38
A137,P295,19.76628,38
A137,P296,12.012228,38
A137,P297,20.173363,38
A137,P298,15.482267,38
A137,P300,12.030495,38
A137,P302,12.198685,38
A137,P303,-19.90316,38
A137,P304,-4.5600104,38
A137,P305,16.189348,38
A137,P306,16.025953,38
A137,P307,-30.572536,38
A137,P308,16.315052,38
A137,P309,14.523566,38
A137,P310,15.090571,38
A137,P344,12.647139,38
A137,P345,11.892127,38
A137,P346,14.519265,38
A137,P347,11.878441,38
A137,P348,14.394498,38
A137,P349,12.616193,38
A137,P512,15.673612,38
A137,P513,20.636599,38
A137,P514,21.197214,38
A137,P515,16.10086,38
A137,P516,21.314808,38
A137,P518,21.35334,38
A137,P519,23.61912,38
A137,P520,24.398954,38
A137,P521,23.376835,38
A137,P522,20.71366,38
A137,P523,19.900587,38
A137,P525,20.145712,38
A137,P526,19.179302,38
A137,P527,19.04159,38
A137,P528,20.051811,38
A137,P529,20.252745,38
A137,P530,19.142551,38
A137,P531,20.44803,38
A137,P532,23.868866,38
A137,P533,-8.946277,38
A137,P535,21.6094,38
A137,P536,21.813965,38
A137,P537,21.385946,38
A137,P538,20.79594,38
A137,P539,18.135849,38
A137,P540,16.277197,38
A137,P541,18.011822,38
A137,P542,19.902363,38
A137,P543,18.86993,38
A137,P544,8.441078,38
A137,P545,8.553292,38
A137,P548,24.272297,38
A137,P550,23.995071,38
A137,P551,20.175793,38
A137,P552,20.055397,38
A137,P553,20.784258,38
A137,P554,21.901485,38
A137,P555,21.489408,38
A137,P556,17.958736,38
A137,P557,19.00598,38
A137,P558,18.669819,38
A137,P560,17.81118,38
A137,P561,19.936966,38
A137,P563,11.078606,38
A137,P564,-12.962,38
A137,P565,-2.3306835,38
A137,P566,5.630165,38
A137,P567,19.931625,38
A137,P571,18.664381,38
A137,P572,17.587383,38
A137,P576,20.800121,38
A137,P578,19.361816,38
A137,P602,18.324118,38
A137,P628,16.931028,38
A137,P629,17.478903,38
A137,P630,15.7758,38
A137,P631,15.4199095,38
A137,P632,16.520443,38
A137,P633,15.14346,38
A137,P634,13.874984,38
A137,P635,-0.2879898,38
A137,P636,16.934593,38
A137,P637,15.697114,38
A137,P638,14.880362,38
A137,P639,14.782506,38
A137,P640,15.592802,38
A137,P648,15.08712,38
A137,P654,16.265936,38
A137,P656,6.722912,38
A137,P657,11.916182,38
A137,P670,11.736198,38
A137,P673,8.11374,38
A137,P725,15.941694,38
A137,P729,16.751684,38
A137,P730,11.802997,38
A137,P731,11.68256,38
A137,P788,19.459953,38
A137,P789,16.04355,38
A137,P790,19.724792,38
A137,P808,18.011986,38
A137,P809,-2.1046321,38
A137,P810,-1.8007479,38
A137,PEA1,15.03626,38
A137,PEA2,22.099617,38
A137,PKDB,22.815369,38
A137,PKRD,26.392088,38
A137,PLSB,-6.9749994,38
A137,PMTN,16.124077,38
A137,POMM,18.99218,38
A137,QCY2,19.488274,38
A137,QUIN,14.285035,38
A137,RAPT,20.65181,38
A137,RBRU,8.373752,38
A137,RCA2,24.377813,38
A137,RDFD,-1.5140594,38
A137,RDNG,12.278477,38
A137,RDOM,14.734347,38
A137,RENO,15.070935,38
A137,RJAB,14.508158,38
A137,RNCH,19.759005,38
A137,RNO1,17.365738,38
A137,ROCK,22.918037,38
A137,RSVY,24.606764,38
A137,S300,13.630019,38
A137,SACR,13.9266405,38
A137,SAOB,18.624712,38
A137,SAWC,15.563057,38
A137,SFDM,23.461174,38
A137,SHIN,13.352309,38
A137,SHN5,18.968302,38
A137,SHP5,19.792074,38
A137,SHRC,16.685045,38
A137,SILK,24.373077,38
A137,SIMM,22.575659,38
A137,SKYB,25.203432,38
A137,SNTA,32.02067,38
A137,SOMT,22.146107,38
A137,SRS1,20.478745,38
A137,SSB2,10.939652,38
A137,STEA,15.0807905,38
A137,SUTB,13.793837,38
A137,SYNG,22.24114,38
A137,TAFT,17.234125,38
A137,TBLP,15.623297,38
A137,TEHA,18.791508,38
A137,THCP,17.60337,38
A137,TILC,15.699105,38
A137,TJRN,21.805689,38
A137,TOST,22.169374,38
A137,TRLK,9.622405,38
A137,UCD1,11.366864,38
A137,USLO,20.429077,38
A137,VCVL,11.630325,38
A137,VDCY,21.815723,38
A137,VIMT,24.539297,38
A137,VINZ,19.843155,38
A137,VNCO,21.31531,38
A137,VNCX,23.035448,38
A137,VNDP,20.108395,38
A137,WASG,20.499826,38
A137,WGPP,17.306145,38
A137,WKPK,23.105143,38
A137,WMAP,23.462908,38
A137,YER1,9.357169,38
