replicate,pairs,unsupported,unsupported_share
0,28,3126506.890105352,0.13895205718359982
0,56,3113073.7882741564,0.13835504678208477
0,112,3314594.7189603588,0.1473112873625934
0,224,3300927.234268729,0.146703860230276
1,28,3525800.712968915,0.15669796341626654
1,56,3583852.149667191,0.15927795662760955
1,112,3428628.795508161,0.1523793297761559
1,224,3300927.234268729,0.14670386023027598
2,28,3035436.6763305096,0.13490460294890336
2,56,3020447.922929646,0.13423845437067414
2,112,3233701.4772622185,0.1437161306137695
2,224,3300927.2342687286,0.14670386023027598
3,28,3040007.549876428,0.13510774732205075
3,56,2944311.91261683,0.13085472433886178
3,112,3062181.914773705,0.13609324766717
3,224,3300927.234268729,0.146703860230276
4,28,3936025.2976951147,0.17492966798579415
4,56,3650701.6448221467,0.1622489639530254
4,112,3514675.67990822,0.15620353104034204
4,224,3300927.234268729,0.14670386023027607
5,28,3296458.490833453,0.14650525484887655
5,56,3649119.427406835,0.16217864510438793
5,112,3334451.901324229,0.14819380463708334
5,224,3300927.234268729,0.146703860230276
6,28,3521245.8686667257,0.15649553143444583
6,56,3409242.531882996,0.15151774165033238
6,112,3324095.763654031,0.1477335444539682
6,224,3300927.234268729,0.14670386023027598
7,28,3412515.324997307,0.1516631951394671
7,56,3346985.6686357004,0.1487508457098861
7,112,3322432.9875036,0.14765964531513392
7,224,3300927.234268729,0.14670386023027598
8,28,3456142.4200277473,0.15360212405166918
8,56,3519756.5847528325,0.15642934285055984
8,112,3235167.481203268,0.14378128456052483
8,224,3300927.234268729,0.146703860230276
9,28,3484246.156607126,0.15485114481174148
9,56,3375652.5293920846,0.15002489352590137
9,112,3280836.6444705287,0.14581096957606807
9,224,3300927.234268729,0.14670386023027598
10,28,3149414.0361875,0.1399701246896697
10,56,3190819.524284122,0.14181031821936405
10,112,3453750.6546567106,0.153495826279015
10,224,3300927.234268729,0.14670386023027598
11,28,4097488.2100205575,0.18210560094070907
11,56,3590110.6981508485,0.15955610672206152
11,112,3326683.631347189,0.14784855764674937
11,224,3300927.234268729,0.146703860230276
12,28,3686918.771833431,0.1638585699703428
12,56,3401165.753922046,0.1511587835694655
12,112,3298566.2110409527,0.14659892873769045
12,224,3300927.234268729,0.14670386023027598
13,28,3165983.0172706717,0.1407065036863797
13,56,3148791.7863559024,0.13994246989880504
13,112,3160853.9610279934,0.1404785518726204
13,224,3300927.234268729,0.14670386023027598
14,28,3300238.873620044,0.14667326726132343
14,56,3079051.6961228815,0.1368429951985521
14,112,3113542.948095671,0.13837589775879416
14,224,3300927.234268729,0.146703860230276
15,28,3149436.973130101,0.13997114408142922
15,56,3172433.715634552,0.140993193541684
15,112,3238129.3893325967,0.1439129213175272
15,224,3300927.234268729,0.146703860230276
16,28,2835977.043478515,0.12603997309710852
16,56,2872335.248398556,0.12765584907202837
16,112,3076584.0533061665,0.13673332518731302
16,224,3300927.234268729,0.146703860230276
17,28,3022113.0411301632,0.13431245759777335
17,56,3131151.2216710364,0.13915846626823578
17,112,3390960.1195726926,0.15070521223968716
17,224,3300927.234268729,0.146703860230276
18,28,3135628.645712362,0.13935745744378522
18,56,3163600.408698778,0.14060061287143363
18,112,3178721.162965654,0.14127262799418913
18,224,3300927.234268729,0.146703860230276
19,28,3606023.976156519,0.16026334415768667
19,56,3445991.2681656503,0.15315097409946996
19,112,3336512.180219464,0.14828537008086046
19,224,3300927.234268729,0.14670386023027598
20,28,3128938.253093314,0.13906011480215386
20,56,3452703.4309242344,0.15344928427636675
20,112,3488798.9043879816,0.15505348361738744
20,224,3300927.234268729,0.14670386023027598
21,28,2931825.393478258,0.130299783127359
21,56,2951044.400884622,0.13115393784698962
21,112,3005860.5572980247,0.1335901447604129
21,224,3300927.234268729,0.14670386023027598
22,28,2949588.226180573,0.13108922074325105
22,56,3591088.928267818,0.15959958242575567
22,112,3227992.4115403355,0.14346240130673915
22,224,3300927.234268729,0.14670386023027598
23,28,2632759.480834481,0.11700832871641308
23,56,2717589.152217335,0.1207784331054871
23,112,2966671.9256113195,0.13184847548461143
23,224,3300927.234268729,0.146703860230276
24,28,3198935.2743992624,0.142171008348548
24,56,3191426.4375568083,0.14183729140405096
24,112,3146577.943925398,0.13984407959588502
24,224,3300927.234268729,0.14670386023027598
25,28,3328986.5444238065,0.14795090653666346
25,56,3183005.0437657577,0.14146301748342635
25,112,3178104.3679031027,0.14124521563086653
25,224,3300927.234268729,0.14670386023027598
26,28,3259462.46518332,0.14486103206210704
26,56,3300183.9687378,0.14667082711114773
26,112,3404462.981631839,0.15130532301088767
26,224,3300927.234268729,0.14670386023027598
27,28,3432207.448495422,0.15253837666522557
27,56,3282644.8231626833,0.14589133087315195
27,112,3525749.6538972273,0.1566956941863246
27,224,3300927.234268729,0.14670386023027598
28,28,2996066.9143563653,0.13315488365851932
28,56,3145615.163598746,0.13980129053073775
28,112,3340205.5593506577,0.148449515770052
28,224,3300927.234268729,0.146703860230276
29,28,2803957.8456999226,0.12461693660395881
29,56,2962364.889554047,0.13165705690101073
29,112,3177455.6548331943,0.14121638472827974
29,224,3300927.234268729,0.14670386023027598
30,28,2721316.6340282853,0.12094409442783542
30,56,3320346.452052935,0.14756691294528884
30,112,3247322.437237017,0.14432149003750963
30,224,3300927.234268729,0.146703860230276
31,28,3517332.9411014556,0.15632162830423832
31,56,3513151.0409144023,0.15613577116259356
31,112,3481891.951174822,0.15474651632399156
31,224,3300927.234268729,0.146703860230276
32,28,3170824.9655775107,0.14092169549681238
32,56,3059619.7961757705,0.1359793788472873
32,112,3159276.022624751,0.1404084231970901
32,224,3300927.234268729,0.146703860230276
33,28,4043498.5988371246,0.1797061283650296
33,56,3825696.6561813736,0.17002630706465777
33,112,3399628.028780817,0.15109044210108974
33,224,3300927.234268729,0.14670386023027598
34,28,3162986.025480312,0.14057330769824652
34,56,3272281.473554276,0.1454307501682258
34,112,3568504.948697631,0.15859587748251652
34,224,3300927.234268729,0.146703860230276
35,28,3281957.050025837,0.14586076401512169
35,56,3000184.0913512344,0.13333786429260544
35,112,3130393.6421565413,0.1391247969894786
35,224,3300927.234268729,0.146703860230276
36,28,3174035.8855915028,0.1410643991456699
36,56,3297733.097838748,0.14656190249806197
36,112,3294513.0936082834,0.1464187951173046
36,224,3300927.234268729,0.14670386023027598
37,28,2655534.9556950065,0.11802054432841731
37,56,2912888.293148093,0.12945815726806656
37,112,3182729.352114917,0.1414507648566517
37,224,3300927.234268729,0.146703860230276
38,28,3803709.294127785,0.16904911772947498
38,56,3643091.5659469976,0.16191074748583073
38,112,3359625.005445982,0.1493125786319478
38,224,3300927.234268729,0.14670386023027598
39,28,3416679.5547803747,0.1518482669513265
39,56,3280473.7523121787,0.14579484147729496
39,112,3162022.7185937124,0.14053049523107566
39,224,3300927.234268729,0.14670386023027598
40,28,3092347.696340704,0.1374339123618652
40,56,3115033.46268595,0.13844214103791086
40,112,3257971.8967800154,0.14479478639136584
40,224,3300927.234268729,0.146703860230276
41,28,3556376.8978055962,0.15805686775686748
41,56,3380201.4028826156,0.15022706014558082
41,112,3260345.9571844935,0.14490029729816226
41,224,3300927.234268729,0.14670386023027598
42,28,3027754.0432330626,0.13456316193789666
42,56,3448030.2167768595,0.15324159155658026
42,112,3486336.1798015614,0.1549440321881766
42,224,3300927.234268729,0.14670386023027598
43,28,3491516.661519372,0.1551742695160296
43,56,3360415.743363137,0.14934772157713996
43,112,3409720.7691523447,0.15153899605812152
43,224,3300927.234268729,0.146703860230276
44,28,3106278.641404047,0.1380530485234356
44,56,3320452.0407154686,0.14757160564624552
44,112,3272941.241814032,0.14546007239913078
44,224,3300927.234268729,0.146703860230276
45,28,3252480.080730698,0.14455071236097053
45,56,3243816.6717900424,0.1441656825059792
45,112,3425155.0967263547,0.15222494739072262
45,224,3300927.234268729,0.146703860230276
46,28,3114322.841286081,0.13841055872932773
46,56,2947916.1267136144,0.13101490724613868
46,112,3200280.970424684,0.14223081542323188
46,224,3300927.234268729,0.14670386023027598
47,28,3258251.2444498823,0.14480720150342594
47,56,3275103.0276117665,0.14555614913727458
47,112,3247794.8843313386,0.14434248711123243
47,224,3300927.234268729,0.146703860230276
48,28,2891040.2746490403,0.12848716081018688
48,56,3333838.264390631,0.14816653263120447
48,112,3293067.702970445,0.1463545572922746
48,224,3300927.234268729,0.146703860230276
49,28,3020623.920935263,0.1342462762900878
49,56,3508285.906646937,0.15591954889323661
49,112,3400358.6816217336,0.15112291467156566
49,224,3300927.234268729,0.146703860230276
50,28,3022784.4177564345,0.13434229574195294
50,56,3187125.8836231106,0.1416461609069433
50,112,3257691.602422547,0.14478232920545317
50,224,3300927.234268729,0.14670386023027598
51,28,3004550.4561484014,0.13353191963689412
51,56,3583003.913931594,0.15924025829378827
51,112,3498914.0203717337,0.1555030320188451
51,224,3300927.234268729,0.14670386023027598
52,28,3257704.1769450605,0.14478288805781866
52,56,3383063.2569192415,0.15035425017577295
52,112,3311364.0188627196,0.1471677046229772
52,224,3300927.234268729,0.146703860230276
53,28,3200710.1139115454,0.14224988794487417
53,56,2915092.96661184,0.12955614007251046
53,112,3047966.83203062,0.13546148351004056
53,224,3300927.234268729,0.146703860230276
54,28,3039649.464111031,0.1350918328348934
54,56,2928519.626919593,0.13015286419193337
54,112,3143329.305436971,0.139699699616285
54,224,3300927.234268729,0.146703860230276
55,28,3084394.1283001085,0.1370804301275263
55,56,3517124.6294229217,0.15631237026090591
55,112,3418527.2290020594,0.15193038355721683
55,224,3300927.234268729,0.146703860230276
56,28,2816897.099277823,0.1251919987951728
56,56,2867738.455321879,0.12745155275127723
56,112,3121798.7378445766,0.13874281170128897
56,224,3300927.234268729,0.14670386023027598
57,28,4095350.9182358645,0.18201061279556074
57,56,3856398.932208725,0.17139081530473896
57,112,3607089.1001644838,0.16031068170635182
57,224,3300927.234268729,0.146703860230276
58,28,2674796.7148885904,0.11887659907545588
58,56,2963310.235460558,0.1316990711242563
58,112,3419187.3521843334,0.15195972156202395
58,224,3300927.234268729,0.14670386023027598
59,28,3245878.095257572,0.14425729881824328
59,56,3454473.411381237,0.15352794792059338
59,112,3241655.9709956045,0.14406965398888374
59,224,3300927.234268729,0.14670386023027598
60,28,3127883.6750598955,0.13901324595063522
60,56,3281592.096835826,0.14584454431744942
60,112,3262937.405850248,0.14501546964092343
60,224,3300927.234268729,0.146703860230276
61,28,3034109.4368545087,0.13484561614284538
61,56,3194433.9486436076,0.1419709549036696
61,112,3287773.7839848497,0.14611927844611575
61,224,3300927.234268729,0.14670386023027598
62,28,3153801.873846001,0.14016513435722094
62,56,3291662.1011356525,0.14629208781007272
62,112,3193354.718047247,0.14192299041268625
62,224,3300927.234268729,0.14670386023027598
63,28,3831178.3727938845,0.17026993224348483
63,56,3699385.2438939135,0.16441262022499212
63,112,3437368.917033158,0.15276776898598987
63,224,3300927.234268729,0.14670386023027598
64,28,3195426.711910351,0.1420150765074463
64,56,3322689.317818925,0.14767103746166832
64,112,3335198.9117205334,0.14822700419011567
64,224,3300927.234268729,0.146703860230276
65,28,3896047.227888399,0.1731529135319809
65,56,3640102.115251104,0.16177788664827492
65,112,3505073.3899390996,0.15577677428215117
65,224,3300927.234268729,0.146703860230276
66,28,3296361.937475145,0.14650096370600166
66,56,3119343.399341066,0.1386336885334416
66,112,3411347.4884062023,0.15161129271209625
66,224,3300927.234268729,0.146703860230276
67,28,3074377.476062726,0.13663525777275498
67,56,3228804.7184175826,0.1434985028461329
67,112,3252045.237627416,0.14453138652997868
67,224,3300927.234268729,0.146703860230276
68,28,3405620.756357717,0.15135677825649257
68,56,3503392.7453096635,0.15570208101043836
68,112,3432690.6058862843,0.15255984973909475
68,224,3300927.234268729,0.146703860230276
69,28,3685061.215895233,0.16377601418907678
69,56,3542338.685420528,0.15743296428930798
69,112,3292501.7756920713,0.14632940565745964
69,224,3300927.234268729,0.14670386023027598
70,28,2982809.9387754775,0.13256570087602595
70,56,3034786.0693204883,0.13487568787350515
70,112,3185489.561774929,0.14157343748268383
70,224,3300927.234268729,0.14670386023027598
71,28,3349265.2174181766,0.14885215621515885
71,56,3696027.3419441106,0.16426338422451423
71,112,3403149.2478414676,0.15124693644108947
71,224,3300927.234268729,0.14670386023027598
72,28,2913215.6774708205,0.12947270728402102
72,56,3374528.958549754,0.14997495841127634
72,112,3376842.7059742296,0.15007778881457773
72,224,3300927.234268729,0.146703860230276
73,28,2825898.5162563706,0.1255920508183092
73,56,3419903.003193852,0.15199152740269328
73,112,3407889.5005953237,0.15145760857291907
73,224,3300927.234268729,0.146703860230276
74,28,3505429.836207154,0.15579261590475513
74,56,3327490.238395469,0.14788440586734725
74,112,3332407.5560445106,0.1481029473346064
74,224,3300927.234268729,0.146703860230276
75,28,3381072.908192762,0.15026579265439907
75,56,3087418.9861756903,0.13721486457442622
75,112,3262366.2328009685,0.1449900848671184
75,224,3300927.234268729,0.146703860230276
76,28,3839572.2302174005,0.170642982359061
76,56,3457945.731344618,0.15368226902688567
76,112,3370091.867431842,0.14977775976102028
76,224,3300927.234268729,0.14670386023027598
77,28,3128599.824684019,0.13904507395134685
77,56,3235486.053571845,0.14379544294479568
77,112,3369571.347255315,0.14975462616436555
77,224,3300927.234268729,0.146703860230276
78,28,4045183.9980873615,0.17978103294743672
78,56,3475065.011553792,0.1544431050928785
78,112,3470099.9690056113,0.1542224425770666
78,224,3300927.234268729,0.146703860230276
79,28,2927142.831398171,0.1300916749552717
79,56,2866727.8065559864,0.12740663625819185
79,112,3154326.028736138,0.14018842949227983
79,224,3300927.234268729,0.146703860230276
80,28,4140256.6868346673,0.1840063700881359
80,56,3751437.720785421,0.16672600030052212
80,112,3458432.5948632616,0.15370390681303522
80,224,3300927.234268729,0.14670386023027598
81,28,2742071.948015435,0.12186652757043721
81,56,3024705.1048385915,0.134427657275016
81,112,3127335.552638683,0.13898888562113879
81,224,3300927.234268729,0.14670386023027598
82,28,3256682.2494135224,0.14473747029998513
82,56,3140661.823955978,0.13958114812981423
82,112,3177653.9732239195,0.1412251986376479
82,224,3300927.234268729,0.146703860230276
83,28,3382364.8830256932,0.1503232121859003
83,56,3040622.236821515,0.1351350659938292
83,112,3225776.082543536,0.14336390049278744
83,224,3300927.234268729,0.146703860230276
84,28,3537956.9915710697,0.15723822767245996
84,56,3258250.8187961993,0.14480718258600245
84,112,3419425.8259712537,0.1519703201068031
84,224,3300927.234268729,0.146703860230276
85,28,2993705.0971183903,0.13304991687755782
85,56,2832543.9743923186,0.1258873964264829
85,112,3206709.032821267,0.14251649926309048
85,224,3300927.234268729,0.14670386023027598
86,28,3608431.732029426,0.16037035259985427
86,56,3503480.9249050575,0.15570599999626258
86,112,3354537.5605488517,0.14908647616068776
86,224,3300927.234268729,0.146703860230276
87,28,3333172.9587343107,0.1481369643005239
87,56,3529111.123987574,0.1568450887664846
87,112,3389803.978633853,0.15065382960485135
87,224,3300927.234268729,0.14670386023027598
88,28,2939280.1422298104,0.13063109622252386
88,56,3473623.9312443337,0.15437905883275357
88,112,3429153.6027389048,0.15240265390333674
88,224,3300927.234268729,0.14670386023027598
89,28,3650530.849557833,0.16224137326022747
89,56,3306078.6016341075,0.14693280362233865
89,112,3374769.105588891,0.1499856313207845
89,224,3300927.234268729,0.146703860230276
90,28,2995076.681126121,0.1331108744977305
90,56,3167438.318889979,0.14077118198741442
90,112,3059677.2722338713,0.13598193326881672
90,224,3300927.234268729,0.146703860230276
91,28,3006173.422109022,0.13360404948240345
91,56,2980373.145298923,0.13245740190903163
91,112,3095849.78856984,0.13758955664373945
91,224,3300927.234268729,0.14670386023027598
92,28,3229274.7338016704,0.14351939184680443
92,56,3384067.7558860267,0.15039889335193715
92,112,3405152.1778220423,0.15133595311400208
92,224,3300927.2342687286,0.14670386023027598
93,28,3109318.3272383874,0.1381881419726809
93,56,3038488.4467642577,0.13504023347675012
93,112,3279085.838095613,0.14573315808993487
93,224,3300927.234268729,0.14670386023027598
94,28,3746647.9657383715,0.16651312812701136
94,56,3518647.9986849427,0.1563800737076752
94,112,3348273.352328908,0.14880807452928807
94,224,3300927.234268729,0.14670386023027598
95,28,2964218.7446103906,0.1317394482031423
95,56,2933913.2741310233,0.13039257528232714
95,112,3158262.212000434,0.14036336618081122
95,224,3300927.234268729,0.146703860230276
96,28,3266336.328639972,0.1451665287399246
96,56,3676200.9705018387,0.16338223628682425
96,112,3381101.5199501324,0.1502670642532428
96,224,3300927.234268729,0.14670386023027598
97,28,3235481.9223075407,0.14379525933807608
97,56,3189465.293250699,0.14175013182137736
97,112,3359180.2837691777,0.1492928137652649
97,224,3300927.234268729,0.14670386023027598
98,28,3161265.2847859776,0.14049683242799715
98,56,3101117.8631954403,0.1378236868831259
98,112,3132449.4255315405,0.1392161626378269
98,224,3300927.234268729,0.146703860230276
99,28,2653758.6189427,0.11794159818991203
99,56,3119924.8311800216,0.13865952924097072
99,112,3030010.7139680283,0.1346634556688978
99,224,3300927.234268729,0.146703860230276
