pairs,support,exposure,total,unsupported
28,unw,population,22500616.064821858,170970.02851337235
28,unw,builtup_m2,1253622866.0,19725188.509658314
28,unw,area_m2,15060840963.31184,2369450883.0681376
28,q20,population,22500616.064821858,1609113.0964268753
28,q20,builtup_m2,1253622866.0,190913078.40088314
28,q20,area_m2,15060840963.31184,8799761602.058233
28,q30,population,22500616.064821858,3050611.045722333
28,q30,builtup_m2,1253622866.0,326803923.3228074
28,q30,area_m2,15060840963.31184,10516275891.88548
28,q40,population,22500616.064821858,4976750.314481875
28,q40,builtup_m2,1253622866.0,469396952.60323066
28,q40,area_m2,15060840963.31184,11685259489.337996
56,unw,population,22500616.064821858,195415.142648103
56,unw,builtup_m2,1253622866.0,22933854.919254202
56,unw,area_m2,15060840963.31184,2518220731.8707976
56,q20,population,22500616.064821858,1731873.1961071277
56,q20,builtup_m2,1253622866.0,204008604.2874794
56,q20,area_m2,15060840963.31184,8874410835.4329
56,q30,population,22500616.064821858,3232083.2243130263
56,q30,builtup_m2,1253622866.0,342391832.83513266
56,q30,area_m2,15060840963.31184,10571843961.445656
56,q40,population,22500616.064821858,5231096.597989091
56,q40,builtup_m2,1253622866.0,486646915.6278173
56,q40,area_m2,15060840963.31184,11740313199.27524
112,unw,population,22500616.064821858,433002.83877852274
112,unw,builtup_m2,1253622866.0,36373269.0310497
112,unw,area_m2,15060840963.31184,2602830450.4451857
112,q20,population,22500616.064821858,1921614.731807243
112,q20,builtup_m2,1253622866.0,212065262.02886236
112,q20,area_m2,15060840963.31184,8903180636.76026
112,q30,population,22500616.064821858,3368508.8802616764
112,q30,builtup_m2,1253622866.0,346947391.45014733
112,q30,area_m2,15060840963.31184,10588155418.48818
112,q40,population,22500616.064821858,5292497.509406282
112,q40,builtup_m2,1253622866.0,487577064.0364196
112,q40,area_m2,15060840963.31184,11743072025.232569
224,unw,population,22500616.064821858,400493.1591326985
224,unw,builtup_m2,1253622866.0,38499985.52683048
224,unw,area_m2,15060840963.31184,2769347037.5374026
224,q20,population,22500616.064821858,1882069.1705857918
224,q20,builtup_m2,1253622866.0,213778259.5065506
224,q20,area_m2,15060840963.31184,8957228457.218193
224,q30,population,22500616.064821858,3300927.225687108
224,q30,builtup_m2,1253622866.0,346321829.4341551
224,q30,area_m2,15060840963.31184,10596543450.038788
224,q40,population,22500616.064821858,5236413.401368942
224,q40,builtup_m2,1253622866.0,487135863.6033401
224,q40,area_m2,15060840963.31184,11742283972.765812
