sample,reference,metric,blocks,top_count,spearman,top_decile_jaccard
legacy28,nested224,deficit,539,54,0.9966312851602281,0.8
legacy28,nested224,deficit_share,539,54,0.999283557063695,0.9285714285714286
nested28,nested224,deficit,539,54,0.9940454541622888,0.8
nested28,nested224,deficit_share,539,54,0.9991876124111917,0.9285714285714286
nested56,nested224,deficit,539,54,0.9991996438093089,0.8620689655172413
nested56,nested224,deficit_share,539,54,0.9997296383913483,0.9636363636363636
nested112,nested224,deficit,539,54,0.9994325318276459,0.9285714285714286
nested112,nested224,deficit_share,539,54,0.9998301810303933,0.9636363636363636
nested224,nested224,deficit,539,54,0.9999999999999998,1.0
nested224,nested224,deficit_share,539,54,0.9999999999999998,1.0
