domain,comparison,model,support,cells,population,unsupported,unsupported_share,common_total,unsupported_common_total,excluded_ghsl_population
geographic,own_valid,GHSL_2020_3ss,unw,1807700,22500616.064821858,267612.50096839207,0.0118935632783311,22357666.84345355,265912.32535845996,0.0
geographic,own_valid,GHSL_2020_3ss,q20,1807700,22500616.064821858,1664893.6833395541,0.0739932488311953,22357666.84345355,1654316.4060326233,0.0
geographic,own_valid,GHSL_2020_3ss,q30,1807700,22500616.064821858,3020288.533058311,0.13423137057035167,22357666.84345355,3001100.2631520783,0.0
geographic,own_valid,GHSL_2020_3ss,q40,1807700,22500616.064821858,4890965.246647946,0.21737028144285472,22357666.84345355,4859892.334167079,0.0
geographic,joint_valid,GHSL_2020_3ss,unw,1754190,22357666.84345355,265042.72734280425,0.011854668432024259,22357666.84345355,265042.72734280425,142949.22136832483
geographic,joint_valid,GHSL_2020_3ss,q20,1754190,22357666.84345355,1648416.6919668126,0.07372937004155594,22357666.84345355,1648416.6919668126,142949.22136832483
geographic,joint_valid,GHSL_2020_3ss,q30,1754190,22357666.84345355,2989291.74093953,0.13370320623660298,22357666.84345355,2989291.74093953,142949.22136832483
geographic,joint_valid,GHSL_2020_3ss,q40,1754190,22357666.84345355,4841294.435937881,0.21653844606578163,22357666.84345355,4841294.435937881,142949.22136832483
geographic,own_valid,WorldPop_2020_3ss,unw,1754190,22562098.478243887,860675.9946148245,0.03814698333334351,22357666.84345355,852877.5444496693,142949.22136832483
geographic,own_valid,WorldPop_2020_3ss,q20,1754190,22562098.478243887,3614836.7498053447,0.16021722240469116,22357666.84345355,3582083.281107587,142949.22136832483
geographic,own_valid,WorldPop_2020_3ss,q30,1754190,22562098.478243887,5233763.174153261,0.23197147105798063,22357666.84345355,5186340.867100158,142949.22136832483
geographic,own_valid,WorldPop_2020_3ss,q40,1754190,22562098.478243887,7156150.272538371,0.3171757396342757,22357666.84345355,7091309.517569101,142949.22136832483
geographic,joint_valid,WorldPop_2020_3ss,unw,1754190,22562098.478243887,860675.9946148245,0.03814698333334351,22357666.84345355,852877.5444496693,142949.22136832483
geographic,joint_valid,WorldPop_2020_3ss,q20,1754190,22562098.478243887,3614836.7498053447,0.16021722240469116,22357666.84345355,3582083.281107587,142949.22136832483
geographic,joint_valid,WorldPop_2020_3ss,q30,1754190,22562098.478243887,5233763.174153261,0.23197147105798063,22357666.84345355,5186340.867100158,142949.22136832483
geographic,joint_valid,WorldPop_2020_3ss,q40,1754190,22562098.478243887,7156150.272538371,0.3171757396342757,22357666.84345355,7091309.517569101,142949.22136832483
geographic,own_valid,GHSL_2015_30ss,unw,1807700,20000323.22492516,623599.8055573718,0.031179486378511027,22357666.84345355,697100.5688007475,0.0
geographic,own_valid,GHSL_2015_30ss,q20,1807700,20000323.22492516,2814677.583107517,0.14073160475725507,22357666.84345355,3146430.3335072915,0.0
geographic,own_valid,GHSL_2015_30ss,q30,1807700,20000323.22492516,4252757.578126265,0.21263444246872557,22357666.84345355,4754010.024159256,0.0
geographic,own_valid,GHSL_2015_30ss,q40,1807700,20000323.22492516,6018857.344664446,0.3009380037000361,22357666.84345355,6728271.627259399,0.0
geographic,joint_valid,GHSL_2015_30ss,unw,1754190,19670446.356947202,591327.6967643616,0.03006173251150026,22357666.84345355,672110.200229139,142949.22136832483
geographic,joint_valid,GHSL_2015_30ss,q20,1754190,19670446.356947202,2705833.01673821,0.13755829266083555,22357666.84345355,3075482.4788652426,142949.22136832483
geographic,joint_valid,GHSL_2015_30ss,q30,1754190,19670446.356947202,4103156.2941139652,0.20859497642588135,22357666.84345355,4663696.988147902,142949.22136832483
geographic,joint_valid,GHSL_2015_30ss,q40,1754190,19670446.356947202,5828127.168459056,0.2962885062544948,22357666.84345355,6624319.712382498,142949.22136832483
geographic,own_valid,GHSL_2020_30ss,unw,1807700,22499201.187501203,679462.5596796712,0.03019940814863807,22357666.84345355,675188.3062567263,0.0
geographic,own_valid,GHSL_2020_30ss,q20,1807700,22499201.187501203,3076285.7145716995,0.13672866378387885,22357666.84345355,3056933.9128305363,0.0
geographic,own_valid,GHSL_2020_30ss,q30,1807700,22499201.187501203,4655490.130819621,0.20691801864529513,22357666.84345355,4626204.124779019,0.0
geographic,own_valid,GHSL_2020_30ss,q40,1807700,22499201.187501203,6615718.749979369,0.29404238376491987,22357666.84345355,6574101.654070993,0.0
geographic,joint_valid,GHSL_2020_30ss,unw,1754190,22128700.07789487,643563.1505956106,0.029082736370876494,22357666.84345355,650222.130676046,142949.22136832483
geographic,joint_valid,GHSL_2020_30ss,q20,1754190,22128700.07789487,2953993.421775029,0.13349150250022485,22357666.84345355,2984558.5393320736,142949.22136832483
geographic,joint_valid,GHSL_2020_30ss,q30,1754190,22128700.07789487,4487525.274381196,0.2027920871350207,22357666.84345355,4533957.922653396,142949.22136832483
geographic,joint_valid,GHSL_2020_30ss,q40,1754190,22128700.07789487,6401682.265926651,0.28929319134843867,22357666.84345355,6467920.79224785,142949.22136832483
inherited_strong,own_valid,GHSL_2020_3ss,unw,1780800,20642622.538286284,259748.69276311185,0.012583124662641618,20516052.498562742,258156.04617471504,0.0
inherited_strong,own_valid,GHSL_2020_3ss,q20,1780800,20642622.538286284,1633022.8680121265,0.07910927330010159,20516052.498562742,1623010.004148032,0.0
inherited_strong,own_valid,GHSL_2020_3ss,q30,1780800,20642622.538286284,2950939.0994884586,0.14295369176156242,20516052.498562742,2932845.445043571,0.0
inherited_strong,own_valid,GHSL_2020_3ss,q40,1780800,20642622.538286284,4746013.998621133,0.22991332568420542,20516052.498562742,4716913.859856312,0.0
inherited_strong,joint_valid,GHSL_2020_3ss,unw,1728375,20516052.498562757,257318.82650421181,0.012542316633389302,20516052.498562742,257318.82650421164,126570.03972354275
inherited_strong,joint_valid,GHSL_2020_3ss,q20,1728375,20516052.498562757,1617526.1952051213,0.07884197972872395,20516052.498562742,1617526.1952051201,126570.03972354275
inherited_strong,joint_valid,GHSL_2020_3ss,q30,1728375,20516052.498562757,2922356.1761535336,0.1424424204587241,20516052.498562742,2922356.1761535313,126570.03972354275
inherited_strong,joint_valid,GHSL_2020_3ss,q40,1728375,20516052.498562757,4700949.93327179,0.2291352068630704,20516052.498562742,4700949.933271786,126570.03972354275
inherited_strong,own_valid,WorldPop_2020_3ss,unw,1728375,20839837.817757938,844140.4095155254,0.0405060930366848,20516052.498562742,831025.1312522921,126570.03972354275
inherited_strong,own_valid,WorldPop_2020_3ss,q20,1728375,20839837.817757938,3561435.628706352,0.1708955539793884,20516052.498562742,3506102.1572120953,126570.03972354275
inherited_strong,own_valid,WorldPop_2020_3ss,q30,1728375,20839837.817757938,5139004.925101826,0.24659524560804416,20516052.498562742,5059161.004790608,126570.03972354275
inherited_strong,own_valid,WorldPop_2020_3ss,q40,1728375,20839837.817757938,6985916.774165823,0.3352193445676923,20516052.498562742,6877377.671684569,126570.03972354275
inherited_strong,joint_valid,WorldPop_2020_3ss,unw,1728375,20839837.817757938,844140.4095155254,0.0405060930366848,20516052.498562742,831025.1312522921,126570.03972354275
inherited_strong,joint_valid,WorldPop_2020_3ss,q20,1728375,20839837.817757938,3561435.628706352,0.1708955539793884,20516052.498562742,3506102.1572120953,126570.03972354275
inherited_strong,joint_valid,WorldPop_2020_3ss,q30,1728375,20839837.817757938,5139004.925101826,0.24659524560804416,20516052.498562742,5059161.004790608,126570.03972354275
inherited_strong,joint_valid,WorldPop_2020_3ss,q40,1728375,20839837.817757938,6985916.774165823,0.3352193445676923,20516052.498562742,6877377.671684569,126570.03972354275
inherited_strong,own_valid,GHSL_2015_30ss,unw,1780800,18391590.256998662,609758.6685025755,0.033154211244486614,20516052.498562742,680193.5384403266,0.0
inherited_strong,own_valid,GHSL_2015_30ss,q20,1780800,18391590.256998662,2759001.7185440077,0.1500143098008672,20516052.498562742,3077701.4554102467,0.0
inherited_strong,own_valid,GHSL_2015_30ss,q30,1780800,18391590.256998662,4149885.0705823703,0.22564036130606974,20516052.498562742,4629249.498349992,0.0
inherited_strong,own_valid,GHSL_2015_30ss,q40,1780800,18391590.256998662,5834547.026187959,0.31723994198749095,20516052.498562742,6508511.304456363,0.0
inherited_strong,joint_valid,GHSL_2015_30ss,unw,1728375,18124534.957139593,580135.9590997562,0.032008322446432196,20516052.498562742,656684.4237019272,126570.03972354275
inherited_strong,joint_valid,GHSL_2015_30ss,q20,1728375,18124534.957139593,2663401.101062013,0.14695003802085688,20516052.498562742,3014834.6947016907,126570.03972354275
inherited_strong,joint_valid,GHSL_2015_30ss,q30,1728375,18124534.957139593,4021604.537655938,0.221887322745997,20516052.498562742,4552251.962222409,126570.03972354275
inherited_strong,joint_valid,GHSL_2015_30ss,q40,1728375,18124534.957139593,5674137.931826608,0.3130639183429895,20516052.498562742,6422835.784130532,126570.03972354275
inherited_strong,own_valid,GHSL_2020_30ss,unw,1780800,20644645.739714593,665072.1436283191,0.0322152364353196,20516052.498562742,660929.4819606282,0.0
inherited_strong,own_valid,GHSL_2020_30ss,q20,1780800,20644645.739714593,3014762.056023542,0.1460311837768169,20516052.498562742,2995983.432792439,0.0
inherited_strong,own_valid,GHSL_2020_30ss,q30,1780800,20644645.739714593,4540184.874790328,0.21992069672846296,20516052.498562742,4511904.559601641,0.0
inherited_strong,own_valid,GHSL_2020_30ss,q40,1780800,20644645.739714593,6407082.237975425,0.31035079597660375,20516052.498562742,6367173.223226737,0.0
inherited_strong,joint_valid,GHSL_2020_30ss,unw,1728375,20347904.272895653,632291.9066079113,0.031074055496228836,20516052.498562742,637516.9539038829,126570.03972354275
inherited_strong,joint_valid,GHSL_2020_30ss,q20,1728375,20347904.272895653,2908087.9304411025,0.14291830212287807,20516052.498562742,2932119.3893584176,126570.03972354275
inherited_strong,joint_valid,GHSL_2020_30ss,q30,1728375,20347904.272895653,4397314.833775493,0.21610652255883273,20516052.498562742,4433652.762098846,126570.03972354275
inherited_strong,joint_valid,GHSL_2020_30ss,q40,1728375,20347904.272895653,6228693.945775604,0.3061098510313178,20516052.498562742,6280165.774085737,126570.03972354275
