tract_id,census_population_units,GHSL_deficit,CA_POP_deficit,area_uniform_deficit,CA_POP_minus_GHSL_deficit_units
000100,3840,1.9903442086774097e-08,1.837150933375053e-08,1.951401055506389e-08,-1.5319327530235678e-09
000200,3251,3.44892168691381e-08,3.48064408934343e-08,3.740465107621682e-08,3.1722402429620114e-10
000300,3755,3.668861732950474e-08,3.7287000167449694e-08,3.6442303991495155e-08,5.983828379449512e-10
000400,5384,3.2692023534577505e-08,3.1529254402090635e-08,3.2448851376472837e-08,-1.1627691324868695e-09
000501,2580,3.7665072035555356e-08,3.7713723422938126e-08,3.7595630957130325e-08,4.865138738276996e-11
000502,3357,1.0561835931217547e-07,1.0392552984664633e-07,1.0881962839619764e-07,-1.6928294655291382e-09
000601,4673,1.5721309972616172e-07,1.5451566593932087e-07,1.4829138033282282e-07,-2.6974337868408504e-09
000602,1612,3.846074403227656e-08,4.005906062431392e-08,3.607136157694144e-08,1.598316592037358e-09
000701,2645,25.584870309445062,19.259667261367735,49.93669104905028,-6.325203048077327
000702,1439,37.50633640047364,23.043624631443056,71.89286794818004,-14.462711769030587
000901,2852,15.731584518542437,5.066983431488713,59.87244235451177,-10.664601087053725
000902,5263,33.61053584159921,30.163599004346136,39.30841694002358,-3.446936837253073
001000,4731,42.95691582255173,25.21444196934352,110.64307877468244,-17.74247385320821
001100,3185,2.0860689431211375e-08,2.123128900324756e-08,2.05641511174736e-08,3.705995720361852e-10
001201,5944,2.561365364705208,0.8303284740934198,8.182494544108083,-1.7310368906117883
001202,4753,5.442607462995885,2.0718117528771844,10.964232126606904,-3.3707957101187005
001301,5471,6.318460178570648e-08,6.244429261373997e-08,6.101917208530703e-08,-7.403091719665095e-10
001303,2537,2.2417239549920347e-08,2.1803047902795636e-08,2.211913112152024e-08,-6.141916471247107e-10
001304,5496,2.983719094860396,0.9644593665807514,5.556578640958672,-2.019259728279645
001407,4908,2.5115968524067342e-08,2.6461347262066153e-08,2.525515805218339e-08,1.345378737998811e-09
001408,2266,1.2073615169131808,0.6280512761961441,2.825965648098762,-0.5793102407170367
001409,2117,6.5489573909498855,1.267794715075133e-08,18.317052509913545,-6.548957378271938
001415,5368,9.966406099664425,5.640304235815961,33.077295289581755,-4.326101863848464
001416,6067,1.339011863671275,0.42296559161477204,12.598828149807183,-0.9160462720565028
001500,1854,51.44589279644011,16.94888863209938,130.10122086214517,-34.49700416434074
001700,2458,413.0075549307712,235.13280472999875,848.5671865181808,-177.87475020077247
001800,4363,523.3395690803435,342.5735781740156,1173.844415630158,-180.7659909063279
002000,6452,2.550457930666768,0.8013058819239166,10.310012626618217,-1.7491520487428511
002100,5566,0.17573368474216694,0.21760311738396912,0.18688034038595777,0.04186943264180218
002200,3702,7.781809769254887e-08,8.038500525382643e-08,7.750989908500143e-08,2.5669075612775607e-09
002300,3577,4.6849911529481216e-08,4.2181988202155626e-08,4.3119614708373165e-08,-4.66792332732559e-09
002400,4862,6.878927272881017e-08,6.389204332793804e-08,6.135228044508584e-08,-4.897229400872124e-09
002501,5169,14.92696712790876,4.320592226267619,29.832339587255536,-10.606374901641141
002502,4657,3.086967354843946e-08,3.150387829252072e-08,3.190907432068951e-08,6.342047440812572e-10
002601,5736,1.955203625808632e-07,1.954956541781219e-07,1.9519952786836545e-07,-2.470840274129797e-11
002602,3359,2.3569170746489645e-08,2.3205467947265048e-08,2.3453310751415578e-08,-3.6370279922459796e-10
002701,4541,1.5465093039269433e-07,1.5517850712799825e-07,1.5402823510746907e-07,5.275767353039152e-10
002702,5594,0.07923865713691286,6.909128198908627e-08,0.3249371343704493,-0.07923858804563087
002800,5444,1.6764680691025663e-07,1.354853960303185e-07,1.3899643469289497e-07,-3.216141087993814e-08
002903,4081,2.2865988175421656e-08,2.210536992591902e-08,2.2595277961166673e-08,-7.60618249502637e-10
002904,3042,8.97085413935458,4.712285137292403,13.421632301772659,-4.258569002062178
002905,3109,1.611497475424309e-08,1.5862906187309575e-08,1.6121332347106355e-08,-2.520685669335145e-10
002906,5491,1.5355283107225055e-07,1.4631086255613533e-07,1.4258033067202747e-07,-7.241968516115223e-09
003001,3142,5.254970423343525,2.860664780321445,4.98655975528128,-2.3943056430220797
003003,4216,6.485641882980568,5.5172514378754265,38.51574393026702,-0.9683904451051415
003004,2509,6.86905348650161e-08,6.5727217434148e-08,7.030815459165529e-08,-2.963317430868094e-09
003102,7528,4.516073899502077e-08,4.532304521537418e-08,4.481607816363294e-08,1.623062203534077e-10
003103,6064,1.0717478617610492,1.400796808175417,1.8770346468858319,0.32904894641436777
003104,4184,4.388360794139935e-08,4.1813283633992765e-08,0.0698033110813576,-2.0703243074065823e-09
003201,4764,5.233336952109227e-08,5.5066327630066285e-08,5.13653319642704e-08,2.7329581089740132e-09
003202,5594,5.505237675574891e-08,5.4447004596166834e-08,5.417866752342531e-08,-6.053721595820766e-10
003301,3673,2.589675364280699e-08,2.5528357400921003e-08,2.5556853135896098e-08,-3.6839624188598864e-10
003302,4918,3.2279904976098015e-08,3.2665499197865625e-08,3.268900169418954e-08,3.8559422176760917e-10
003401,3533,2.1659694140151837e-08,2.1684547685422674e-08,2.1808817373480406e-08,2.4853545270837074e-11
003402,2332,1.3639787975614517e-08,1.3888535597664999e-08,1.355675307850972e-08,2.487476220504812e-10
003500,5734,3.354270862463373e-08,3.4340363592788565e-08,3.33723963601122e-08,7.976549681548343e-10
003600,4062,4.440230288250478e-08,4.49943912912317e-08,4.678848770909114e-08,5.920884087269189e-10
003701,3583,1.7570121405774828,1.52088244908264,4.994956399474603,-0.23612969149484275
003702,5085,2.996489276491101e-08,2.9995123636967586e-08,3.078692135254038e-08,3.023087205657837e-11
003804,6173,5.0824356150516835e-08,5.096285738979246e-08,5.123850925319165e-08,1.3850123927562597e-10
003805,7318,0.013075166769487502,7.276622901054495e-08,0.12132318633979829,-0.013075094003258491
003807,3670,2.4030865092598357,2.9503113223558732,5.221123068133484,0.5472248130960375
003808,5241,12.14699062715088,6.403704149686746,22.423203718851727,-5.7432864774641335
003809,5281,1.205259659605882e-07,1.3470443786619144e-07,1.1602906587080213e-07,1.4178471905603235e-08
003810,5632,0.13104776552339523,0.05699154763529922,0.12936884700785004,-0.07405621788809601
003811,8690,12.613625090730332,10.374137687754063,33.13082936424217,-2.2394874029762697
004205,6409,0.023916990225603806,0.01773581385200332,0.4812202787750581,-0.006181176373600484
004208,5314,2.708839513745288,2.8643687013037082,5.90720891519003,0.15552918755842038
004210,3770,3.328342737493762e-08,3.4990129573670754e-08,3.310136156272312e-08,1.7067021987331342e-09
004211,6899,5.471675473284493e-08,5.5852528627303064e-08,5.35724634987668e-08,1.1357738944581315e-09
004212,12943,27.547195716705733,13.71821917178933,59.75516720581576,-13.828976544916403
004213,3335,0.3031391384045435,0.11165920685800275,0.8137857410400788,-0.19147993154654075
004214,4879,21.81255915689668,15.641405118717334,33.96119800819005,-6.1711540381793455
004215,3410,2.2637761170975305e-08,2.2204590938514465e-08,2.197553384717871e-08,-4.3317023246083963e-10
004216,919,5.7454509581626035e-09,5.862599825999619e-09,5.667556296738301e-09,1.1714886783701564e-10
004217,3983,6.795630076073867,8.892157876683434,24.372762097750577,2.096527800609567
004218,34,9.95298476163795e-10,5.783783483982532e-10,6.115803617072329e-10,-4.1692012776554177e-10
004301,3666,2.4546148951581412,1.7081404741095025,2.9076970616516786,-0.7464744210486387
004302,4918,8.41444619839637,7.321142429227061,17.868408753275123,-1.0933037691693084
004303,4312,6.6062428305257495,3.6918895892477015,10.671056942668228,-2.914353241278048
004404,2644,0.1370502297273495,0.1854647211052673,0.3829546939995061,0.048414491377917784
004406,3833,0.43830501012849504,2.2111282561772956e-08,3.030135785668894,-0.43830498801721246
004409,3227,0.4226186146637295,1.0459820655536733,1.5356347713076124,0.6233634508899438
004503,4987,8.456884425028246,9.178482333725201,14.718579787144023,0.7215979086969551
004504,5215,0.6611637934663822,1.1385727484281274,2.3025848378509046,0.4774089549617452
004505,5164,1.3967677372469631,1.328661798456024,2.415845041876427,-0.06810593879093907
004506,3387,6.095853885742066e-08,6.032152584862824e-08,6.365844497505079e-08,-6.370130087924156e-10
004601,2931,3.7171617918062004e-08,3.665816142851286e-08,3.700722788418273e-08,-5.13456489549143e-10
004602,2552,5.0694507102402475e-08,5.15162006189741e-08,5.262217865548194e-08,8.216935165716228e-10
004703,4155,0.9878878024570753,2.448365328511796e-08,5.246640802656953,-0.987887777973422
004704,5355,3.2649027452629375e-08,3.425349313081814e-08,3.186067937779718e-08,1.6044656781887662e-09
004705,2210,0.5200328404543874,0.5534836378333159,1.2383025382591093,0.03345079737892853
004706,4676,8.122048618554049e-08,8.265969128803235e-08,8.253855100591463e-08,1.4392051024918664e-09
004801,4595,4.794786556453677e-08,4.589896286350473e-08,4.77504942145156e-08,-2.0489027010320446e-09
004802,5047,3.5304408312943384e-08,3.6324467655122024e-08,3.706989328820819e-08,1.0200593421786401e-09
004901,4347,2.207813796959545e-08,2.2515169123142425e-08,2.229425235999058e-08,4.3703115354697533e-10
004902,1905,2.103241258208981e-08,2.082062265517959e-08,2.121048494591451e-08,-2.117899269102199e-10
005000,4200,7.29879023385561e-08,7.410370905245331e-08,7.297047322791853e-08,1.1158067138972144e-09
005100,6032,3.854807173413903e-08,3.7814090647019344e-08,3.8030056338993446e-08,-7.339810871196836e-10
005202,3536,0.440974739481183,0.44648376275314416,7.23282609273735,0.005509023271961178
005203,4628,3.318334330749535e-08,3.407726153427255e-08,3.340468926634433e-08,8.939182267772046e-10
005204,4242,3.2590887108256605e-08,3.0955951904685785e-08,3.2303600561154154e-08,-1.6349352035708199e-09
005301,6011,1.8932301280258e-07,2.061010138436913e-07,1.8027632850672123e-07,1.6778001041111297e-08
005302,5463,3.554151293938675e-08,3.4854878560472434e-08,3.515584038068366e-08,-6.866343789143133e-10
005304,5344,5.0206133622542765e-08,5.630689059753118e-08,4.944721179455585e-08,6.1007569749884155e-09
005305,3766,11.414632787766742,4.84068672482036,33.519084435407194,-6.573946062946382
005403,4268,1.62823262146025,0.043403505533738486,7.512004582066019,-1.5848291159265115
005405,4407,0.12554889026460656,0.049383865251916105,0.4930677348300206,-0.07616502501269046
005406,3976,4.809569028496968e-05,2.6153500709949492e-08,0.00035595202792929525,-4.806953678425973e-05
005407,3122,0.8367779402567629,0.9418085725746028,2.561970077453686,0.10503063231783993
005408,1908,1.2249085916347606,1.9872199753680861,27.895209981513656,0.7623113837333255
005409,3738,0.18287159638448863,2.4265295670321576e-08,1.7001169282348907,-0.18287157211919297
005410,3417,1.8013580995227214,4.085270866818265,11.182986448849753,2.2839127672955435
005509,4117,5.0723510378478025,5.432364314050155,4.921513214370003,0.3600132762023529
005513,1305,13.779078588453812,8.172445489647163,41.068199612018425,-5.606633098806649
005514,2518,0.34479539455205505,0.13811329318023882,2.4527754967090503,-0.20668210137181622
005526,1595,1.0104567500949777e-08,1.0278431672763166e-08,9.926984651158027e-09,1.73864171813389e-10
005527,2073,16.879099489992754,16.428499982630413,22.200954444351915,-0.450599507362341
005602,5441,8.415354521923556e-08,8.416006198904721e-08,7.995249029708207e-08,6.5167698116526066e-12
005605,1465,4.241339506720217,5.233295305423311,8.496893479943216,0.9919557987030938
005606,4175,11.190708253861493,4.222874363191463,26.201413131645555,-6.96783389067003
005607,4438,2.8784631228707065,3.518098840795909,7.008283032613319,0.6396357179252026
005608,3193,1.3333002673557358e-07,1.367095311684079e-07,1.292975226985252e-07,3.3795044328343077e-09
007600,1208,325.48015087628613,220.2239042675062,624.4505592204249,-105.25624660877992
008600,3824,287.24842273715973,176.13310403891643,659.7090855389783,-111.1153186982433
