resolution_m,quantity,source_sum,projected_sum,relative_drift,max_coarse_difference
50,area,14614237715.532394,14614237715.53238,-1.0441043425947944e-15,9.5367431640625e-06
50,legacy28_area_support,4612513903.102793,4612513903.102794,2.0675803616867642e-16,9.5367431640625e-07
50,expanded224_area_support,4380941640.07237,4380941640.072371,2.176870624531981e-16,1.9073486328125e-06
50,GHSL_2020_3ss_population,22357666.84345355,22357666.843453538,-4.998674939401425e-16,1.4901161193847656e-08
50,GHSL_2020_3ss_legacy28_population_support,19368375.102514032,19368375.10251401,-1.1540328846620804e-15,1.862645149230957e-08
50,GHSL_2020_3ss_expanded224_population_support,19089679.60311485,19089679.603114888,1.9514682152413185e-15,1.862645149230957e-08
50,WorldPop_2020_3ss_population,22357666.84345354,22357666.843453545,1.6662249798004755e-16,3.725290298461914e-09
50,WorldPop_2020_3ss_legacy28_population_support,17171325.976353373,17171325.9763534,1.5186382301019775e-15,1.862645149230957e-08
50,WorldPop_2020_3ss_expanded224_population_support,16869359.687654145,16869359.68765414,-2.208317545797705e-16,1.1175870895385742e-08
25,area,14614237715.532394,14613996099.358482,-1.653293032555864e-05,3.814697265625e-06
25,legacy28_area_support,4612513903.102793,4612444257.229791,-1.5099330747860122e-05,4.76837158203125e-06
25,expanded224_area_support,4380941640.07237,4380882596.207261,-1.3477437035092445e-05,9.5367431640625e-07
25,GHSL_2020_3ss_population,22357666.84345355,22357592.53882254,-3.3234519294867628e-06,3.725290298461914e-09
25,GHSL_2020_3ss_legacy28_population_support,19368375.102514032,19368320.091876123,-2.8402298911504217e-06,1.4901161193847656e-08
25,GHSL_2020_3ss_expanded224_population_support,19089679.60311485,19089629.18146209,-2.6413042968059763e-06,4.470348358154297e-08
25,WorldPop_2020_3ss_population,22357666.84345354,22357543.278297663,-5.526746450953744e-06,3.3527612686157227e-08
25,WorldPop_2020_3ss_legacy28_population_support,17171325.976353373,17171290.167997655,-2.0853576344752154e-06,1.4901161193847656e-08
25,WorldPop_2020_3ss_expanded224_population_support,16869359.687654145,16869328.953385968,-1.8218989188898254e-06,7.450580596923828e-09
