integration_m,model,sample,coherence_cutoff,cell_size_m,origin_x_m,origin_y_m,common_population,native_deficit,uniform_deficit,signed_difference,difference_pct_native,difference_pp_total,native_deficit_pct_total,uniform_deficit_pct_total,projected_native_deficit,covariance_integral
50,GHSL_2020_3ss,legacy28,0.3,1000,0,0,22357666.84345355,2989291.74093953,4652596.954804637,1663305.2138651065,55.64211719737773,7.439529471082228,13.370320623660298,20.809850094742526,2989291.740939527,1663305.2138651093
50,GHSL_2020_3ss,legacy28,0.3,1000,500,0,22357666.84345355,2989291.74093953,4649321.613161135,1660029.8722216054,55.53254804430231,7.424879724011415,13.370320623660298,20.79520034767171,2989291.7409395273,1660029.8722216077
50,GHSL_2020_3ss,legacy28,0.3,1000,0,500,22357666.84345355,2989291.74093953,4647947.233009483,1658655.4920699527,55.4865712621492,7.418732480825102,13.370320623660298,20.789053104485397,2989291.7409395273,1658655.4920699557
50,GHSL_2020_3ss,legacy28,0.3,1000,500,500,22357666.84345355,2989291.74093953,4644813.442076539,1655521.7011370086,55.381737368219554,7.404715853084441,13.370320623660298,20.775036476744738,2989291.7409395273,1655521.7011370114
50,GHSL_2020_3ss,expanded224,0.3,1000,0,0,22357666.84345355,3267987.2403386813,4951389.7872098945,1683402.5468712132,51.511906964996356,7.529419588628154,14.616852747743517,22.14627233637167,3267987.2403386813,1683402.5468712125
50,GHSL_2020_3ss,expanded224,0.3,1000,500,0,22357666.84345355,3267987.2403386813,4948760.423806938,1680773.183468257,51.43144877438593,7.517659133383129,14.616852747743517,22.134511881126645,3267987.2403386817,1680773.183468257
50,GHSL_2020_3ss,expanded224,0.3,1000,0,500,22357666.84345355,3267987.2403386813,4947204.944651399,1679217.7043127175,51.38385130716392,7.510701881687632,14.616852747743517,22.12755462943115,3267987.2403386817,1679217.7043127161
50,GHSL_2020_3ss,expanded224,0.3,1000,500,500,22357666.84345355,3267987.2403386813,4944183.191124481,1676195.9507857999,51.29138602793582,7.497186367980072,14.616852747743517,22.11403911572359,3267987.240338681,1676195.9507857999
50,WorldPop_2020_3ss,legacy28,0.3,1000,0,0,22357666.84345355,5186340.867100168,5656127.904732614,469787.0376324458,9.058159686582984,2.101234627574756,23.197147105798106,25.298381733372864,5186340.867100166,469787.0376324481
50,WorldPop_2020_3ss,legacy28,0.3,1000,500,0,22357666.84345355,5186340.867100168,5654424.336727547,468083.46962737944,9.025312481805662,2.0936150131624176,23.197147105798106,25.290762118960526,5186340.867100165,468083.4696273824
50,WorldPop_2020_3ss,legacy28,0.3,1000,0,500,22357666.84345355,5186340.867100168,5656945.648434795,470604.7813346274,9.073926943752081,2.1048921814148205,23.197147105798106,25.302039287212928,5186340.867100166,470604.78133462893
50,WorldPop_2020_3ss,legacy28,0.3,1000,500,500,22357666.84345355,5186340.867100168,5655311.612128636,468970.74502846785,9.042420408643192,2.0975835641176714,23.197147105798106,25.29473066991578,5186340.867100166,468970.74502846925
50,WorldPop_2020_3ss,expanded224,0.3,1000,0,0,22357666.84345355,5488307.155799415,5964009.232049782,475702.07625036687,8.66755563685424,2.127691049254789,24.547763387960234,26.675454437215027,5488307.155799416,475702.0762503649
50,WorldPop_2020_3ss,expanded224,0.3,1000,500,0,22357666.84345355,5488307.155799415,5962752.590752364,474445.4349529492,8.644658935526403,2.1220704211891834,24.547763387960234,26.66983380914942,5488307.155799417,474445.4349529479
50,WorldPop_2020_3ss,expanded224,0.3,1000,0,500,22357666.84345355,5488307.155799415,5964541.758259979,476234.6024605641,8.677258559724265,2.130072899802639,24.547763387960234,26.677836287762876,5488307.155799417,476234.60246056167
50,WorldPop_2020_3ss,expanded224,0.3,1000,500,500,22357666.84345355,5488307.155799415,5963292.45190868,474985.2961092647,8.654495505182407,2.124485079033831,24.547763387960234,26.672248466994066,5488307.155799417,474985.29610926344
