support,exposure,deleted_dates,max_pairs_removed,equal_pair_min_change_pp,equal_pair_max_change_pp,equal_quarter_min_change_pp,equal_quarter_max_change_pp,retained_components_min,retained_components_max
q20,area_m2,225,7,-0.2409497532254945,0.35616565808572753,-0.37202294667967317,0.30244822902685264,28,34
q20,builtup_m2,225,7,-0.36476064011542186,0.14967359532085667,-0.3824797305059663,0.1979399184804581,28,34
q20,population,225,7,-0.40060183085167955,0.07866402934106759,-0.411482879820986,0.1569635558188398,28,34
q30,area_m2,225,7,-0.19608307752169152,0.2870297777636255,-0.27758839617982867,0.24508091875061755,28,34
q30,builtup_m2,225,7,-0.3223178617041411,0.18871592759422406,-0.3404046499348945,0.20291621217203848,28,34
q30,population,225,7,-0.3734740377711987,0.11895013221152884,-0.3856134615449758,0.16469093062796425,28,34
q40,area_m2,225,7,-0.1686453953600231,0.221627095999255,-0.2061522715375963,0.19314766812916773,28,34
q40,builtup_m2,225,7,-0.36728028738910456,0.21559985887508737,-0.356200940934176,0.20775760658147124,28,34
q40,population,225,7,-0.3728706665303477,0.17224134015362547,-0.3855975606789658,0.1879718598639335,28,34
unw,area_m2,225,7,-0.7633693280700571,0.2599579846328498,-0.3856819223498842,0.413118275421423,28,34
unw,builtup_m2,225,7,-0.4069371744846392,0.057500919268256914,-0.4158559718689628,0.1979405927556771,28,34
unw,population,225,7,-0.42451958986846894,0.03506014971416706,-0.4285477515396673,0.14626746014750647,28,34
