rule,training_metric,threshold,accepted_pixels,accepted_domain_area_pct,accepted_domain_population_pct,evaluable_accepted_pixels,evaluable_domain_population_pct,accepted_allocation_without_heldout_residual_units,heldout_observations,pooled_rmse_mm,population_weighted_pooled_rmse_mm,pixel_rmse_median_mm,pixel_rmse_P95_mm,pair_rmse_median_mm,pair_rmse_min_mm,pair_rmse_max_mm
finite_training_velocity,none,,120693,99.9933757870334,99.99999040530705,120693,99.99999040530705,0.0,5196148,0.9841883969306563,0.358653808912816,0.3163797706026856,1.9966894913793098,0.818969894388072,0.4889433842393706,1.8326784932303497
fixed_training_default_mask,default,,117670,97.49022771622494,99.86242128681435,117670,99.86242128681435,0.0,5100293,0.6988386074833663,0.3495804552794123,0.31257551917484044,1.4337567795191295,0.5599758047033909,0.3308589947560087,1.4804289617973214
coherence_min_0.05,coh_avg_min,0.05,117670,97.49022771622494,99.86242128681435,117670,99.86242128681435,0.0,5100293,0.6988386074833663,0.3495804552794123,0.31257551917484044,1.4337567795191295,0.5599758047033909,0.3308589947560087,1.4804289617973214
coherence_min_0.2,coh_avg_min,0.2,105749,87.61703553288478,99.40446946647825,105749,99.40446946647825,0.0,4649234,0.4910882822920735,0.34417794113327665,0.2998056358372234,0.8434458085582613,0.3839966968682419,0.22014438548204054,1.088835778347041
coherence_min_0.3,coh_avg_min,0.3,97149,80.49356459509923,98.2725660693884,97149,98.2725660693884,0.0,4273202,0.42862313614046565,0.33983687628789877,0.29249626559529496,0.6826111232751421,0.33921422876996676,0.18406059537908948,0.956152766478321
coherence_min_0.4,coh_avg_min,0.4,86525,71.69275931414212,95.33647854939592,86525,95.33647854939592,0.0,3806493,0.3876233302769258,0.33576256297527485,0.28549036803677247,0.5820002119874079,0.31183418938660834,0.15689479793300476,0.8679835609609795
coherence_min_0.5,coh_avg_min,0.5,72262,59.87609717323359,87.87179564670966,72262,87.87179564670966,0.0,3179255,0.35925409785588297,0.33160547815988406,0.27939353540648315,0.5129008493867651,0.2753663932231929,0.1391375895417319,0.8087046853497428
coherence_min_0.6,coh_avg_min,0.6,52823,43.76960787285065,70.81144788883745,52823,70.81144788883745,0.0,2324110,0.33941788657062383,0.32462963561658853,0.27488704845566564,0.4720945976673071,0.2536548311075269,0.1253136328941242,0.7884956134447157
coherence_min_0.7,coh_avg_min,0.7,28538,23.646900757698404,41.03512553209919,28538,41.03512553209919,0.0,1255642,0.3305894492801552,0.31720247608864277,0.27224555936176653,0.44697345171819136,0.24814162197150275,0.11184475171819602,0.7829153378053323
training_residual_max_0.5,resid_rms_max_mm,0.5,105104,87.08422947236456,98.96068986169634,105104,98.96068986169634,0.0,4604712,0.3829985879881811,0.31988764964717487,0.29879643227499353,0.6567826484923314,0.3147412648321458,0.1656700405570138,0.8698200826675105
training_residual_max_1,resid_rms_max_mm,1.0,113660,94.16973807771367,99.45896402807814,113660,99.45896402807814,0.0,4951508,0.5151599165328905,0.32921071644518474,0.3078252433315498,1.026426714376565,0.40162873455788173,0.2441017663774956,1.166979104240459
training_residual_max_1.5,resid_rms_max_mm,1.5,116327,96.37824098112944,99.83657994890274,116327,99.83657994890274,0.0,5053208,0.6171832136784325,0.34696775385866824,0.31096558101322397,1.255176902446421,0.4915480923731985,0.2939486916317993,1.355026660246214
training_residual_max_2,resid_rms_max_mm,2.0,117670,97.49022771622494,99.86242128681435,117670,99.86242128681435,0.0,5100293,0.6988386074833663,0.3495804552794123,0.31257551917484044,1.4337567795191295,0.5599758047033909,0.3308589947560087,1.4804289617973214
velocity_std_max_0.5,vstd_max_mm_yr,0.5,4961,4.11052776205151,4.171667127787344,4961,4.171667127787344,0.0,217870,0.3174366079629472,0.28781453619440317,0.26796322202931117,0.44966502129057123,0.23408181943529632,0.12541648030352026,0.7122138373708314
velocity_std_max_1,vstd_max_mm_yr,1.0,30837,25.549618323935555,31.156678374485097,30837,31.156678374485097,0.0,1353657,0.3768283709798898,0.3597903663288487,0.27915387525435653,0.507092861538085,0.2656184878296408,0.15394216664892765,0.8018630693576096
velocity_std_max_2,vstd_max_mm_yr,2.0,117431,97.29208738259327,99.63701988214812,117431,99.63701988214812,0.0,5090052,0.6980590592733734,0.3496514589396176,0.3126743036503384,1.4313920741295885,0.5587174984232964,0.3304147970564491,1.4790063404131086
velocity_std_max_5,vstd_max_mm_yr,5.0,117670,97.49022771622494,99.86242128681435,117670,99.86242128681435,0.0,5100293,0.6988386074833663,0.3495804552794123,0.31257551917484044,1.4337567795191295,0.5599758047033909,0.3308589947560087,1.4804289617973214
velocity_std_max_100,vstd_max_mm_yr,100.0,117670,97.49022771622494,99.86242128681435,117670,99.86242128681435,0.0,5100293,0.6988386074833663,0.3495804552794123,0.31257551917484044,1.4337567795191295,0.5599758047033909,0.3308589947560087,1.4804289617973214
