scale_m,origin_x_fraction,origin_y_fraction,population_model,support,cells,positive_effect_cell_share,negative_effect_cell_share,max_positive_cell_effect_pp,max_negative_cell_effect_pp,mean_absolute_cell_effect_pp
250,0.0,0.0,GHSL,437_pair_mean_input,23267,0.2736063953238492,0.5904929728800447,0.0008622245192291213,-0.002119926986208858,2.8510611619002653e-05
250,0.0,0.0,GHSL,final_quality_mask,23267,0.009627369235397774,0.026346327416512657,0.0023768453081336465,-0.001131055030604125,1.632652640062056e-06
250,0.0,0.0,WorldPop_normalized,437_pair_mean_input,23267,0.34013839343275887,0.5271844242919156,0.00037414751449829837,-0.0016924074364778755,1.035174969170748e-05
250,0.0,0.0,WorldPop_normalized,final_quality_mask,23267,0.0131946533717282,0.024670133665706796,0.0007001743989950617,-0.0006877907601112026,1.0783178254218185e-06
250,0.5,0.0,GHSL,437_pair_mean_input,23283,0.2728600266288709,0.5887127947429455,0.0013128566133538467,-0.004718058839866599,2.8547649187812817e-05
250,0.5,0.0,GHSL,final_quality_mask,23283,0.009448954172572263,0.026199372933041275,0.0030604445028552447,-0.0015231111924665652,1.9009620042812305e-06
250,0.5,0.0,WorldPop_normalized,437_pair_mean_input,23283,0.3503844006356569,0.5193059313662328,0.0006273662857604452,-0.0017995344454516627,1.0983231255300008e-05
250,0.5,0.0,WorldPop_normalized,final_quality_mask,23283,0.014645878967487008,0.022978138556028004,0.00038397357863370764,-0.0010220600325003208,1.1687502076056942e-06
250,0.0,0.5,GHSL,437_pair_mean_input,23263,0.27911275415896486,0.5812234019687916,0.00098574402886355,-0.0021297371388331755,2.8720879416166675e-05
250,0.0,0.5,GHSL,final_quality_mask,23263,0.008941237157718265,0.027468512229721017,0.0006937166386285667,-0.0011563612125316655,1.5223563508257028e-06
250,0.0,0.5,WorldPop_normalized,437_pair_mean_input,23263,0.3446674977431973,0.5245239221080686,0.0008196277534890076,-0.0017888859571649823,1.1037213437257187e-05
250,0.0,0.5,WorldPop_normalized,final_quality_mask,23263,0.011950307355027296,0.02613592399948416,0.00040856842091063886,-0.0012110645406528365,1.020264566332171e-06
250,0.5,0.5,GHSL,437_pair_mean_input,23279,0.2817990463507883,0.5804373040079042,0.0009471989487312005,-0.003849278724912172,2.8675981240381143e-05
250,0.5,0.5,GHSL,final_quality_mask,23279,0.009235791915460286,0.027063018170883628,0.0021010619404402122,-0.0018647531103689046,2.0823707434255837e-06
250,0.5,0.5,WorldPop_normalized,437_pair_mean_input,23279,0.34748056187980586,0.5198247347394648,0.0008282464452097423,-0.0019518752250694067,1.1356640524007726e-05
250,0.5,0.5,WorldPop_normalized,final_quality_mask,23279,0.013789252115640705,0.024442630697194895,0.0009134443020482462,-0.001771730327366416,1.265191475764809e-06
500,0.0,0.0,GHSL,437_pair_mean_input,5917,0.17644076390062532,0.7985465607571405,0.0015817183963247516,-0.007529955204725296,0.0002898704927098428
500,0.0,0.0,GHSL,final_quality_mask,5917,0.013351360486733141,0.07300997126922427,0.0037222233912682875,-0.004797054485302789,1.4612079090845225e-05
500,0.0,0.0,WorldPop_normalized,437_pair_mean_input,5917,0.2818996112895048,0.6966368091938482,0.000665595218544001,-0.006047340077314501,0.00010719463694244324
500,0.0,0.0,WorldPop_normalized,final_quality_mask,5917,0.019266520196045293,0.06760182524928172,0.0005191324073317472,-0.0030571388866315182,8.979192855336738e-06
500,0.5,0.0,GHSL,437_pair_mean_input,5891,0.17467323035138346,0.7964691902902733,0.0016957679538153034,-0.005686012554687094,0.00029519142616851675
500,0.5,0.0,GHSL,final_quality_mask,5891,0.0135800373451027,0.07401120353080971,0.005175152493623152,-0.002828466410704482,1.5954858991630552e-05
500,0.5,0.0,WorldPop_normalized,437_pair_mean_input,5891,0.2860295365812256,0.6873196401290104,0.0005762482945216587,-0.006330994785394167,0.00011034932374398804
500,0.5,0.0,WorldPop_normalized,final_quality_mask,5891,0.020030555084026482,0.0677304362586997,0.0016520008929106543,-0.0017999383718530636,9.290032334772181e-06
500,0.0,0.5,GHSL,437_pair_mean_input,5899,0.16765553483641296,0.8077640278013223,0.002891559604037406,-0.010152447769073472,0.00029395555943869663
500,0.0,0.5,GHSL,final_quality_mask,5899,0.012883539582980165,0.07424987285980675,0.0070842494919030954,-0.004608157358766968,1.6265542309402525e-05
500,0.0,0.5,WorldPop_normalized,437_pair_mean_input,5899,0.2827597897948805,0.6929988133581964,0.0010343576725367187,-0.006311875771138387,0.00010892372545382662
500,0.0,0.5,WorldPop_normalized,final_quality_mask,5899,0.021190032208848956,0.06628242074927954,0.0010178678204672044,-0.003321447666182177,9.723233461856303e-06
500,0.5,0.5,GHSL,437_pair_mean_input,5872,0.17353542234332425,0.8009196185286104,0.0015063179653644456,-0.00955718255827229,0.0003002616043597024
500,0.5,0.5,GHSL,final_quality_mask,5872,0.013794277929155314,0.0733991825613079,0.006556247054877296,-0.004849149682085796,1.7797601721758827e-05
500,0.5,0.5,WorldPop_normalized,437_pair_mean_input,5872,0.28627384196185285,0.6881811989100818,0.0011087529311329073,-0.006941555270594948,0.0001118677048487378
500,0.5,0.5,WorldPop_normalized,final_quality_mask,5872,0.022138964577656677,0.06505449591280654,0.0026670930883612187,-0.003377723011546758,1.0633002378195927e-05
1000,0.0,0.0,GHSL,437_pair_mean_input,1530,0.08366013071895424,0.9150326797385621,0.004473535289233262,-0.03095919397744275,0.0021322294800617723
1000,0.0,0.0,GHSL,final_quality_mask,1530,0.01764705882352941,0.16470588235294117,0.01218655476758401,-0.004621738161240365,0.00011252746810308525
1000,0.0,0.0,WorldPop_normalized,437_pair_mean_input,1530,0.1588235294117647,0.8411764705882353,0.0012967955843653858,-0.02257927808134541,0.000919799331327651
1000,0.0,0.0,WorldPop_normalized,final_quality_mask,1530,0.02679738562091503,0.15555555555555556,0.0027241372226953836,-0.0049384907665281684,7.840496805173247e-05
1000,0.5,0.0,GHSL,437_pair_mean_input,1485,0.08215488215488216,0.9171717171717172,0.005607925193809966,-0.02419395816059775,0.002106346953170759
1000,0.5,0.0,GHSL,final_quality_mask,1485,0.013468013468013467,0.16902356902356902,0.009532451692168724,-0.01026956042517528,0.00011420886284688489
1000,0.5,0.0,WorldPop_normalized,437_pair_mean_input,1485,0.14343434343434344,0.8552188552188552,0.0020769244113756826,-0.021833674396434688,0.0008935915775764699
1000,0.5,0.0,WorldPop_normalized,final_quality_mask,1485,0.026262626262626262,0.15622895622895622,0.005078317345940524,-0.006157933605218625,8.018713126054537e-05
1000,0.0,0.5,GHSL,437_pair_mean_input,1552,0.08827319587628867,0.9110824742268041,0.0037702025556612074,-0.03493964690489424,0.002083507833089982
1000,0.0,0.5,GHSL,final_quality_mask,1552,0.01675257731958763,0.16237113402061856,0.01263942925094012,-0.00908330066885777,0.0001157527628845491
1000,0.0,0.5,WorldPop_normalized,437_pair_mean_input,1552,0.16301546391752578,0.8356958762886598,0.0010198014815032195,-0.026227854805363052,0.000898783377376475
1000,0.0,0.5,WorldPop_normalized,final_quality_mask,1552,0.027061855670103094,0.15206185567010308,0.0035917544344876984,-0.010578485947190007,8.329397205841474e-05
1000,0.5,0.5,GHSL,437_pair_mean_input,1507,0.0836098208360982,0.9157266091572661,0.0037101813846689385,-0.029566692598373606,0.002028101380908415
1000,0.5,0.5,GHSL,final_quality_mask,1507,0.011944260119442602,0.1678832116788321,0.01575817225483868,-0.012778723282094255,0.00012680412345048356
1000,0.5,0.5,WorldPop_normalized,437_pair_mean_input,1507,0.1585932315859323,0.840743198407432,0.0009015528803759278,-0.024439962936744605,0.000850400054360678
1000,0.5,0.5,WorldPop_normalized,final_quality_mask,1507,0.027869940278699403,0.1519575315195753,0.008285617384597588,-0.00890316947574427,8.334588458385093e-05
2000,0.0,0.0,GHSL,437_pair_mean_input,414,0.036231884057971016,0.961352657004831,0.009330954655561196,-0.09261348612404766,0.011228548424056949
2000,0.0,0.0,GHSL,final_quality_mask,414,0.03140096618357488,0.3333333333333333,0.028569047675102294,-0.015757204371155513,0.0007259054438029542
2000,0.0,0.0,WorldPop_normalized,437_pair_mean_input,414,0.05555555555555555,0.9444444444444444,0.0033536805549311695,-0.08313403733050215,0.0057289408686107286
2000,0.0,0.0,WorldPop_normalized,final_quality_mask,414,0.043478260869565216,0.321256038647343,0.022802164448117657,-0.013937843927587894,0.0006079163422172645
2000,0.5,0.0,GHSL,437_pair_mean_input,391,0.030690537084398978,0.969309462915601,0.003322161130180355,-0.08320212306401197,0.012003549874525057
2000,0.5,0.0,GHSL,final_quality_mask,391,0.03324808184143223,0.340153452685422,0.021199066678932822,-0.013688592685180703,0.0007375759053847981
2000,0.5,0.0,WorldPop_normalized,437_pair_mean_input,391,0.05115089514066496,0.948849104859335,0.0015633295266562438,-0.08104514592041506,0.006108222261097075
2000,0.5,0.0,WorldPop_normalized,final_quality_mask,391,0.04859335038363171,0.3248081841432225,0.013761238263452573,-0.012796135185208593,0.0006089206592150837
2000,0.0,0.5,GHSL,437_pair_mean_input,414,0.01932367149758454,0.9806763285024155,0.007513400539156383,-0.1137364828810103,0.011196491793889799
2000,0.0,0.5,GHSL,final_quality_mask,414,0.03140096618357488,0.30676328502415456,0.009642311422734876,-0.015560571511237992,0.000722535283681048
2000,0.0,0.5,WorldPop_normalized,437_pair_mean_input,414,0.06038647342995169,0.9396135265700483,0.0011983793379107364,-0.07142649744672681,0.005673766125120452
2000,0.0,0.5,WorldPop_normalized,final_quality_mask,414,0.04106280193236715,0.2971014492753623,0.006396377732955303,-0.009620661218229395,0.000524192708371718
2000,0.5,0.5,GHSL,437_pair_mean_input,391,0.04092071611253197,0.959079283887468,0.004692959108548247,-0.08233827014038494,0.011672765993542925
2000,0.5,0.5,GHSL,final_quality_mask,391,0.02557544757033248,0.3350383631713555,0.019235523102675192,-0.028198398863121383,0.0007632952309516623
2000,0.5,0.5,WorldPop_normalized,437_pair_mean_input,391,0.04603580562659847,0.9539641943734015,0.0015452787344041063,-0.06578828399899524,0.00592769594967271
2000,0.5,0.5,WorldPop_normalized,final_quality_mask,391,0.03836317135549872,0.32225063938618925,0.011700564888131643,-0.013829775948796388,0.000604786612632732
