mechanism,missing_pixel_fraction,cell_size_fine_pixels,origin_fine_pixels,method,replicates,mean_relative_error,sd_relative_error,q025_relative_error,q975_relative_error,mean_cell_absolute_error_fraction
density_negative,0.1,5,0,area_uniform,100,25.606624927826342,3.9803858546186457,17.7572521261938,33.09693395430834,0.009254565446423583
density_negative,0.1,5,0,building_weighted,100,0.5521119664524036,0.09702032058158326,0.3604766395287737,0.7214500597765886,0.00021123194686355846
density_negative,0.1,5,0,cell_center,100,16.097353458211643,2.57443206970416,11.16191859424479,21.133841910312643,0.006151773325495328
density_negative,0.1,5,2,area_uniform,100,26.22148170590091,4.120880620006064,18.285469403671176,34.09529383601956,0.009474707834894111
density_negative,0.1,5,2,building_weighted,100,0.5594741078307236,0.0968638782981234,0.3722424647164338,0.7306228846679562,0.00021413724193357575
density_negative,0.1,5,2,cell_center,100,14.510801628288043,2.2765901042477705,10.192999725728104,18.46371228053068,0.005579569024504466
density_negative,0.1,10,0,area_uniform,100,51.860421928303296,8.06728790515173,36.14651335741686,67.08332623885195,0.0187419571070885
density_negative,0.1,10,0,building_weighted,100,0.8921694999159078,0.15032748930936227,0.5934484747223991,1.1801355450591424,0.00032904595467422165
density_negative,0.1,10,0,cell_center,100,41.98339013189934,7.184426003036478,29.757255838516457,54.886453878473716,0.015556563906880412
density_negative,0.1,10,5,area_uniform,100,50.91484786220319,7.972885726739823,35.42872910942934,65.80779504952476,0.018396947881152412
density_negative,0.1,10,5,building_weighted,100,0.8531109002492973,0.1607137240835185,0.5726863575173944,1.0944095643296412,0.00031436645033180023
density_negative,0.1,10,5,cell_center,100,44.28785389393371,7.113559338383202,30.742460595869694,56.22002037294962,0.016392216149422698
density_negative,0.1,20,0,area_uniform,100,82.34151224083955,12.85073358081261,57.91235463311248,106.54929785477086,0.029754264450794404
density_negative,0.1,20,0,building_weighted,100,1.198260918764248,0.20998028676526093,0.813669915610047,1.5837693659963459,0.00043840701912824796
density_negative,0.1,20,0,cell_center,100,97.90604378112761,17.140179396510995,63.951440200369845,128.98263704107205,0.03585796096461154
density_negative,0.1,20,10,area_uniform,100,77.32377558330914,12.104024156514848,54.05878814458504,100.15419022173785,0.02793933068343886
density_negative,0.1,20,10,building_weighted,100,1.1971509828088207,0.21533506717613385,0.8077887839597027,1.630099417365853,0.0004387565782604983
density_negative,0.1,20,10,cell_center,100,66.39428272194945,12.28575176497492,46.868509822756764,90.89678005582468,0.024434814947315475
density_negative,0.3,5,0,area_uniform,100,0.7523816080727515,0.04346844932265258,0.6686771761990551,0.8384275784947248,0.04105125173089274
density_negative,0.3,5,0,building_weighted,100,0.12599976315414857,0.008748366386917238,0.11174132186622113,0.142556978319098,0.007086997649713762
density_negative,0.3,5,0,cell_center,100,0.5751331016581377,0.046587725303746455,0.4796154726228578,0.6607103306487606,0.05637164421822684
density_negative,0.3,5,2,area_uniform,100,0.7591569290174519,0.04418456997451851,0.6717476945393328,0.8431833219166807,0.041419453849936436
density_negative,0.3,5,2,building_weighted,100,0.1262866436222277,0.008800416951763028,0.11168912774568901,0.14285393091735626,0.007109847692126813
density_negative,0.3,5,2,cell_center,100,0.5536030426740429,0.045069074317241394,0.46589009520689284,0.637660003566345,0.05537825918847752
density_negative,0.3,10,0,area_uniform,100,1.2034966296233514,0.0707886897841371,1.0555110104983163,1.3460701614033073,0.06565722018172006
density_negative,0.3,10,0,building_weighted,100,0.19596877328724777,0.013718042026541111,0.1745697699459717,0.22275150640417424,0.010834426845211386
density_negative,0.3,10,0,cell_center,100,1.029717599917318,0.09305060001181054,0.8696283936962667,1.2120115455552603,0.08956018144480446
density_negative,0.3,10,5,area_uniform,100,1.1908693342097618,0.07034043133842904,1.0497812523269185,1.3304660071850747,0.06497379770567611
density_negative,0.3,10,5,building_weighted,100,0.19555658117228375,0.013822889348898396,0.17202641657577097,0.22073462145199574,0.010820806505390412
density_negative,0.3,10,5,cell_center,100,1.0887927733745904,0.09563721488797948,0.9165465308229525,1.2767642634735215,0.09124126409005634
density_negative,0.3,20,0,area_uniform,100,1.6571984021548207,0.10151574374584361,1.4436587131335545,1.8652163865412352,0.09039655795287226
density_negative,0.3,20,0,building_weighted,100,0.2623333411182582,0.019858147956337825,0.22847994299360033,0.29914152630687424,0.014554459023365749
density_negative,0.3,20,0,cell_center,100,1.8784914743272179,0.20850395951246886,1.5532508986792992,2.2736896404041302,0.14467648794884944
density_negative,0.3,20,10,area_uniform,100,1.5990416168503792,0.10061744991539548,1.3841570235602338,1.7969792765615988,0.08722708746664519
density_negative,0.3,20,10,building_weighted,100,0.2607180307232151,0.02130284102627866,0.2286777405403239,0.30243273096126194,0.014451954101534444
density_negative,0.3,20,10,cell_center,100,1.355000405897541,0.16538906494454203,1.0515561138428933,1.6438820110001278,0.11943827473076501
density_negative,0.5,5,0,area_uniform,100,0.2542052212988573,0.008672423182115412,0.23734395086742596,0.26876694977245363,0.05524083742630511
density_negative,0.5,5,0,building_weighted,100,0.06630541194882017,0.0031742889370511354,0.060019164373042166,0.07198096911182213,0.014798075828738924
density_negative,0.5,5,0,cell_center,100,0.20194734373670695,0.013005845555500625,0.1797760573416482,0.22858507687626628,0.10516433071116933
density_negative,0.5,5,2,area_uniform,100,0.25488676973768887,0.008664784360707653,0.23979100217028426,0.2692114396840233,0.055387345634273194
density_negative,0.5,5,2,building_weighted,100,0.06608911149192988,0.003269553261272464,0.05937682460728564,0.07257370360020318,0.014754476494484048
density_negative,0.5,5,2,cell_center,100,0.19429165875858773,0.012332245987412404,0.1698336308675547,0.21609089105661172,0.10443434495503055
density_negative,0.5,10,0,area_uniform,100,0.3832950589387876,0.013308480993918386,0.36079980371928966,0.4073602970907802,0.0833241148029968
density_negative,0.5,10,0,building_weighted,100,0.1011196632841634,0.005149088185403203,0.09112260627608484,0.11272018415652682,0.022399648398359027
density_negative,0.5,10,0,cell_center,100,0.3170838239273208,0.02509068572072109,0.27261619720800667,0.37235936402713404,0.15524690968737748
density_negative,0.5,10,5,area_uniform,100,0.38190198463748376,0.013311512281482708,0.3570487108028678,0.4066232733675083,0.08301654672854213
density_negative,0.5,10,5,building_weighted,100,0.10133127998949626,0.0050025971737838485,0.09221764642604478,0.1108542896216141,0.022457729833891982
density_negative,0.5,10,5,cell_center,100,0.35421335883291616,0.028066938971874802,0.3041197543329079,0.40720287712767456,0.15913632219547746
density_negative,0.5,20,0,area_uniform,100,0.508838735467944,0.020165213455257187,0.4694869184517601,0.5483996338561882,0.11066098863685553
density_negative,0.5,20,0,building_weighted,100,0.1332838096886012,0.008025720448702948,0.11830267431828065,0.14833855055697395,0.029935445696695435
density_negative,0.5,20,0,cell_center,100,0.564373277693466,0.05833834493833827,0.4648265281912086,0.6758519380371687,0.23770785812106926
density_negative,0.5,20,10,area_uniform,100,0.4946353103381289,0.01954292932319165,0.456296039384581,0.5304241176049338,0.10760228255853985
density_negative,0.5,20,10,building_weighted,100,0.13259035602149044,0.008154356372089852,0.11734334100363461,0.14818274699909906,0.029782727883334963
density_negative,0.5,20,10,cell_center,100,0.421385580466989,0.06052424494978444,0.3181316354237365,0.5284526586166213,0.21554271279283657
density_positive,0.1,5,0,area_uniform,100,-0.13221800294360617,0.008362547776951234,-0.1489245580173427,-0.11639443641200455,0.028538797597411146
density_positive,0.1,5,0,building_weighted,100,-0.05804996374998466,0.003996011126304943,-0.06468232716274158,-0.050577988434059126,0.01279912520015541
density_positive,0.1,5,0,cell_center,100,-0.11006185346574064,0.014317219394318218,-0.13396360729740056,-0.08329003096094469,0.07864082922606606
density_positive,0.1,5,2,area_uniform,100,-0.13171268418746443,0.008324633754379621,-0.14921065146951945,-0.11513471732338322,0.0284276349409746
density_positive,0.1,5,2,building_weighted,100,-0.0577411146325266,0.003976353587554433,-0.06514670724360944,-0.05006543539647292,0.012734093031624719
density_positive,0.1,5,2,cell_center,100,-0.1002765113218187,0.013742918536173734,-0.12636872283791772,-0.07236818192074966,0.07836937292590607
density_positive,0.1,10,0,area_uniform,100,-0.18851358007612812,0.011351840067373652,-0.2117186682759623,-0.16748041612835635,0.04078161589278408
density_positive,0.1,10,0,building_weighted,100,-0.08713037243486388,0.0056925780198833,-0.09718656784401014,-0.07589584684186824,0.019313449973987762
density_positive,0.1,10,0,cell_center,100,-0.14397569740679436,0.031974432537639166,-0.20254790539548537,-0.08248705451668895,0.11169927593032603
density_positive,0.1,10,5,area_uniform,100,-0.19064137586126745,0.01086609712301252,-0.21445875340019865,-0.16825645089820448,0.041221314824197164
density_positive,0.1,10,5,building_weighted,100,-0.08760699723831085,0.005738142917345204,-0.09770252414163098,-0.07842639665876262,0.01941769023440602
density_positive,0.1,10,5,cell_center,100,-0.17855082641208025,0.03098371759753739,-0.2458304826372805,-0.1278076233828141,0.11460766905487225
density_positive,0.1,20,0,area_uniform,100,-0.24101587977134567,0.012196514705707219,-0.2628973883936156,-0.21832535379530732,0.05230778607087929
density_positive,0.1,20,0,building_weighted,100,-0.11172041345633266,0.007214119118489229,-0.12468513412371861,-0.0974846095162024,0.025397682927500217
density_positive,0.1,20,0,cell_center,100,-0.24854706932564877,0.06236180991906053,-0.36347312246692953,-0.13941220890238903,0.16338394466489178
density_positive,0.1,20,10,area_uniform,100,-0.2360548206930285,0.013296166071968478,-0.25938150571319024,-0.21025783822780003,0.05118974275204858
density_positive,0.1,20,10,building_weighted,100,-0.1113904091673465,0.008061508382643287,-0.12698863309280398,-0.09579792128815619,0.025238048175056437
density_positive,0.1,20,10,cell_center,100,-0.2178931949283622,0.061725965215064196,-0.34784520955540754,-0.12211847651406053,0.16032351914442075
density_positive,0.3,5,0,area_uniform,100,-0.09703215755848536,0.004624010345289696,-0.10609554120394786,-0.08855917346473983,0.05224941519000405
density_positive,0.3,5,0,building_weighted,100,-0.033039602787526545,0.0020301685141519065,-0.03662444510848644,-0.029074528804398758,0.01822038441719296
density_positive,0.3,5,0,cell_center,100,-0.07848441344148495,0.0069501285662609946,-0.09204489539890678,-0.0652388422250658,0.12158947681069394
density_positive,0.3,5,2,area_uniform,100,-0.09699062785519391,0.00459271800897918,-0.10677227300327385,-0.08822821780875444,0.05222426929121818
density_positive,0.3,5,2,building_weighted,100,-0.032927857912677154,0.0020512174753809687,-0.03675915721920582,-0.02912860880436005,0.018164718334516435
density_positive,0.3,5,2,cell_center,100,-0.07486155586508192,0.005860015014042677,-0.08602651000954799,-0.06353525840257095,0.12076855707304876
density_positive,0.3,10,0,area_uniform,100,-0.1417291658863081,0.006242297703368503,-0.15149826236926467,-0.13032289259531193,0.07640365307770539
density_positive,0.3,10,0,building_weighted,100,-0.04994915991651671,0.002889332289955483,-0.05517465876506679,-0.04467163328713457,0.027543580518931667
density_positive,0.3,10,0,cell_center,100,-0.11638333983410182,0.011569844638570442,-0.13979216789957558,-0.09390753210071244,0.17631971558857654
density_positive,0.3,10,5,area_uniform,100,-0.14224262836990742,0.006242214630535489,-0.15515492935578912,-0.13000490148400187,0.07668509936190895
density_positive,0.3,10,5,building_weighted,100,-0.05024026785388206,0.0029897400977547785,-0.05563485958534457,-0.044908832327636,0.027698265226162807
density_positive,0.3,10,5,cell_center,100,-0.13019784788334865,0.012720120756434044,-0.15346927259101584,-0.10465613709245698,0.17946966957916985
density_positive,0.3,20,0,area_uniform,100,-0.18444057145051904,0.006890240930121753,-0.19888389510725066,-0.1721557798311123,0.09958702455754147
density_positive,0.3,20,0,building_weighted,100,-0.06532308135031316,0.003524485407559817,-0.07181683439883996,-0.05811033069153255,0.03670552917754912
density_positive,0.3,20,0,cell_center,100,-0.19902746814792283,0.029301047527126232,-0.24695511535117182,-0.14040902140597372,0.26296525672585724
density_positive,0.3,20,10,area_uniform,100,-0.17970034558646547,0.007102855597652693,-0.19045741954122491,-0.16404862065496933,0.09706636846755043
density_positive,0.3,20,10,building_weighted,100,-0.06468151622020647,0.0038062368249768114,-0.07085298782754211,-0.05705459459041791,0.03635930695034525
density_positive,0.3,20,10,cell_center,100,-0.15527818407152627,0.02669301975542342,-0.20028493881029635,-0.11000958592598727,0.25137042111148167
density_positive,0.5,5,0,area_uniform,100,-0.07078364760251346,0.0023747285911406416,-0.07551542273277997,-0.06620878337862382,0.05531721498663437
density_positive,0.5,5,0,building_weighted,100,-0.01853371855527357,0.0010983663997722283,-0.0205415305349046,-0.016606313820210702,0.01486529639786668
density_positive,0.5,5,0,cell_center,100,-0.056019141681474434,0.003773436862177756,-0.062251767634650394,-0.048511819458756135,0.10522067795822862
density_positive,0.5,5,2,area_uniform,100,-0.07102139736218233,0.002488840213286908,-0.07590631841706162,-0.06631836528966636,0.05550250377937867
density_positive,0.5,5,2,building_weighted,100,-0.018467257917691455,0.0010971128781557885,-0.02044334668530698,-0.01669307255506745,0.014822648118220037
density_positive,0.5,5,2,cell_center,100,-0.05424746468556977,0.0037770649449519493,-0.06128361080657648,-0.046919250200112346,0.10438799477240115
density_positive,0.5,10,0,area_uniform,100,-0.10689681255836202,0.003421987876838192,-0.11374893414903955,-0.10098280432019187,0.08357926409567806
density_positive,0.5,10,0,building_weighted,100,-0.028391720042380483,0.0016747472275349417,-0.031643067790447864,-0.025470067177213646,0.02260969996979773
density_positive,0.5,10,0,cell_center,100,-0.0874676769656349,0.006841612945631795,-0.10286496476506661,-0.0746695333636378,0.15517106343574694
density_positive,0.5,10,5,area_uniform,100,-0.10658872124686061,0.003494226916021101,-0.11424656690629004,-0.10124115071552117,0.08334085897945212
density_positive,0.5,10,5,building_weighted,100,-0.02851922986030906,0.0016485892089233573,-0.031704039492271255,-0.02564232191876922,0.02272425888721634
density_positive,0.5,10,5,cell_center,100,-0.0998703845795852,0.006929840803817531,-0.11428242051105837,-0.08568408606993176,0.1597002146919087
density_positive,0.5,20,0,area_uniform,100,-0.14238925681342077,0.004354347394894173,-0.15150478956275376,-0.13557228104695776,0.11141239875319389
density_positive,0.5,20,0,building_weighted,100,-0.03792310393485423,0.0021784902411744575,-0.04237638030359666,-0.033871707207311905,0.0305734779206186
density_positive,0.5,20,0,cell_center,100,-0.16060304387172128,0.016371065384248935,-0.19146869987010567,-0.12662675732807094,0.24007419991971382
density_positive,0.5,20,10,area_uniform,100,-0.13801535573551793,0.004205436132072398,-0.14618893835483426,-0.1318368526517937,0.108020393936094
density_positive,0.5,20,10,building_weighted,100,-0.0373671664603588,0.002411887665274163,-0.04254051987919622,-0.0333822049083995,0.030132866218582313
density_positive,0.5,20,10,cell_center,100,-0.11773874259167122,0.015048210105685765,-0.14854965960657107,-0.08720928032797833,0.21542356885983951
random,0.1,5,0,area_uniform,100,-0.0002300198078996519,0.0037232356702307343,-0.006708392616612356,0.006559611461034104,0.01891922173211971
random,0.1,5,0,building_weighted,100,3.947210316890038e-05,0.002448999848247517,-0.004540272614578868,0.004723117425355196,0.010614357026431048
random,0.1,5,0,cell_center,100,-0.002617524550556813,0.04464015184838189,-0.08734768609725663,0.0802461684286437,0.17257651466546534
random,0.1,5,2,area_uniform,100,-5.459059804503117e-05,0.003279200917706599,-0.005666766625319831,0.006714469438189792,0.01897916954439006
random,0.1,5,2,building_weighted,100,7.474721045575575e-05,0.002218995339593785,-0.0038392629319411627,0.003912403971255954,0.010638249234284471
random,0.1,5,2,cell_center,100,-0.004076947700514999,0.03877201987985932,-0.07127134708359018,0.06699415312453802,0.17229877499198853
random,0.1,10,0,area_uniform,100,9.74545670398592e-05,0.003866886987475604,-0.007692363147136587,0.007570587989529709,0.01235289013848343
random,0.1,10,0,building_weighted,100,0.00016456448156505768,0.0027115879170050085,-0.004899240090299494,0.0055850175558563335,0.007401460929920466
random,0.1,10,0,cell_center,100,0.0008076940218440356,0.07663853866257514,-0.1432097274560597,0.12451145951636616,0.17821766867728836
random,0.1,10,5,area_uniform,100,7.323289685651655e-05,0.004201919483987491,-0.006823229999716698,0.007858873320059424,0.012473465549965694
random,0.1,10,5,building_weighted,100,0.00019223692808258572,0.0028749024362949545,-0.005534506232178089,0.006096533394643042,0.0074487563400082515
random,0.1,10,5,cell_center,100,-0.007997111540960757,0.07279151153503656,-0.1361432769376568,0.13871722117686555,0.17759206369108668
random,0.1,20,0,area_uniform,100,0.00019940635718446105,0.004320597388774977,-0.008377260005639627,0.007647308092639434,0.007235418258199018
random,0.1,20,0,building_weighted,100,0.00018234467686895688,0.0030362187359721897,-0.0052727498740354215,0.0070265064459578246,0.004508521245966568
random,0.1,20,0,cell_center,100,-0.0126811337392147,0.1392115094614078,-0.2707338931687863,0.26633374964638207,0.17840455641214512
random,0.1,20,10,area_uniform,100,-7.479457080020315e-05,0.004052047824843773,-0.007438931250159806,0.0066098220403836925,0.007234736939046509
random,0.1,20,10,building_weighted,100,0.0002017543955068723,0.002896830143504922,-0.00506550555606324,0.005559547254420669,0.004529834756838002
random,0.1,20,10,cell_center,100,-0.011628441924849305,0.1604864998404883,-0.30724533250028024,0.3145419467827735,0.17844661409843568
random,0.3,5,0,area_uniform,100,0.00011839376173977674,0.001609917200141222,-0.0030142937104758447,0.003410451865323215,0.030505044387897636
random,0.3,5,0,building_weighted,100,0.00010517952642292469,0.001083942021464939,-0.001746210287365601,0.0021382628752694127,0.01755936403826773
random,0.3,5,0,cell_center,100,-0.002000101371916518,0.021329997254259894,-0.042044563029882465,0.0387936737561218,0.40298723903645434
random,0.3,5,2,area_uniform,100,0.00014106445747300698,0.001656270541291963,-0.003187374716510915,0.0032595951528465034,0.030628222921508397
random,0.3,5,2,building_weighted,100,4.060386283994826e-05,0.001152613271634546,-0.0022278459754623277,0.0026371386299548576,0.01754837701352645
random,0.3,5,2,cell_center,100,0.0005590339101711005,0.021498717757687677,-0.03720466498396366,0.04581034771717468,0.4030546533028263
random,0.3,10,0,area_uniform,100,0.00041731151162441917,0.002068621803684607,-0.00402313240163919,0.004379768959319742,0.019008610719512275
random,0.3,10,0,building_weighted,100,0.0002542529026018256,0.0013117530746846247,-0.0023813488881131435,0.0026653430465718403,0.01150500138546555
random,0.3,10,0,cell_center,100,0.0008355496928800708,0.044971164519779214,-0.09189776536014192,0.08762600922104703,0.41576902303580626
random,0.3,10,5,area_uniform,100,0.0003641918367263498,0.0021027296390281566,-0.0030534606839103893,0.004343077954763278,0.019145616312339866
random,0.3,10,5,building_weighted,100,0.00021336061881577502,0.0014339183048629933,-0.0024393488939790666,0.0029787147858734027,0.011526589633158588
random,0.3,10,5,cell_center,100,-0.0009447311088826617,0.04477942973445553,-0.08011818729764239,0.09110071481204161,0.41559748037243666
random,0.3,20,0,area_uniform,100,0.0004704732502043333,0.002249297277257534,-0.0035824687678004535,0.004591793211810849,0.011029685215537044
random,0.3,20,0,building_weighted,100,0.00025753770007965555,0.001446239260207557,-0.002829390812279158,0.0028146787626175014,0.006880798161539815
random,0.3,20,0,cell_center,100,-0.008707113025054478,0.09013947105197732,-0.17399382502191468,0.16351594124282698,0.41777087097655063
random,0.3,20,10,area_uniform,100,0.0005149143929142013,0.002139542518283726,-0.004033863218148015,0.0040809534552724335,0.01110796445954658
random,0.3,20,10,building_weighted,100,0.0002944523746780178,0.0013837869499338784,-0.0025156592440986627,0.002850762654411315,0.006952864093858505
random,0.3,20,10,cell_center,100,-0.00685054110007007,0.0827568892692138,-0.1772680200043042,0.14591064289930675,0.4178760454327994
random,0.5,5,0,area_uniform,100,0.00025151571601647203,0.0010197199349796643,-0.001714060113555049,0.002118142079169885,0.03339857594946125
random,0.5,5,0,building_weighted,100,0.00015104131651889126,0.0008294842238990458,-0.0011275302585355034,0.001956628637659983,0.01925130958884347
random,0.5,5,0,cell_center,100,-0.0018595812262747994,0.014699026245663079,-0.02915954882886033,0.024822799504777948,0.48019231570163057
random,0.5,5,2,area_uniform,100,0.00017814136704000065,0.000977393002318818,-0.00183920563966214,0.0018623658300555349,0.03357512770617764
random,0.5,5,2,building_weighted,100,8.434273521315106e-05,0.0007327524648852523,-0.0009323956859108054,0.0015327559770059458,0.0192730617157048
random,0.5,5,2,cell_center,100,-0.0004072981120147039,0.014518238590268448,-0.0292236935384486,0.029029856355091498,0.4796509293416736
random,0.5,10,0,area_uniform,100,0.0003889172833148511,0.001279344250320364,-0.0019982558728338,0.0027862721640572827,0.020776787098583677
random,0.5,10,0,building_weighted,100,0.00022605862323771045,0.0009863224177302113,-0.0015187518519495643,0.00219130589654424,0.01253533089532386
random,0.5,10,0,cell_center,100,0.002114047008701422,0.02891554869508871,-0.05149232756451528,0.05919973211774269,0.4948559080322417
random,0.5,10,5,area_uniform,100,0.00031808557772503433,0.0013074361277591092,-0.0021661395213612247,0.0029606114087780966,0.020966798693816763
random,0.5,10,5,building_weighted,100,0.00014472445108638688,0.001041371106073831,-0.0014278770336908645,0.002176901376583988,0.012636005216279915
random,0.5,10,5,cell_center,100,-0.004514801593472267,0.02554059909325737,-0.05048174392972614,0.05047890553860765,0.4949161258741034
random,0.5,20,0,area_uniform,100,0.0004469956766674814,0.00138012509223573,-0.0017644484757884356,0.002890206907188814,0.012077444275429734
random,0.5,20,0,building_weighted,100,0.00020639037071649313,0.00110332808037239,-0.0016112975071143473,0.002525588169339656,0.007523433812433973
random,0.5,20,0,cell_center,100,-0.004261456544422524,0.055249772318008726,-0.1142829383949772,0.10096416768829457,0.4988162581454931
random,0.5,20,10,area_uniform,100,0.00041458943140563787,0.0014009251142976197,-0.001790972597442996,0.0027864014866676545,0.01215261434201941
random,0.5,20,10,building_weighted,100,0.00019308055979882574,0.0010725139818465743,-0.0015909732990880788,0.0024156152167535442,0.007571505297091691
random,0.5,20,10,cell_center,100,-0.003480252514281232,0.05246032079753433,-0.09793603360774943,0.10013043408064867,0.49861683688674074
spatial,0.1,5,0,area_uniform,100,-0.0002722823438099098,0.0034568096466707048,-0.0063130185235998155,0.0059903356884666555,0.004647744191357673
spatial,0.1,5,0,building_weighted,100,-0.00012895411271292002,0.0022958560314873793,-0.00427372002900289,0.004254094950377716,0.002509711513920675
spatial,0.1,5,0,cell_center,100,-0.001478415179989334,0.013884058686899022,-0.023880923690459188,0.03019699521248702,0.022487451930339093
spatial,0.1,5,2,area_uniform,100,-0.00016928372895233477,0.0034360056950818083,-0.006019738949143495,0.006005678707777185,0.004671980905939495
spatial,0.1,5,2,building_weighted,100,3.0650492581200517e-06,0.0021468450111293697,-0.003937357882059633,0.004714598607453644,0.002508590821414347
spatial,0.1,5,2,cell_center,100,-0.0012632632040099267,0.013923565366073878,-0.030960275130597733,0.022284176630954042,0.022519520145330027
spatial,0.1,10,0,area_uniform,100,0.00061063400511512,0.008853474156952153,-0.015409672474934898,0.0183931393509616,0.008918989110569
spatial,0.1,10,0,building_weighted,100,0.00036573159841884426,0.005964964021885668,-0.010029718971773013,0.013649366466560462,0.004931305033284945
spatial,0.1,10,0,cell_center,100,0.007213797973866974,0.036787497138709664,-0.06572846233089297,0.0719721431450318,0.045555058073037336
spatial,0.1,10,5,area_uniform,100,-0.0014026401421905826,0.008486369731334004,-0.017236184027035726,0.016654257183613033,0.009006466896609484
spatial,0.1,10,5,building_weighted,100,-0.0009849738862602148,0.005845559479444972,-0.011850293751190398,0.010375836830432403,0.0049904410440734905
spatial,0.1,10,5,cell_center,100,-0.006888604215515951,0.0311382087288897,-0.07393645626529619,0.056057187302551596,0.04537781251551384
spatial,0.1,20,0,area_uniform,100,0.00013617232596312219,0.021597772094849223,-0.03775733058993268,0.04270325607425455,0.014736433498227461
spatial,0.1,20,0,building_weighted,100,-0.0008624478352830738,0.013714516564291356,-0.023272606690957102,0.024630896114902757,0.008155388421873888
spatial,0.1,20,0,cell_center,100,-0.00963377594172636,0.10410273726985919,-0.19156463015791023,0.1871654708984976,0.08456242072526331
spatial,0.1,20,10,area_uniform,100,0.0005921689323343194,0.019678596800056427,-0.037343498757643194,0.03858541898187875,0.01420334716235888
spatial,0.1,20,10,building_weighted,100,0.0002556636537209096,0.012538091580565935,-0.021435521985118083,0.02450062227496016,0.007970822989878466
spatial,0.1,20,10,cell_center,100,-0.010107028354207691,0.08411118515337197,-0.1788134197612346,0.17435717109631757,0.08291466494094774
spatial,0.3,5,0,area_uniform,100,0.00011165676461308238,0.001596293237257339,-0.002834397263783076,0.003042185173437031,0.00943916887825646
spatial,0.3,5,0,building_weighted,100,4.510649781452972e-05,0.0009735931098187973,-0.0019071700814905842,0.0017881605861566434,0.005040332917262049
spatial,0.3,5,0,cell_center,100,-0.0006544555909342817,0.00598314757037914,-0.013074346206861957,0.010437575676657472,0.045297341298518
spatial,0.3,5,2,area_uniform,100,-2.98488190355241e-05,0.0017071273650515954,-0.003609559093773571,0.0034354896064898955,0.009414200259309117
spatial,0.3,5,2,building_weighted,100,4.159706215098298e-05,0.0010525613667056407,-0.0020090436232705765,0.0021981170716080163,0.005040152304349593
spatial,0.3,5,2,cell_center,100,0.0004964915112563228,0.005900648112995344,-0.010838680273508348,0.010955763447669983,0.04527836568445154
spatial,0.3,10,0,area_uniform,100,0.00010876176459054712,0.0042647053983094095,-0.00815307176424104,0.008120232033785342,0.018135999245456228
spatial,0.3,10,0,building_weighted,100,5.903916319374179e-05,0.0027622576792174663,-0.0049764473080723135,0.005015169538486471,0.009958095506916842
spatial,0.3,10,0,cell_center,100,7.103603463130954e-05,0.017773235957785162,-0.036024510638155885,0.03123688318473065,0.0916713931548242
spatial,0.3,10,5,area_uniform,100,0.0002593573841637694,0.004604048086294186,-0.009712075327407704,0.0076595951974635906,0.018395742392441065
spatial,0.3,10,5,building_weighted,100,0.0001008693118258719,0.0025624740678697076,-0.005179484824382808,0.0041340595245187555,0.0100852441121098
spatial,0.3,10,5,cell_center,100,-0.000987395078975404,0.016612102867760718,-0.03107205005274464,0.02898386223833882,0.09246368043704102
spatial,0.3,20,0,area_uniform,100,0.00028244574655558334,0.011767457122431437,-0.021075957244532994,0.021961914805326648,0.030869445068736262
spatial,0.3,20,0,building_weighted,100,6.334614213978359e-05,0.006502234236513467,-0.014329171829841017,0.012864765556254333,0.016864894854008203
spatial,0.3,20,0,cell_center,100,-0.0025831977325353073,0.04211155873043149,-0.07885650522678946,0.0827128659088939,0.17578704891957705
spatial,0.3,20,10,area_uniform,100,0.00036332602579355194,0.009619751427434832,-0.019451304499906,0.019223445769938365,0.02960979195904597
spatial,0.3,20,10,building_weighted,100,0.00022893024012329567,0.005913863834110303,-0.00972228831295838,0.012807217372840528,0.016438026451176733
spatial,0.3,20,10,cell_center,100,-9.713248000145267e-05,0.04022017652379908,-0.08369862292886115,0.07102154058421478,0.17344668394925283
spatial,0.5,5,0,area_uniform,100,8.747666895455935e-06,0.0010987643344856203,-0.0022702615872859937,0.002028975389723859,0.010838547859608307
spatial,0.5,5,0,building_weighted,100,-4.367422590978586e-05,0.0007269155674240316,-0.0014776319985872833,0.0015283964070707972,0.0058463647920995255
spatial,0.5,5,0,cell_center,100,-0.00023634237481097865,0.003943060702090057,-0.008399399715039038,0.006537638501340592,0.052195992333711284
spatial,0.5,5,2,area_uniform,100,2.970625164435616e-05,0.0009328015872387862,-0.0017206079915209668,0.0018653619602236955,0.010863058018284912
spatial,0.5,5,2,building_weighted,100,7.272802368150236e-05,0.0006346144327866437,-0.0013502130587890126,0.0011075567689718983,0.00583123159301175
spatial,0.5,5,2,cell_center,100,-0.0008208239683811587,0.0039621458423000095,-0.007807837975436399,0.006365589797988526,0.052066823814742064
spatial,0.5,10,0,area_uniform,100,0.00032156779432004077,0.0027524054542074684,-0.0050208054981259135,0.0058674105467828655,0.02093878896171962
spatial,0.5,10,0,building_weighted,100,9.904699815452737e-05,0.001876963907094748,-0.0033417289166577566,0.0038624292884211495,0.01160483151831124
spatial,0.5,10,0,cell_center,100,-0.0008415704932119811,0.01124377633530471,-0.020298870851303507,0.018851072203203766,0.10613097426080614
spatial,0.5,10,5,area_uniform,100,0.0001288555408502032,0.002568009077547434,-0.0049253447779835586,0.004883141846982604,0.02127107673835794
spatial,0.5,10,5,building_weighted,100,1.3648883035077246e-05,0.001692199615673182,-0.003204719986088973,0.0030076023177819547,0.011781421560527063
spatial,0.5,10,5,cell_center,100,-0.00022535377295956319,0.009186761285711118,-0.014565522303264238,0.016788041949991558,0.10614845428307042
spatial,0.5,20,0,area_uniform,100,0.00036631722892085873,0.007055785866997929,-0.013328793460136455,0.0131977149989098,0.0356158146003807
spatial,0.5,20,0,building_weighted,100,-4.83819426897944e-07,0.00411007021311997,-0.008289570724502916,0.007969986104904141,0.019592253017150875
spatial,0.5,20,0,cell_center,100,0.002193363271954581,0.029864007057856853,-0.05676029919817045,0.056823034857610887,0.20431197630073833
spatial,0.5,20,10,area_uniform,100,0.0004309265389565248,0.005712018868172317,-0.009484267735731777,0.012339588212439571,0.034362048379958175
spatial,0.5,20,10,building_weighted,100,0.00014757791921960348,0.0040096366368201075,-0.00808024694567163,0.00808629532011604,0.019301676817415722
spatial,0.5,20,10,cell_center,100,-0.0028538934309206006,0.02415981982565764,-0.050793424934312964,0.03713148132562127,0.20106418727986866
