id,reviewer,verbatim_user_supplied_text,source,plan_target,status,final_location
ED.1,Editor,"In particular, the scientific gap and novelty of the study should be more clearly established and supported by a comprehensive and balanced review of the relevant literature. The rationale for the proposed workflow and its methodological choices should be strengthened and better positioned in relation to existing approaches. Further clarification and justification are also required regarding the interpretation and validation of the “hidden exposure” concept, the treatment of observability, the limitations of the GHSL data, and the selection of the InSAR datasets.",user_supplied_review_04.txt,E: research questions and related-method comparison,addressed in scientific revision; acceptance not assumed,"main manuscript p. 2, line 76; main manuscript p. 1, line 54"
ED.2,Editor,"In particular, the scientific gap and novelty of the study should be more clearly established and supported by a comprehensive and balanced review of the relevant literature. The rationale for the proposed workflow and its methodological choices should be strengthened and better positioned in relation to existing approaches. Further clarification and justification are also required regarding the interpretation and validation of the “hidden exposure” concept, the treatment of observability, the limitations of the GHSL data, and the selection of the InSAR datasets.",user_supplied_review_04.txt,B/C: fair comparisons; E/F: rationale and methods,addressed in scientific revision; acceptance not assumed,"main manuscript p. 3, line 146; main manuscript p. 6, line 348; Supplementary Information p. 10"
ED.3,Editor,"In particular, the scientific gap and novelty of the study should be more clearly established and supported by a comprehensive and balanced review of the relevant literature. The rationale for the proposed workflow and its methodological choices should be strengthened and better positioned in relation to existing approaches. Further clarification and justification are also required regarding the interpretation and validation of the “hidden exposure” concept, the treatment of observability, the limitations of the GHSL data, and the selection of the InSAR datasets.",user_supplied_review_04.txt,B1/B3/C/D: estimand and evidence limits,addressed in scientific revision; acceptance not assumed,"main manuscript p. 3, line 127; main manuscript p. 8, line 464; main manuscript p. 10, line 579"
R1.1,Reviewer 1,"The manuscript presents a valuable methodological contribution to the Earth science community by addressing an important but usually overlooked issue >>> how InSAR product support masks affect downstream exposure estimates.
There are some critical point that must be addressed.
1- The ""Hidden Exposure"" claim is not validated. The authors should justify such a claim in a scientific way as they address other issues.
The manuscript repeatedly emphasizes that it is not validating deformation in hidden cells, yet the central result (3.77 million people in ""hidden exposure"") is presented as if it carries decision-relevant weight.",user_supplied_review_05.txt,B: reconstruction and matched processing; C: controlled masks,addressed in scientific revision; acceptance not assumed,"main manuscript p. 3, line 127; main manuscript p. 11, line 596; main manuscript p. 8, line 464; Supplementary Information p. 6"
R1.2,Reviewer 1,"P 10: The classification of cells as ""majority observable"" vs. ""not-majority-observable"" simplifies a continuous problem. I think binary threshold is unsatisfying the goals and scopes you defined before.",user_supplied_review_05.txt,B1/C2: continuous distributions and sampling,addressed in scientific revision; acceptance not assumed,"main manuscript p. 3, line 136; main manuscript p. 4, line 199"
R1.3,Reviewer 1,"P9-10: ""GHSL layers are used because they provide consistent public support for population and built-up surface across domains."" >>> GHSL data limitations are understated and the authors should improve this statements.",user_supplied_review_05.txt,C3: model/epoch/domain comparisons,addressed in scientific revision; acceptance not assumed,"main manuscript p. 8, line 425; main manuscript p. 10, line 579"
R1.4,Reviewer 1,"there are also some minor issues that must be double-checked by the authors.
I recommend major revisions with particular attention to clarifying the weak points and the policy-relevant interpretation of the results too.",user_supplied_review_05.txt,"G: numerical, language, references and rendered-page checks",addressed in scientific revision; acceptance not assumed,"main manuscript p. 11, line 596; main manuscript p. 11, line 605"
R2.1,Reviewer 2,"1- The problem formulation gives too little credit to established InSAR practices. It discusses the problem in the Introduction. For example:

""exposure accounting can convert this missingness into a denominator change.""

""A processing team may publish a careful product with valid-support masks, while a downstream analyst may treat the remaining raster or point layer as a complete hazard domain.""

""but they rarely audit whether non-observed radar support is being treated as absent""

I find the concern relevant and valid. But the literature review does not systematically show that previous InSAR exposure studies have failed to address areas with missing information. The manuscript claims that ""When the resulting deformation map is intersected with population, built-up land or infrastructure layers, analysts often remove cells that are not valid in the radar product before exposure is summarized,"" without providing evidence from studies that follow this practice. In my opinion, this is the main weakness of the manuscript. If the issue is misuse of correctly documented InSAR products by non-specialist users, this should be stated explicitly and supported by multiple examples of studies where such problems occur, together with references to state-of-the-art studies that have tried to address the issue. In its current form, the manuscript sometimes reads as if the InSAR community has failed to recognize this limitation. However, it is well accepted in the community that InSAR observations are opportunistic by nature. In some cases, InSAR products are accompanied by quantitative information on the validity and quality of the observations. For example, LiCSBAS provides average coherence, the percentage of valid unwrapped pixels, etc. along with velocity and time-series products. The manuscript acknowledges that experienced InSAR users understand and correctly interpret areas where InSAR does not provide information. Therefore, the scientific gap should be demonstrated specifically at the point where InSAR products are used in downstream applications. Without enough evidence from previous studies, it is difficult to determine whether the paper addresses a genuine unresolved research problem.",user_supplied_review_05.txt,E/F: balanced literature and specific tested contribution,addressed in scientific revision; acceptance not assumed,"main manuscript p. 1, line 54; main manuscript p. 2, line 76; Supplementary Information p. 8"
R2.2,Reviewer 2,"2- The manuscript explains how the proposed workflow works, but it does not adequately explain why this particular method is chosen. State-of-the-art methods and alternative approaches should be discussed and compared with the proposed method. The Materials and Methods section also contains very few references to previous methodological works. As a result, it is difficult to determine how the proposed approach relates to existing methods and why the specific choices made in the workflow are preferable or necessary.",user_supplied_review_05.txt,"B2/C1/C4/E: alternatives, references, fair input matching",addressed in scientific revision; acceptance not assumed,"main manuscript p. 3, line 146; main manuscript p. 6, line 348; main manuscript p. 9, line 519; Supplementary Information p. 10"
R2.3,Reviewer 2,"3- The ""Iran public InSAR products"" is based on relatively old study from 2008. More recent nationwide studies of subsidence in Iran are available, including Haghighi and Motagh, 2024 and Payne et al., 2025. InSAR datasets form both of these studies are publicly available. The manuscript should explain why an older dataset was selected instead of these newer products. I think the use of the 2008 dataset does not invalidate the workflow, but the it should be justified.",user_supplied_review_05.txt,A/E/F: source correction and exclusion from applications,addressed in scientific revision; acceptance not assumed,"main manuscript p. 11, line 596; Supplementary Information p. 8"
SUB.1,Submission instruction,The original submitting author must upload a point-by-point response to the comments as a PDF file. This must include a description of any additional experiments that were carried out and a detailed rebuttal of any criticisms or requested revisions that you disagreed with.,user_supplied_review_05.txt,"F/G: response PDF, changed files, clean main manuscript",local upload package assembled; external submission not performed,clean manuscript.pdf; separate response.pdf and optional marked copy
ED.CODE,Editor,the underlying code must be deposited in a recognised DOI-assigning repository,user_supplied_review_04.txt,Explicitly excluded by user,not executed; outside agreed DOI/upload scope,Response: Code archive and submission files
