exposure,cell_size_m,shift_x_m,shift_y_m,method,total,reference_unsupported,estimated_unsupported,signed_error,error_fraction_reference,cell_absolute_error_sum,covariance_integral
population,250,0.0,0.0,area_uniform,598097.8971288954,1709.9901717792152,4130.9331436552475,2420.942971876031,1.415764261005712,2492.834234272238,2420.9429718760325
population,250,0.0,0.0,cell_center,598097.8971288954,1709.9901717792152,5086.765978819014,3376.7758070397986,1.9747340439543706,4512.137728079699,2420.9429718760325
population,250,125.0,0.0,area_uniform,598097.8971288954,1709.9901717792152,4196.133825876037,2486.1436540968202,1.453893534083901,2562.806966977487,2486.1436540968202
population,250,125.0,0.0,cell_center,598097.8971288954,1709.9901717792152,4893.208859206026,3183.218687426808,1.8615420953646324,4364.944302715729,2486.1436540968202
population,250,0.0,125.0,area_uniform,598097.8971288954,1709.9901717792152,4309.835296228574,2599.8451244493585,1.52038600417467,2647.3110290659097,2599.8451244493576
population,250,0.0,125.0,cell_center,598097.8971288954,1709.9901717792152,5225.382039260434,3515.391867481218,2.0557965335107826,4584.518661802511,2599.8451244493576
population,250,125.0,125.0,area_uniform,598097.8971288954,1709.9901717792152,4379.508009658599,2669.517837879384,1.5611305152133108,2715.086783079326,2669.517837879384
population,250,125.0,125.0,cell_center,598097.8971288954,1709.9901717792152,5122.648405455983,3412.6582336767683,1.9957180397861332,4459.000953078878,2669.517837879384
population,500,0.0,0.0,area_uniform,598097.8971288954,1709.9901717792152,6470.6922535675,4760.702081788282,2.784052306473115,4797.549180536849,4760.702081788283
population,500,0.0,0.0,cell_center,598097.8971288954,1709.9901717792152,10208.37249329234,8498.382321513123,4.969842787266258,9770.028493624266,4760.702081788283
population,500,250.0,0.0,area_uniform,598097.8971288954,1709.9901717792152,6437.998007933257,4728.00783615405,2.7649327546921745,4743.919834191042,4728.007836154051
population,500,250.0,0.0,cell_center,598097.8971288954,1709.9901717792152,9410.897435619838,7700.907263840627,4.503480424000312,9052.839662323226,4728.007836154051
population,500,0.0,250.0,area_uniform,598097.8971288954,1709.9901717792152,6572.701455569441,4862.711283790227,2.8437071534339053,4899.043462263011,4862.711283790228
population,500,0.0,250.0,cell_center,598097.8971288954,1709.9901717792152,8269.420506225626,6559.43033444641,3.8359462192823224,7951.113473260688,4862.711283790228
population,500,250.0,250.0,area_uniform,598097.8971288954,1709.9901717792152,6497.710821969856,4787.720650190639,2.799852729685048,4804.95891679947,4787.720650190639
population,500,250.0,250.0,cell_center,598097.8971288954,1709.9901717792152,7790.302697086892,6080.312525307676,3.5557587556080605,7463.663508495032,4787.720650190639
population,1000,0.0,0.0,area_uniform,598097.8971288954,1709.9901717792152,9556.29252063792,7846.302348858707,4.588507278199597,7851.222552099744,7846.30234885871
population,1000,0.0,0.0,cell_center,598097.8971288954,1709.9901717792152,11790.131326266799,10080.141154487586,5.894853269243866,11548.727657625768,7846.30234885871
population,1000,500.0,0.0,area_uniform,598097.8971288954,1709.9901717792152,9073.143056087987,7363.152884308778,4.305962107751499,7365.679566204604,7363.152884308778
population,1000,500.0,0.0,cell_center,598097.8971288954,1709.9901717792152,15711.986890818376,14001.996719039169,8.188349237393764,15516.159484738851,7363.152884308778
population,1000,0.0,500.0,area_uniform,598097.8971288954,1709.9901717792152,9297.182598765494,7587.192426986274,4.436980137196889,7587.729339263356,7587.192426986273
population,1000,0.0,500.0,cell_center,598097.8971288954,1709.9901717792152,14249.37189188126,12539.38172010204,7.33301391262093,13968.839350002647,7587.192426986273
population,1000,500.0,500.0,area_uniform,598097.8971288954,1709.9901717792152,9022.035452960612,7312.045281181403,4.276074448763262,7312.367374621194,7312.045281181401
population,1000,500.0,500.0,cell_center,598097.8971288954,1709.9901717792152,17727.92070865364,16017.930536874434,9.367264678608096,17501.912956950215,7312.045281181401
population,2000,0.0,0.0,area_uniform,598097.8971288954,1709.9901717792152,12682.857875916263,10972.86770413706,6.416918579549484,10973.232556334155,10972.867704137061
population,2000,0.0,0.0,cell_center,598097.8971288954,1709.9901717792152,27340.809887886935,25630.819716107733,14.98886960820325,26994.863200683623,10972.867704137061
population,2000,1000.0,0.0,area_uniform,598097.8971288954,1709.9901717792152,11986.785300125273,10276.795128346057,6.00985625411708,10276.883881046382,10276.795128346059
population,2000,1000.0,0.0,cell_center,598097.8971288954,1709.9901717792152,6223.600489323315,4513.610317544101,2.6395533682206884,6275.05765455461,10276.795128346059
population,2000,0.0,1000.0,area_uniform,598097.8971288954,1709.9901717792152,13514.693130773547,11804.702958994352,6.903374740868694,11811.29121290326,11804.702958994352
population,2000,0.0,1000.0,cell_center,598097.8971288954,1709.9901717792152,44658.713105805706,42948.722934026526,25.11635659831841,44629.26762939917,11804.702958994352
population,2000,1000.0,1000.0,area_uniform,598097.8971288954,1709.9901717792152,12784.822569541797,11074.832397762591,6.476547398070376,11074.832398168095,11074.832397762588
population,2000,1000.0,1000.0,cell_center,598097.8971288954,1709.9901717792152,31289.62471795603,29579.634546176825,17.298131319316138,30773.621815166633,11074.832397762588
builtup_m2,250,0.0,0.0,area_uniform,83005002.53968447,568602.109072845,1250906.3371449984,682304.2280721532,1.1999678108558363,713011.1967945877,682304.2280721532
builtup_m2,250,0.0,0.0,cell_center,83005002.53968447,568602.109072845,1322838.0799019735,754235.9708291285,1.3264740998920592,1126147.4420829695,682304.2280721532
builtup_m2,250,125.0,0.0,area_uniform,83005002.53968447,568602.109072845,1269243.2895954459,700641.1805226009,1.2322169920633201,731003.6953379838,700641.180522601
builtup_m2,250,125.0,0.0,cell_center,83005002.53968447,568602.109072845,1354605.54865993,786003.4395870854,1.3823435176291066,1146105.2398937107,700641.180522601
builtup_m2,250,0.0,125.0,area_uniform,83005002.53968447,568602.109072845,1280412.4842257167,711810.3751528716,1.2518602442638493,740070.0073458637,711810.3751528717
builtup_m2,250,0.0,125.0,cell_center,83005002.53968447,568602.109072845,1349173.1485495772,780571.0394767321,1.3727895606112346,1150244.3692774363,711810.3751528717
builtup_m2,250,125.0,125.0,area_uniform,83005002.53968447,568602.109072845,1297167.317561252,728565.2084884073,1.2813269540564949,751691.0046274815,728565.2084884073
builtup_m2,250,125.0,125.0,cell_center,83005002.53968447,568602.109072845,1385590.6964884007,816988.5874155555,1.4368370682756106,1173936.7334666825,728565.2084884073
builtup_m2,500,0.0,0.0,area_uniform,83005002.53968447,568602.109072845,1870736.3315621517,1302134.2224893065,2.290062245130517,1322336.8104463224,1302134.2224893065
builtup_m2,500,0.0,0.0,cell_center,83005002.53968447,568602.109072845,2473372.669702962,1904770.560630117,3.3499182121149897,2343640.995699953,1302134.2224893065
builtup_m2,500,250.0,0.0,area_uniform,83005002.53968447,568602.109072845,1896075.704423675,1327473.59535083,2.334626576597457,1348880.987817491,1327473.59535083
builtup_m2,500,250.0,0.0,cell_center,83005002.53968447,568602.109072845,2173861.98664436,1605259.8775715143,2.823169052589393,2065576.8008475897,1327473.59535083
builtup_m2,500,0.0,250.0,area_uniform,83005002.53968447,568602.109072845,1834090.579430554,1265488.4703577086,2.22561339496471,1287051.9693843974,1265488.4703577084
builtup_m2,500,0.0,250.0,cell_center,83005002.53968447,568602.109072845,2260792.2465174873,1692190.137444642,2.9760532197179232,2143857.0853780117,1265488.4703577084
builtup_m2,500,250.0,250.0,area_uniform,83005002.53968447,568602.109072845,1862334.857058486,1293732.7479856405,2.2752865797405923,1313876.548484582,1293732.7479856405
builtup_m2,500,250.0,250.0,cell_center,83005002.53968447,568602.109072845,2062823.8425628038,1494221.7334899583,2.627886371941913,1952286.0970407128,1293732.7479856405
builtup_m2,1000,0.0,0.0,area_uniform,83005002.53968447,568602.109072845,2521966.1465355917,1953364.0374627484,3.4353795145921597,1966397.6679024517,1953364.0374627481
builtup_m2,1000,0.0,0.0,cell_center,83005002.53968447,568602.109072845,2782606.9559454815,2214004.8468726384,3.8937682635099002,2670815.901991793,1953364.0374627481
builtup_m2,1000,500.0,0.0,area_uniform,83005002.53968447,568602.109072845,2491215.064789697,1922612.9557168535,3.381297615747224,1935235.026578633,1922612.9557168533
builtup_m2,1000,500.0,0.0,cell_center,83005002.53968447,568602.109072845,2947786.7872801907,2379184.678207347,4.1842698791371244,2909664.327661326,1922612.9557168533
builtup_m2,1000,0.0,500.0,area_uniform,83005002.53968447,568602.109072845,2465065.076040513,1896462.9669676668,3.335307654873131,1910023.950657776,1896462.966967667
builtup_m2,1000,0.0,500.0,cell_center,83005002.53968447,568602.109072845,3634801.8037497946,3066199.694676949,5.392522549162988,3540666.7366593946,1896462.966967667
builtup_m2,1000,500.0,500.0,area_uniform,83005002.53968447,568602.109072845,2477493.7039078744,1908891.5948350292,3.357165871135516,1921261.221355267,1908891.5948350294
builtup_m2,1000,500.0,500.0,cell_center,83005002.53968447,568602.109072845,4124944.5981263546,3556342.4890535097,6.2545362254326395,4042184.3706909837,1908891.5948350294
builtup_m2,2000,0.0,0.0,area_uniform,83005002.53968447,568602.109072845,3069369.0205301577,2500766.911457314,4.398096439591178,2503093.0655051554,2500766.9114573128
builtup_m2,2000,0.0,0.0,cell_center,83005002.53968447,568602.109072845,4860805.752146127,4292203.643073283,7.548694552104447,4769096.606390133,2500766.9114573128
builtup_m2,2000,1000.0,0.0,area_uniform,83005002.53968447,568602.109072845,3076503.1141564753,2507901.0050836275,4.410643163411718,2507901.0051079364,2507901.005083629
builtup_m2,2000,1000.0,0.0,cell_center,83005002.53968447,568602.109072845,1966744.1828120882,1398142.0737392404,2.4589111637644683,1937168.0458145672,2507901.005083629
builtup_m2,2000,0.0,1000.0,area_uniform,83005002.53968447,568602.109072845,3182028.354517525,2613426.2454446824,4.596230305417087,2613426.2454738636,2613426.2454446815
builtup_m2,2000,0.0,1000.0,cell_center,83005002.53968447,568602.109072845,8569462.686828844,8000860.577756002,14.071106051298505,8559056.71175358,2613426.2454446815
builtup_m2,2000,1000.0,1000.0,area_uniform,83005002.53968447,568602.109072845,3123781.0458716517,2555178.936798808,4.493790817915271,2556162.3996131467,2555178.936798808
builtup_m2,2000,1000.0,1000.0,cell_center,83005002.53968447,568602.109072845,6618215.13112728,6049613.022054437,10.639448791209823,6478294.255479521,2555178.936798808
